title,id,chart,90% EX bpi,avg EX,90% EX,wr EX,max EX,diff,avg money,wr money,players,mfcs,notecount,untimed
ENDYMION,756.0,CDP,105.76,525.0,2511.0,1944.0,2790.0,19.0,285278.0,870250.0,286.0,0.0,930.0,30.0
BREAKING THE FUTURE,1188.0,CDP,105.22,724.0,2443.0,1959.0,2715.0,19.0,400197.0,886950.0,51.0,0.0,905.0,38.0
EGOISM 440,640.0,CDP,104.7,369.0,2157.0,1792.0,2397.0,19.0,249550.0,908150.0,410.0,0.0,799.0,1.0
BREAKING THE FUTURE,1188.0,CSP,104.22,1071.0,2605.0,2197.0,2895.0,19.0,544822.0,911730.0,281.0,0.0,965.0,41.0
Over The &ldquo;Period&rdquo;,648.0,CDP,103.9,546.0,2116.0,1827.0,2352.0,19.0,354282.0,924670.0,333.0,0.0,784.0,25.0
PARANOiA Revolution,479.0,CDP,102.21,621.0,2022.0,1868.0,2247.0,19.0,427270.0,956880.0,506.0,0.0,749.0,14.0
Lachryma《Re:Queen&rsquo;M》,920.0,CDP,102.17,1036.0,2475.0,2281.0,2751.0,19.0,565117.0,955270.0,212.0,0.0,917.0,12.0
鳳,1234.0,CSP,102.13,941.0,2867.0,2640.0,3186.0,19.0,391287.0,948200.0,359.0,0.0,1062.0,145.0
MAX 360,815.0,CDP,102.04,860.0,2586.0,2393.0,2874.0,19.0,462551.0,957080.0,327.0,0.0,958.0,10.0
鳳,1234.0,CDP,101.77,978.0,2621.0,2449.0,2913.0,19.0,447980.0,955260.0,118.0,0.0,971.0,135.0
Pluto Relinquish,253.0,CDP,101.52,799.0,1549.0,1468.0,1722.0,18.0,668601.0,968110.0,397.0,0.0,574.0,12.0
VOLAQUAS,1150.0,CDP,100.41,1063.0,2583.0,2530.0,2871.0,19.0,554335.0,979400.0,69.0,0.0,957.0,10.0
Valkyrie dimension,395.0,CDP,100.36,1131.0,1833.0,1801.0,2037.0,19.0,751458.0,979880.0,519.0,0.0,679.0,45.0
令和,906.0,CDP,100.33,776.0,1571.0,1546.0,1746.0,18.0,645904.0,981740.0,312.0,0.0,582.0,14.0
Lachryma《Re:Queen&rsquo;M》,920.0,EDP,100.21,1179.0,2316.0,2287.0,2574.0,18.0,661992.0,982310.0,449.0,0.0,858.0,12.0
Avenger,857.0,CDP,90.96,1225.0,2205.0,2229.0,2451.0,18.0,706373.0,989220.0,221.0,0.0,817.0,11.0
Pluto The First,373.0,CDP,85.78,767.0,1441.0,1467.0,1602.0,18.0,663670.0,990340.0,391.0,0.0,534.0,53.0
Pluto The First,373.0,EDP,83.67,781.0,1420.0,1449.0,1578.0,18.0,704362.0,992250.0,482.0,0.0,526.0,5.0
量子の海のリントヴルム,1090.0,CDP,82.79,1231.0,2165.0,2211.0,2406.0,18.0,721144.0,991870.0,210.0,0.0,802.0,1.0
POSSESSION,375.0,CDP,80.0,872.0,1755.0,1802.0,1950.0,19.0,650745.0,993200.0,628.0,0.0,650.0,10.0
DEAD END (&quot;GROOVE RADAR&quot; Special),235.0,CDP,79.6,809.0,1431.0,1468.0,1590.0,18.0,686228.0,991690.0,550.0,0.0,530.0,75.0
令和,906.0,CSP,79.52,1020.0,1674.0,1715.0,1860.0,18.0,753157.0,992730.0,855.0,0.0,620.0,15.0
POSSESSION (20th Anniversary Mix),813.0,CDP,78.2,910.0,2027.0,2088.0,2253.0,18.0,537626.0,991870.0,369.0,0.0,751.0,129.0
Prey,809.0,CDP,58.23,631.0,1166.0,1232.0,1296.0,18.0,688747.0,999360.0,415.0,0.0,432.0,19.0
Neutrino,752.0,CDP,56.7,878.0,1582.0,1674.0,1758.0,18.0,703046.0,995800.0,422.0,0.0,586.0,21.0
Healing-D-Vision,169.0,CDP,53.58,912.0,1401.0,1482.0,1557.0,18.0,790107.0,997730.0,548.0,0.0,519.0,2.0
Trigger,326.0,CDP,53.07,898.0,1552.0,1649.0,1725.0,18.0,717376.0,995130.0,489.0,0.0,575.0,39.0
EGOISM 440,640.0,EDP,49.14,896.0,1563.0,1670.0,1737.0,17.0,725208.0,999330.0,847.0,0.0,579.0,6.0
New Decade,369.0,CDP,48.36,856.0,1485.0,1588.0,1650.0,18.0,718659.0,997950.0,492.0,0.0,550.0,31.0
ENDYMION,756.0,CSP,48.11,925.0,2573.0,2773.0,2859.0,19.0,487843.0,991360.0,1183.0,0.0,953.0,28.0
MAX.(period),641.0,CDP,45.11,762.0,1468.0,1581.0,1632.0,18.0,675696.0,998770.0,444.0,0.0,544.0,4.0
Prey,809.0,EDP,44.67,874.0,1601.0,1723.0,1779.0,18.0,695625.0,998780.0,611.0,0.0,593.0,18.0
ENDYMION,756.0,EDP,44.58,936.0,2070.0,2236.0,2301.0,18.0,595891.0,995770.0,532.0,0.0,767.0,26.0
New Millennium,1227.0,CSP,42.77,1285.0,2249.0,2424.0,2499.0,18.0,715160.0,992670.0,498.0,0.0,833.0,33.0
PARANOiA ～HADES～,251.0,CDP,42.02,932.0,1765.0,1908.0,1962.0,18.0,685001.0,998860.0,543.0,0.0,654.0,1.0
Valkyrie dimension,395.0,EDP,41.32,1148.0,1628.0,1745.0,1809.0,18.0,827025.0,998060.0,628.0,0.0,603.0,12.0
鳳,1234.0,EDP,41.28,888.0,2092.0,2271.0,2325.0,18.0,559250.0,992380.0,154.0,0.0,775.0,23.0
Pluto Relinquish,253.0,EDP,41.16,917.0,1441.0,1552.0,1602.0,18.0,778164.0,999500.0,620.0,0.0,534.0,3.0
Fascination MAXX,160.0,CDP,40.7,1123.0,1773.0,1911.0,1971.0,18.0,775363.0,998210.0,479.0,0.0,657.0,3.0
First Time,820.0,CDP,40.12,1041.0,1517.0,1631.0,1686.0,18.0,814186.0,999450.0,511.0,0.0,562.0,10.0
ドーパミン,661.0,EDP,40.1,1103.0,1887.0,2040.0,2097.0,17.0,735124.0,997750.0,758.0,0.0,699.0,3.0
CHAOS Terror-Tech Mix,814.0,CDP,39.25,1025.0,1795.0,1944.0,1995.0,18.0,716682.0,999490.0,488.0,0.0,665.0,25.0
Come To m1dy,1225.0,CDP,38.1,1082.0,1765.0,1911.0,1962.0,17.0,758365.0,999490.0,174.0,0.0,654.0,5.0
VOLAQUAS,1150.0,CSP,38.06,1267.0,2762.0,3007.0,3069.0,19.0,603468.0,993670.0,279.0,0.0,1023.0,30.0
ORCA,837.0,EDP,37.31,1017.0,1854.0,2015.0,2061.0,17.0,701995.0,999540.0,514.0,0.0,687.0,6.0
Tohoku EVOLVED,471.0,CDP,37.22,967.0,1900.0,2068.0,2112.0,18.0,656188.0,996770.0,463.0,0.0,704.0,27.0
BREAKING THE FUTURE,1188.0,EDP,37.17,1190.0,2084.0,2263.0,2316.0,17.0,714495.0,997440.0,162.0,0.0,772.0,33.0
Cosy Catastrophe,755.0,CDP,37.0,1019.0,1752.0,1902.0,1947.0,18.0,730696.0,999550.0,451.0,0.0,649.0,11.0
シュレーディンガーの猫,817.0,CDP,36.59,1135.0,2011.0,2186.0,2235.0,18.0,715867.0,999510.0,596.0,0.0,745.0,7.0
SISYPHUS,1226.0,CDP,36.41,1178.0,1852.0,2007.0,2058.0,18.0,770401.0,999490.0,176.0,0.0,686.0,33.0
EGOISM 440,640.0,CSP,35.85,1036.0,2189.0,2389.0,2433.0,19.0,627358.0,999560.0,1754.0,0.0,811.0,6.0
Anti-Matter,341.0,CDP,35.62,1268.0,1779.0,1921.0,1977.0,18.0,828017.0,999440.0,583.0,0.0,659.0,36.0
Lachryma《Re:Queen&rsquo;M》,920.0,CSP,35.61,1080.0,2600.0,2842.0,2889.0,19.0,561083.0,993860.0,896.0,0.0,963.0,13.0
Blew My Mind,560.0,CDP,35.46,1010.0,1911.0,2083.0,2124.0,18.0,667785.0,999040.0,420.0,0.0,708.0,48.0
VOLAQUAS,1150.0,EDP,35.4,1338.0,2316.0,2520.0,2574.0,18.0,725960.0,998100.0,237.0,0.0,858.0,12.0
New Millennium,1227.0,CDP,35.18,1233.0,2122.0,2309.0,2358.0,18.0,723874.0,998520.0,164.0,0.0,786.0,33.0
IX,583.0,CDP,35.06,1165.0,2030.0,2210.0,2256.0,18.0,711617.0,999540.0,615.0,0.0,752.0,52.0
888,336.0,CDP,35.05,966.0,1836.0,2002.0,2040.0,18.0,679046.0,995580.0,447.0,0.0,680.0,12.0
The legend of MAX(X-Special),320.0,CDP,34.71,945.0,1379.0,1494.0,1533.0,17.0,813939.0,999610.0,679.0,0.0,511.0,7.0
Over The &ldquo;Period&rdquo;,648.0,EDP,34.7,1057.0,2035.0,2221.0,2262.0,18.0,661735.0,992830.0,541.0,0.0,754.0,41.0
SABER WING (Akira Ishihara Headshot mix),311.0,CDP,34.62,881.0,1363.0,1480.0,1515.0,17.0,779738.0,999650.0,708.0,0.0,505.0,25.0
Tohoku EVOLVED,471.0,EDP,34.53,1091.0,1711.0,1859.0,1902.0,17.0,777799.0,999570.0,667.0,0.0,634.0,8.0
Valkyrie dimension,395.0,CSP,34.5,953.0,2041.0,2231.0,2268.0,19.0,605181.0,996000.0,1558.0,0.0,756.0,44.0
Fascination ～eternal love mix～,159.0,EDP,34.48,957.0,1584.0,1724.0,1761.0,17.0,751934.0,999630.0,683.0,0.0,587.0,3.0
Evans,994.0,EDP,34.15,1147.0,1709.0,1854.0,1899.0,17.0,803149.0,999550.0,385.0,0.0,633.0,8.0
最速最高シャッターガール,1142.0,CDP,34.12,1270.0,1900.0,2062.0,2112.0,18.0,797105.0,995600.0,236.0,0.0,704.0,28.0
Avenger,857.0,EDP,33.8,1022.0,1660.0,1807.0,1845.0,17.0,762213.0,999620.0,544.0,0.0,615.0,1.0
NGO,250.0,CDP,33.52,789.0,1169.0,1269.0,1299.0,17.0,805902.0,999700.0,586.0,0.0,433.0,10.0
&Delta;MAX,402.0,EDP,33.28,1077.0,1584.0,1720.0,1761.0,17.0,808543.0,999590.0,722.0,0.0,587.0,14.0
Over The &ldquo;Period&rdquo;,648.0,CSP,33.13,1022.0,2184.0,2391.0,2427.0,19.0,613707.0,994320.0,1320.0,0.0,809.0,28.0
Ambivalent Vermilia,1251.0,EDP,33.11,1434.0,2154.0,2341.0,2394.0,18.0,795139.0,996040.0,102.0,0.0,798.0,27.0
New Century,700.0,CDP,33.07,1159.0,1895.0,2065.0,2106.0,18.0,728929.0,999590.0,486.0,0.0,702.0,104.0
Puberty Dysthymia,806.0,EDP,32.95,941.0,1568.0,1710.0,1743.0,17.0,738419.0,999670.0,569.0,0.0,581.0,36.0
Eon Break,1166.0,CDP,32.92,781.0,1674.0,1833.0,1860.0,18.0,611791.0,995920.0,130.0,0.0,620.0,24.0
Neutrino,752.0,EDP,32.82,921.0,1404.0,1527.0,1560.0,16.0,788351.0,999670.0,684.0,0.0,520.0,23.0
Electronic Sports Complex,1223.0,EDP,32.73,1247.0,1671.0,1807.0,1857.0,17.0,854528.0,998870.0,235.0,0.0,619.0,14.0
ｍｅｍｏｒｙ／／ＤＡＴＡＭＯＳＨＥＲ,1224.0,EDP,31.88,1159.0,1628.0,1767.0,1809.0,16.0,833385.0,999580.0,226.0,0.0,603.0,4.0
HyperTwist,938.0,CDP,31.66,1129.0,1787.0,1949.0,1986.0,18.0,771490.0,998450.0,434.0,0.0,662.0,15.0
MAX 300(X-Special),297.0,CDP,31.17,976.0,1458.0,1588.0,1620.0,18.0,797398.0,999680.0,638.0,0.0,540.0,28.0
Spanish Snowy Dance,545.0,CDP,31.03,1385.0,2022.0,2201.0,2247.0,18.0,809458.0,999540.0,574.0,0.0,749.0,28.0
Come to Life,734.0,CDP,30.98,1234.0,1998.0,2182.0,2220.0,18.0,750398.0,999620.0,657.0,0.0,740.0,54.0
SWEET HOME PARTY,899.0,EDP,30.81,878.0,1231.0,1338.0,1368.0,16.0,833608.0,999700.0,475.0,0.0,456.0,10.0
Trigger,326.0,EDP,30.62,1010.0,1395.0,1516.0,1551.0,16.0,835850.0,999650.0,512.0,0.0,517.0,31.0
鳳,1234.0,ESP,30.32,1102.0,2235.0,2453.0,2484.0,18.0,639933.0,999690.0,515.0,0.0,828.0,29.0
患部で止まってすぐ溶ける～狂気の優曇華院,1069.0,CDP,30.01,1481.0,2084.0,2268.0,2316.0,18.0,830355.0,999520.0,302.0,0.0,772.0,12.0
PARANOiA Revolution,479.0,CSP,30.01,1057.0,2081.0,2284.0,2313.0,19.0,658576.0,999710.0,1774.0,0.0,771.0,18.0
London EVOLVED ver.A,468.0,CDP,29.93,1151.0,1595.0,1735.0,1773.0,17.0,840332.0,999620.0,582.0,0.0,591.0,2.0
嘆きの樹,614.0,CDP,29.67,1065.0,1881.0,2062.0,2091.0,18.0,710147.0,999710.0,584.0,0.0,697.0,31.0
DEADLOCK -Out Of Reach-,966.0,EDP,29.66,1239.0,1836.0,2003.0,2040.0,17.0,802011.0,999630.0,402.0,0.0,680.0,28.0
London EVOLVED ver.B,469.0,CDP,29.5,1327.0,1827.0,1988.0,2031.0,17.0,837773.0,999570.0,500.0,0.0,677.0,33.0
Aria,1196.0,EDP,29.05,1414.0,1871.0,2032.0,2079.0,17.0,858234.0,999530.0,104.0,0.0,693.0,32.0
量子の海のリントヴルム,1090.0,CSP,28.92,1293.0,2265.0,2484.0,2517.0,18.0,721953.0,998740.0,744.0,0.0,839.0,5.0
TAKE ME HIGHER,1156.0,EDP,28.88,819.0,1112.0,1210.0,1236.0,16.0,849654.0,999740.0,249.0,0.0,412.0,9.0
SISYPHUS,1226.0,CSP,28.88,1187.0,1881.0,2059.0,2091.0,18.0,766821.0,996300.0,527.0,0.0,697.0,31.0
Emera,743.0,CDP,28.85,1118.0,1636.0,1786.0,1818.0,18.0,802696.0,999680.0,674.0,0.0,606.0,52.0
Eon Break,1166.0,EDP,28.56,1037.0,1660.0,1818.0,1845.0,16.0,767765.0,999730.0,287.0,0.0,615.0,5.0
Pursuer,797.0,EDP,28.51,903.0,1482.0,1624.0,1647.0,17.0,751006.0,999770.0,510.0,0.0,549.0,21.0
bag,104.0,CDP,28.49,777.0,972.0,1052.0,1080.0,13.0,892136.0,999720.0,390.0,0.0,360.0,0.0
冥,404.0,CDP,28.45,1305.0,1884.0,2057.0,2094.0,18.0,817506.0,999630.0,750.0,0.0,698.0,14.0
MAX 360,815.0,EDP,28.35,1382.0,2230.0,2443.0,2478.0,18.0,763365.0,999650.0,792.0,0.0,826.0,3.0
ウサテイ,1068.0,CDP,28.26,1197.0,1582.0,1720.0,1758.0,17.0,863310.0,999620.0,358.0,0.0,586.0,3.0
JOMANDA,613.0,CDP,28.21,1215.0,1701.0,1855.0,1890.0,17.0,834068.0,999650.0,653.0,0.0,630.0,8.0
東京神話,945.0,EDP,28.16,1275.0,1814.0,1980.0,2016.0,17.0,825144.0,999640.0,495.0,0.0,672.0,13.0
Triple Counter,742.0,EDP,27.97,1129.0,1906.0,2091.0,2118.0,17.0,739714.0,999730.0,784.0,0.0,706.0,11.0
Idola,599.0,CDP,27.93,1394.0,1933.0,2108.0,2148.0,17.0,829675.0,999600.0,622.0,0.0,716.0,63.0
TRIP MACHINE EVOLUTION,480.0,EDP,27.84,1034.0,1549.0,1695.0,1722.0,17.0,798744.0,999730.0,709.0,0.0,574.0,16.0
MAX.(period),641.0,EDP,27.76,1008.0,1385.0,1510.0,1539.0,16.0,844942.0,999710.0,660.0,0.0,513.0,3.0
Come To m1dy,1225.0,EDP,27.22,1217.0,1663.0,1814.0,1848.0,16.0,846210.0,999660.0,245.0,0.0,616.0,7.0
Poochie,697.0,EDP,27.14,994.0,1719.0,1889.0,1911.0,15.0,719547.0,999780.0,783.0,0.0,637.0,35.0
New Decade,369.0,EDP,26.94,1056.0,1439.0,1570.0,1599.0,17.0,845178.0,999710.0,710.0,0.0,533.0,21.0
伐折羅-vajra-,1182.0,CDP,26.73,1280.0,2227.0,2448.0,2475.0,18.0,724656.0,997360.0,150.0,0.0,825.0,7.0
Pluto,252.0,CDP,26.6,964.0,1433.0,1570.0,1593.0,17.0,805349.0,999770.0,646.0,0.0,531.0,6.0
SISYPHUS,1226.0,EDP,26.51,1335.0,1736.0,1890.0,1929.0,17.0,867332.0,999610.0,239.0,0.0,643.0,29.0
Remain,632.0,EDP,26.32,874.0,1166.0,1272.0,1296.0,16.0,858985.0,999760.0,643.0,0.0,432.0,5.0
Fascination MAXX,160.0,EDP,26.21,1045.0,1703.0,1871.0,1893.0,17.0,759767.0,999780.0,736.0,0.0,631.0,3.0
The History of the Future,905.0,EDP,26.13,1321.0,1709.0,1861.0,1899.0,17.0,873735.0,999620.0,461.0,0.0,633.0,2.0
鳳,1234.0,DDP,26.11,1230.0,1644.0,1794.0,1827.0,16.0,846118.0,999670.0,200.0,0.0,609.0,70.0
IX,583.0,EDP,26.0,1320.0,1949.0,2136.0,2166.0,17.0,804943.0,999700.0,775.0,0.0,722.0,22.0
TRIP MACHINE EVOLUTION,480.0,CDP,25.94,1249.0,1763.0,1929.0,1959.0,18.0,828874.0,999700.0,555.0,0.0,653.0,15.0
Fascination ～eternal love mix～,159.0,CDP,25.81,891.0,1574.0,1732.0,1749.0,17.0,720145.0,999830.0,634.0,0.0,583.0,2.0
世界の果てに約束の凱歌を -DDR Extended Megamix-,986.0,EDP,25.72,1598.0,2084.0,2272.0,2316.0,17.0,866577.0,999560.0,394.0,0.0,772.0,23.0
Pursuer,797.0,DDP,25.4,731.0,1123.0,1233.0,1248.0,14.0,785810.0,999850.0,526.0,0.0,416.0,16.0
ホーンテッド★メイドランチ,897.0,CDP,25.36,1065.0,1811.0,1993.0,2013.0,17.0,737639.0,999220.0,530.0,0.0,671.0,5.0
ENDYMION,756.0,DDP,25.36,1037.0,1614.0,1773.0,1794.0,15.0,779115.0,999790.0,850.0,0.0,598.0,18.0
MEGALOVANIA,1071.0,CDP,25.19,1713.0,2289.0,2501.0,2544.0,18.0,783684.0,999570.0,345.0,0.0,848.0,381.0
RЁVOLUTIФN,553.0,CDP,25.18,1381.0,2054.0,2254.0,2283.0,17.0,801925.0,999710.0,701.0,0.0,761.0,17.0
Battle Against a True Hero,1211.0,CDP,24.82,1346.0,1960.0,2150.0,2178.0,18.0,779119.0,994860.0,69.0,0.0,726.0,169.0
Spanish Snowy Dance,545.0,EDP,24.75,1251.0,1741.0,1907.0,1935.0,16.0,830754.0,999720.0,688.0,0.0,645.0,44.0
Battle Against a True Hero,1211.0,CSP,24.67,1207.0,1941.0,2135.0,2157.0,18.0,722513.0,999780.0,305.0,0.0,719.0,152.0
DDR MEGAMIX,810.0,CDP,24.45,1428.0,1992.0,2183.0,2214.0,17.0,832937.0,999690.0,577.0,0.0,738.0,24.0
HAPPY☆LUCKY☆YEAPPY,639.0,EDP,24.14,1008.0,1417.0,1554.0,1575.0,16.0,832358.0,999790.0,599.0,0.0,525.0,8.0
out of focus,751.0,CDP,24.06,1122.0,1522.0,1667.0,1692.0,16.0,850845.0,999750.0,511.0,0.0,564.0,2.0
Monkey Business,525.0,CDP,24.02,1305.0,1873.0,2056.0,2082.0,16.0,812254.0,999740.0,723.0,0.0,694.0,59.0
out of focus,751.0,EDP,23.93,808.0,1120.0,1228.0,1245.0,15.0,831940.0,999830.0,819.0,0.0,415.0,36.0
PARANOiA Revolution,479.0,EDP,23.86,1214.0,1825.0,2006.0,2028.0,18.0,796469.0,999780.0,876.0,0.0,676.0,18.0
新蛇姫,1147.0,EDP,23.78,1375.0,1728.0,1884.0,1920.0,17.0,887074.0,999640.0,264.0,0.0,640.0,9.0
We're so Happy,991.0,EDP,23.78,1267.0,1895.0,2083.0,2106.0,16.0,801267.0,999770.0,460.0,0.0,702.0,6.0
S!ck,730.0,EDP,23.72,1146.0,1846.0,2033.0,2052.0,16.0,748852.0,999810.0,842.0,0.0,684.0,66.0
び,926.0,CDP,23.72,1437.0,2203.0,2423.0,2448.0,18.0,787078.0,996870.0,494.0,0.0,816.0,14.0
&Delta;MAX,402.0,CDP,23.55,1073.0,1768.0,1948.0,1965.0,18.0,737524.0,998030.0,482.0,0.0,655.0,60.0
PARANOiA ～HADES～,251.0,EDP,23.55,966.0,1401.0,1539.0,1557.0,17.0,818860.0,999820.0,742.0,0.0,519.0,1.0
Catch Our Fire!,819.0,EDP,23.4,1369.0,1906.0,2091.0,2118.0,18.0,829055.0,999730.0,521.0,0.0,706.0,55.0
Boss Rush,787.0,EDP,23.37,1139.0,1841.0,2028.0,2046.0,16.0,761601.0,999820.0,721.0,0.0,682.0,11.0
Illegal Function Call,731.0,EDP,23.25,1075.0,1817.0,2003.0,2019.0,16.0,740254.0,999840.0,840.0,0.0,673.0,7.0
Lose Your Sense,1158.0,EDP,23.25,1410.0,1860.0,2036.0,2067.0,17.0,861874.0,999690.0,229.0,0.0,689.0,17.0
New York EVOLVED (Type A),465.0,EDP,23.15,1241.0,1695.0,1859.0,1884.0,16.0,842522.0,999750.0,526.0,0.0,628.0,30.0
"Reach The Sky, Without you",771.0,EDP,23.11,1111.0,1657.0,1823.0,1842.0,17.0,798315.0,999810.0,635.0,0.0,614.0,27.0
Concertino in Blue,1106.0,EDP,22.98,967.0,1358.0,1491.0,1509.0,16.0,832302.0,999820.0,257.0,0.0,503.0,12.0
Blew My Mind,560.0,EDP,22.97,1137.0,1601.0,1758.0,1779.0,16.0,830230.0,999790.0,625.0,0.0,593.0,14.0
伐折羅-vajra-,1182.0,CSP,22.88,1492.0,2430.0,2678.0,2700.0,18.0,757184.0,999350.0,538.0,0.0,900.0,9.0
トランスダンスアナーキー,1228.0,CDP,22.8,1776.0,2554.0,2807.0,2838.0,18.0,813541.0,998870.0,90.0,0.0,946.0,51.0
ROCK THE PARTY,1219.0,EDP,22.73,1482.0,2011.0,2206.0,2235.0,16.0,845454.0,999710.0,195.0,0.0,745.0,31.0
Astrogazer,728.0,CDP,22.7,1159.0,1992.0,2198.0,2214.0,18.0,722691.0,999310.0,635.0,0.0,738.0,39.0
トランスダンスアナーキー,1228.0,CSP,22.68,1748.0,2637.0,2903.0,2931.0,18.0,788172.0,998930.0,375.0,0.0,977.0,57.0
London EVOLVED ver.C,470.0,CDP,22.6,1414.0,1871.0,2050.0,2079.0,17.0,862309.0,999710.0,620.0,0.0,693.0,2.0
RISING FIRE HAWK,708.0,CDP,22.51,1172.0,1795.0,1977.0,1995.0,17.0,790086.0,999820.0,674.0,0.0,665.0,5.0
Healing-D-Vision,169.0,EDP,22.46,886.0,1201.0,1318.0,1335.0,15.0,851523.0,999830.0,698.0,0.0,445.0,2.0
chaos eater,635.0,EDP,22.4,1211.0,1566.0,1714.0,1740.0,16.0,874274.0,999740.0,565.0,0.0,580.0,3.0
CHAOS,155.0,CDP,22.4,729.0,990.0,1087.0,1101.0,15.0,849554.0,999860.0,630.0,0.0,367.0,7.0
New Millennium,1227.0,EDP,22.3,1498.0,1979.0,2169.0,2199.0,17.0,858848.0,999700.0,238.0,0.0,733.0,33.0
VOLAQUAS,1150.0,ESP,22.3,1596.0,2440.0,2688.0,2712.0,18.0,787530.0,999760.0,785.0,0.0,904.0,17.0
MAX 360,815.0,CSP,22.21,1232.0,2727.0,3016.0,3030.0,19.0,602449.0,999480.0,1405.0,0.0,1010.0,10.0
Electronic or Treat!,625.0,EDP,22.1,1061.0,1360.0,1489.0,1512.0,15.0,874747.0,999770.0,566.0,0.0,504.0,24.0
BREAKING THE FUTURE,1188.0,ESP,22.05,1460.0,2189.0,2411.0,2433.0,17.0,794639.0,999780.0,617.0,0.0,811.0,35.0
Eon Break,1166.0,CSP,21.98,879.0,1784.0,1973.0,1983.0,18.0,641211.0,999900.0,588.0,0.0,661.0,22.0
snow prism,488.0,CDP,21.86,1109.0,1474.0,1617.0,1638.0,16.0,859152.0,999790.0,612.0,0.0,546.0,13.0
MAXX UNLIMITED(X-Special),298.0,CDP,21.79,1026.0,1719.0,1898.0,1911.0,18.0,734259.0,998640.0,500.0,0.0,637.0,41.0
Cosy Catastrophe,755.0,EDP,21.77,1001.0,1474.0,1623.0,1638.0,16.0,809414.0,999850.0,707.0,0.0,546.0,9.0
Magnetic,548.0,CDP,21.76,1421.0,1906.0,2092.0,2118.0,17.0,843590.0,999740.0,749.0,0.0,706.0,84.0
Glitter Flatter Scatter,1092.0,EDP,21.7,1467.0,1933.0,2120.0,2148.0,17.0,863610.0,999720.0,253.0,0.0,716.0,8.0
PARANOIA survivor MAX,127.0,EDP,21.43,1024.0,1447.0,1592.0,1608.0,15.0,831064.0,999840.0,634.0,0.0,536.0,3.0
Deep tenDon Reflex,1063.0,CDP,21.39,1308.0,1787.0,1964.0,1986.0,17.0,833945.0,999780.0,338.0,0.0,662.0,78.0
DDR MEGAMIX,810.0,EDP,21.39,1218.0,1576.0,1728.0,1752.0,16.0,873759.0,999760.0,629.0,0.0,584.0,2.0
量子の海のリントヴルム,1090.0,EDP,21.36,1469.0,1914.0,2099.0,2127.0,17.0,869440.0,999720.0,336.0,0.0,709.0,4.0
POSSESSION (20th Anniversary Mix),813.0,EDP,21.29,1068.0,1736.0,1916.0,1929.0,17.0,758717.0,999870.0,646.0,0.0,643.0,13.0
[ ]DENTITY,1258.0,EDP,21.26,1762.0,2127.0,2320.0,2364.0,17.0,902936.0,999560.0,65.0,0.0,788.0,41.0
POSSESSION,375.0,EDP,21.19,1012.0,1663.0,1836.0,1848.0,17.0,753928.0,999880.0,1038.0,0.0,616.0,10.0
Megalara Garuda,1088.0,CDP,21.15,1571.0,2035.0,2232.0,2262.0,18.0,864630.0,999700.0,260.0,0.0,754.0,63.0
Cytokinesis,729.0,EDP,21.13,891.0,1282.0,1412.0,1425.0,14.0,821009.0,999870.0,778.0,0.0,475.0,7.0
Splash Gold,878.0,EDP,21.09,1300.0,1817.0,1999.0,2019.0,16.0,828598.0,999800.0,621.0,0.0,673.0,45.0
ORCA,837.0,DDP,20.97,802.0,1247.0,1376.0,1386.0,14.0,780355.0,999900.0,660.0,0.0,462.0,14.0
Valanga,1181.0,CDP,20.96,1641.0,2030.0,2220.0,2256.0,17.0,887567.0,999640.0,171.0,0.0,752.0,68.0
New Generation,559.0,CDP,20.82,1200.0,1584.0,1740.0,1761.0,17.0,861664.0,999790.0,535.0,0.0,587.0,15.0
最小三倍完全数,887.0,DDP,20.81,868.0,1177.0,1294.0,1308.0,15.0,851818.0,999860.0,528.0,0.0,436.0,3.0
Triple Journey -TAG EDITION-,558.0,CDP,20.78,1278.0,1954.0,2156.0,2172.0,18.0,789028.0,998760.0,537.0,0.0,724.0,12.0
未完成ノ蒸氣驅動乙女 (DDR Edition),898.0,EDP,20.77,1352.0,1827.0,2009.0,2031.0,17.0,847673.0,999780.0,573.0,0.0,677.0,30.0
&AElig;THER,587.0,EDP,20.74,1304.0,1879.0,2070.0,2088.0,17.0,819428.0,999820.0,755.0,0.0,696.0,8.0
mathematical good-bye,1218.0,EDP,20.62,1459.0,2100.0,2314.0,2334.0,17.0,807964.0,999800.0,162.0,0.0,778.0,78.0
SABER WING (Akira Ishihara Headshot mix),311.0,EDP,20.58,912.0,1215.0,1335.0,1350.0,15.0,854709.0,999850.0,865.0,0.0,450.0,29.0
DDR TAGMIX -LAST DanceR-,1046.0,EDP,20.57,1206.0,1711.0,1885.0,1902.0,17.0,825348.0,999830.0,319.0,0.0,634.0,18.0
Valanga,1181.0,CSP,20.48,1656.0,2076.0,2274.0,2307.0,17.0,880586.0,999670.0,632.0,0.0,769.0,72.0
Healing-D-Vision,169.0,DDP,20.34,677.0,936.0,1031.0,1041.0,13.0,842359.0,999900.0,411.0,0.0,347.0,2.0
鳳,1234.0,DSP,20.21,1162.0,1679.0,1851.0,1866.0,16.0,804908.0,999850.0,613.0,0.0,622.0,72.0
osaka EVOLVED -毎度、おおきに！- (TYPE3),461.0,EDP,19.89,1029.0,1368.0,1505.0,1521.0,15.0,852096.0,999840.0,455.0,0.0,507.0,47.0
タイガーランペイジ,855.0,CDP,19.85,1317.0,1757.0,1933.0,1953.0,17.0,856748.0,999800.0,609.0,0.0,651.0,13.0
Rise As One,1197.0,ESP,19.74,1422.0,1876.0,2063.0,2085.0,17.0,858665.0,999780.0,380.0,0.0,695.0,38.0
STULTI,529.0,EDP,19.72,1104.0,1460.0,1606.0,1623.0,16.0,860373.0,999830.0,611.0,0.0,541.0,18.0
&dagger;渚の小悪魔ラヴリィ～レイディオ&dagger;,557.0,EDP,19.66,1252.0,1655.0,1820.0,1839.0,16.0,860074.0,999810.0,838.0,0.0,613.0,23.0
GERBERA,1078.0,EDP,19.64,1528.0,2052.0,2258.0,2280.0,16.0,850868.0,999780.0,321.0,0.0,760.0,32.0
Avenger,857.0,CSP,19.62,1460.0,2286.0,2526.0,2541.0,18.0,774776.0,999850.0,817.0,0.0,847.0,22.0
伐折羅-vajra-,1182.0,EDP,19.54,1358.0,1668.0,1827.0,1854.0,16.0,897785.0,999730.0,210.0,0.0,618.0,13.0
PARANOiA ～HADES～,251.0,DDP,19.48,938.0,1239.0,1363.0,1377.0,15.0,864462.0,999860.0,729.0,0.0,459.0,1.0
Anti-Matter,341.0,EDP,19.35,1158.0,1533.0,1687.0,1704.0,17.0,855667.0,999830.0,808.0,0.0,568.0,43.0
Let's DANCE aROUND!!,1066.0,CDP,19.34,1285.0,1611.0,1768.0,1791.0,16.0,887235.0,999770.0,324.0,0.0,597.0,15.0
バンブーソード・ガール,597.0,CDP,19.31,1396.0,1830.0,2013.0,2034.0,17.0,859338.0,999220.0,419.0,0.0,678.0,55.0
ｍｅｍｏｒｙ／／ＤＡＴＡＭＯＳＨＥＲ,1224.0,ESP,19.26,1335.0,1682.0,1846.0,1869.0,16.0,886412.0,999770.0,756.0,0.0,623.0,5.0
Rise As One,1197.0,EDP,19.26,1108.0,1809.0,2000.0,2010.0,17.0,754795.0,999320.0,90.0,0.0,670.0,18.0
嘆きの樹,614.0,EDP,19.23,1227.0,1717.0,1893.0,1908.0,16.0,831344.0,999850.0,904.0,0.0,636.0,25.0
roppongi EVOLVED ver.D,381.0,EDP,19.19,1043.0,1414.0,1558.0,1572.0,16.0,848140.0,999860.0,488.0,0.0,524.0,18.0
Drive Away,1198.0,EDP,19.18,1265.0,1652.0,1817.0,1836.0,17.0,867749.0,999810.0,86.0,0.0,612.0,12.0
バンブーソード・ガール,597.0,EDP,19.17,1203.0,1571.0,1728.0,1746.0,15.0,868140.0,999820.0,795.0,0.0,582.0,9.0
PARANOIA survivor MAX,127.0,DDP,19.02,801.0,1020.0,1121.0,1134.0,11.0,882060.0,999870.0,272.0,0.0,378.0,3.0
Valkyrie dimension,395.0,DDP,19.0,981.0,1266.0,1392.0,1407.0,14.0,871190.0,999850.0,745.0,0.0,469.0,25.0
Metamorphic,1256.0,EDP,18.94,1296.0,1611.0,1768.0,1791.0,16.0,893122.0,999770.0,67.0,0.0,597.0,1.0
Last Card,941.0,EDP,18.93,1278.0,1836.0,2026.0,2040.0,15.0,821743.0,999860.0,598.0,0.0,680.0,5.0
DDR TAGMIX -LAST DanceR-,1046.0,DDP,18.9,1068.0,1382.0,1520.0,1536.0,14.0,865301.0,999840.0,373.0,0.0,512.0,50.0
New Century,700.0,EDP,18.87,1095.0,1633.0,1804.0,1815.0,17.0,796539.0,999890.0,835.0,0.0,605.0,35.0
打打打打打打打打打打,693.0,CDP,18.86,1092.0,1630.0,1801.0,1812.0,16.0,800908.0,999890.0,1007.0,0.0,604.0,15.0
JOMANDA,613.0,EDP,18.84,1037.0,1350.0,1485.0,1500.0,15.0,868269.0,999850.0,663.0,0.0,500.0,19.0
White Stream,1257.0,EDP,18.8,1523.0,1857.0,2035.0,2064.0,16.0,901047.0,999710.0,60.0,0.0,688.0,11.0
VANESSA,396.0,EDP,18.78,1046.0,1368.0,1506.0,1521.0,16.0,867959.0,999850.0,722.0,0.0,507.0,6.0
Be a Hero!,765.0,EDP,18.76,1618.0,2143.0,2360.0,2382.0,17.0,854871.0,999780.0,656.0,0.0,794.0,52.0
MAX 300 (Super-Max-Me Mix),181.0,CDP,18.73,1581.0,2025.0,2226.0,2250.0,17.0,852820.0,999760.0,766.0,0.0,750.0,188.0
Pluto The First,373.0,CSP,18.69,922.0,1458.0,1612.0,1620.0,18.0,757550.0,999920.0,1533.0,0.0,540.0,59.0
Riot of Color,947.0,EDP,18.6,1092.0,1431.0,1575.0,1590.0,16.0,863344.0,999850.0,502.0,0.0,530.0,29.0
SISYPHUS,1226.0,ESP,18.59,1326.0,1776.0,1957.0,1974.0,17.0,852420.0,999830.0,753.0,0.0,658.0,28.0
Tribe,433.0,CDP,18.51,973.0,1236.0,1359.0,1374.0,14.0,873738.0,999850.0,890.0,0.0,458.0,50.0
tokyoEVOLVED (TYPE3),464.0,EDP,18.51,1054.0,1255.0,1373.0,1395.0,16.0,914037.0,999780.0,438.0,0.0,465.0,7.0
Pluto The First,373.0,DDP,18.51,717.0,1058.0,1169.0,1176.0,15.0,810544.0,999930.0,604.0,0.0,392.0,2.0
Pluto,252.0,DDP,18.34,624.0,804.0,885.0,894.0,13.0,877254.0,999910.0,414.0,0.0,298.0,2.0
Go For The Top,485.0,CDP,18.32,1243.0,1719.0,1897.0,1911.0,18.0,837529.0,999860.0,751.0,0.0,637.0,22.0
三毛猫ロック,142.0,EDP,18.29,739.0,880.0,963.0,978.0,13.0,912415.0,999850.0,513.0,0.0,326.0,15.0
DEAD END (&quot;GROOVE RADAR&quot; Special),235.0,CSP,18.23,995.0,1495.0,1653.0,1662.0,18.0,780839.0,999910.0,2009.0,0.0,554.0,75.0
Stella Sinistra,567.0,EDP,18.22,891.0,1163.0,1281.0,1293.0,14.0,867694.0,999880.0,485.0,0.0,431.0,14.0
Chromatic Burst,1199.0,EDP,18.19,1322.0,1771.0,1952.0,1968.0,17.0,853346.0,999840.0,110.0,0.0,656.0,23.0
Over The &ldquo;Period&rdquo;,648.0,ESP,18.11,1283.0,2049.0,2267.0,2277.0,18.0,760956.0,999900.0,1881.0,0.0,759.0,41.0
恋する☆宇宙戦争っ!!,747.0,CDP,18.08,1272.0,2014.0,2228.0,2238.0,17.0,768838.0,999900.0,883.0,0.0,746.0,26.0
chaplet,1173.0,EDP,18.03,1235.0,1549.0,1703.0,1722.0,17.0,882677.0,999810.0,237.0,0.0,574.0,44.0
TYPH&Oslash;N,1041.0,EDP,17.94,1454.0,1846.0,2031.0,2052.0,17.0,881505.0,999790.0,349.0,0.0,684.0,11.0
Death by Glamour,1212.0,CDP,17.88,1718.0,2089.0,2292.0,2322.0,17.0,878442.0,999200.0,85.0,0.0,774.0,215.0
Never See You Again,985.0,EDP,17.88,1417.0,1879.0,2071.0,2088.0,16.0,858046.0,999830.0,371.0,0.0,696.0,25.0
roppongi EVOLVED ver.A,378.0,EDP,17.82,967.0,1271.0,1401.0,1413.0,16.0,860575.0,999880.0,737.0,0.0,471.0,31.0
ランカーキラーガール,904.0,EDP,17.81,1316.0,1665.0,1832.0,1851.0,17.0,881106.0,999810.0,555.0,0.0,617.0,26.0
六兆年と一夜物語,726.0,CDP,17.78,1172.0,1552.0,1711.0,1725.0,16.0,854686.0,999860.0,536.0,0.0,575.0,47.0
Complete Game Victory,1202.0,EDP,17.66,1421.0,1800.0,1981.0,2001.0,17.0,879457.0,999800.0,89.0,0.0,667.0,33.0
roppongi EVOLVED ver.B,379.0,EDP,17.55,1033.0,1293.0,1422.0,1437.0,16.0,887785.0,999850.0,547.0,0.0,479.0,17.0
ANTI ANTHEM,1029.0,EDP,17.52,1169.0,1482.0,1631.0,1647.0,16.0,873905.0,999840.0,507.0,0.0,549.0,64.0
Trigger,326.0,DDP,17.49,744.0,1004.0,1108.0,1116.0,12.0,852003.0,999920.0,360.0,0.0,372.0,10.0
ENDYMION,756.0,ESP,17.48,1274.0,2173.0,2407.0,2415.0,18.0,731489.0,999920.0,1849.0,0.0,805.0,22.0
PRANA,555.0,CDP,17.41,1157.0,1571.0,1734.0,1746.0,16.0,850115.0,999880.0,623.0,0.0,582.0,2.0
Remain,632.0,DDP,17.38,709.0,872.0,958.0,969.0,12.0,899668.0,999890.0,372.0,0.0,323.0,4.0
Good Sound United,1094.0,EDP,17.36,1358.0,1806.0,1992.0,2007.0,16.0,859156.0,999850.0,283.0,0.0,669.0,7.0
New York EVOLVED (Type C),467.0,EDP,17.32,1201.0,1455.0,1597.0,1617.0,16.0,905233.0,999800.0,494.0,0.0,539.0,9.0
POSSESSION (20th Anniversary Mix),813.0,CSP,17.31,1240.0,2038.0,2257.0,2265.0,18.0,739089.0,999920.0,1304.0,0.0,755.0,67.0
Condor,498.0,CDP,17.22,1162.0,1439.0,1582.0,1599.0,15.0,884581.0,999830.0,711.0,0.0,533.0,71.0
Neutrino,752.0,CSP,17.21,1058.0,1595.0,1765.0,1773.0,18.0,794547.0,999920.0,1628.0,0.0,591.0,21.0
Squeeze,577.0,EDP,17.21,1009.0,1314.0,1449.0,1461.0,15.0,868890.0,999880.0,627.0,0.0,487.0,14.0
Get it,1154.0,EDP,17.18,1164.0,1566.0,1728.0,1740.0,17.0,852701.0,999880.0,283.0,0.0,580.0,16.0
PARANOiA (kskst mix),487.0,EDP,17.18,1472.0,1922.0,2119.0,2136.0,17.0,862126.0,999830.0,770.0,0.0,712.0,51.0
NGO,250.0,DDP,17.13,566.0,726.0,800.0,807.0,11.0,876515.0,999930.0,279.0,0.0,269.0,10.0
Jucunda Memoria,1015.0,EDP,17.13,1417.0,1782.0,1961.0,1980.0,17.0,885531.0,999810.0,360.0,0.0,660.0,17.0
suspicions,1216.0,ESP,17.04,1735.0,2259.0,2491.0,2511.0,18.0,866408.0,999340.0,473.0,0.0,837.0,29.0
888,336.0,EDP,17.02,1020.0,1495.0,1654.0,1662.0,15.0,808496.0,999920.0,651.0,0.0,554.0,21.0
Elemental Creation,536.0,CDP,17.0,1480.0,2305.0,2552.0,2562.0,18.0,777612.0,999450.0,563.0,0.0,854.0,22.0
New Era,862.0,DDP,17.0,1228.0,1512.0,1662.0,1680.0,15.0,897792.0,999820.0,588.0,0.0,560.0,7.0
ｍｅｍｏｒｙ／／ＤＡＴＡＭＯＳＨＥＲ,1224.0,DDP,16.97,990.0,1247.0,1373.0,1386.0,13.0,886903.0,999870.0,316.0,0.0,462.0,5.0
GLITTER,1180.0,EDP,16.84,1620.0,1892.0,2071.0,2103.0,16.0,918321.0,999680.0,165.0,0.0,701.0,51.0
Puberty Dysthymia,806.0,DDP,16.81,937.0,1231.0,1358.0,1368.0,13.0,855343.0,999900.0,521.0,0.0,456.0,56.0
Pluto,252.0,BDP,16.72,428.0,548.0,604.0,609.0,9.0,880163.0,999950.0,292.0,0.0,203.0,2.0
osaka EVOLVED -毎度、おおきに！- (TYPE1),459.0,EDP,16.68,956.0,1260.0,1391.0,1401.0,15.0,859888.0,999900.0,541.0,0.0,467.0,27.0
CHAOS,155.0,EDP,16.66,659.0,866.0,956.0,963.0,14.0,866617.0,999930.0,665.0,0.0,321.0,5.0
MEGALOVANIA,1071.0,CSP,16.64,1593.0,2192.0,2422.0,2436.0,18.0,803835.0,999860.0,993.0,0.0,812.0,231.0
ナイト・オブ・ナイツ,677.0,CDP,16.64,1371.0,1941.0,2146.0,2157.0,17.0,828377.0,999890.0,761.0,0.0,719.0,7.0
B4U (&quot;VOLTAGE&quot; Special),229.0,CDP,16.6,772.0,990.0,1092.0,1101.0,15.0,879310.0,999910.0,882.0,0.0,367.0,0.0
阿波おどり -Awaodori- やっぱり踊りはやめられない,616.0,DDP,16.5,742.0,920.0,1013.0,1023.0,13.0,894965.0,999900.0,449.0,0.0,341.0,5.0
Over The &ldquo;Period&rdquo;,648.0,DDP,16.43,1202.0,1622.0,1792.0,1803.0,15.0,845154.0,999890.0,884.0,0.0,601.0,48.0
Lachryma《Re:Queen&rsquo;M》,920.0,ESP,16.42,1686.0,2394.0,2648.0,2661.0,18.0,824472.0,999870.0,1541.0,0.0,887.0,18.0
NGO,250.0,EDP,16.3,766.0,1026.0,1133.0,1140.0,16.0,856334.0,999930.0,651.0,0.0,380.0,10.0
PARANOiA ～HADES～,251.0,CSP,16.3,1209.0,1790.0,1981.0,1989.0,18.0,807438.0,999920.0,1826.0,0.0,663.0,1.0
New Era,862.0,EDP,16.29,1446.0,1806.0,1989.0,2007.0,17.0,890241.0,999820.0,675.0,0.0,669.0,7.0
3y3s,1250.0,EDP,16.29,1495.0,1879.0,2070.0,2088.0,17.0,887030.0,999820.0,181.0,0.0,696.0,7.0
tokyoEVOLVED (TYPE2),463.0,EDP,16.27,1077.0,1279.0,1404.0,1422.0,16.0,915477.0,999820.0,433.0,0.0,474.0,6.0
天空の華,665.0,EDP,16.17,1087.0,1539.0,1702.0,1710.0,15.0,829617.0,999920.0,895.0,0.0,570.0,4.0
[ ]DENTITY,1258.0,ESP,16.15,1644.0,2052.0,2260.0,2280.0,17.0,886781.0,999800.0,186.0,0.0,760.0,37.0
HANIPAGANDA,1229.0,EDP,16.02,1422.0,1625.0,1776.0,1806.0,16.0,933282.0,999700.0,104.0,0.0,602.0,7.0
Neutrino,752.0,DDP,15.95,719.0,939.0,1037.0,1044.0,13.0,864934.0,999930.0,693.0,0.0,348.0,23.0
コメット&rArr;スケイター,1249.0,EDP,15.95,1370.0,1587.0,1738.0,1764.0,15.0,925307.0,999740.0,170.0,0.0,588.0,22.0
ACE FOR ACES,757.0,CSP,15.93,1285.0,2165.0,2400.0,2406.0,18.0,739069.0,999940.0,1614.0,0.0,802.0,16.0
MAX.(period),641.0,CSP,15.8,1086.0,1663.0,1842.0,1848.0,18.0,787995.0,999940.0,1604.0,0.0,616.0,15.0
Firestorm,919.0,CDP,15.73,1172.0,1498.0,1653.0,1665.0,16.0,851836.0,999880.0,406.0,0.0,555.0,151.0
The legend of MAX,135.0,EDP,15.71,1018.0,1314.0,1451.0,1461.0,16.0,874933.0,999900.0,763.0,0.0,487.0,3.0
MUTEKI BUFFALO,969.0,EDP,15.69,1048.0,1309.0,1443.0,1455.0,15.0,891375.0,999880.0,508.0,0.0,485.0,3.0
Megalara Garuda,1088.0,EDP,15.68,1473.0,1757.0,1931.0,1953.0,17.0,911152.0,999780.0,328.0,0.0,651.0,18.0
阿波おどり -Awaodori- やっぱり踊りはやめられない,616.0,EDP,15.67,1006.0,1266.0,1396.0,1407.0,15.0,887480.0,999890.0,686.0,0.0,469.0,5.0
TRIP MACHINE EVOLUTION,480.0,CSP,15.55,1307.0,1890.0,2092.0,2100.0,18.0,813452.0,999920.0,1700.0,0.0,700.0,32.0
New York EVOLVED (Type B),466.0,EDP,15.54,1252.0,1498.0,1647.0,1665.0,16.0,910509.0,999820.0,548.0,0.0,555.0,14.0
MAX 360,815.0,DDP,15.49,1334.0,1711.0,1889.0,1902.0,15.0,877688.0,999870.0,898.0,0.0,634.0,3.0
THE REASON,521.0,CDP,15.49,870.0,1061.0,1168.0,1179.0,15.0,902103.0,999890.0,516.0,0.0,393.0,11.0
JOMANDA,613.0,DDP,15.47,919.0,1117.0,1230.0,1242.0,12.0,902223.0,999880.0,377.0,0.0,414.0,17.0
Idola,599.0,EDP,15.46,1450.0,1811.0,1997.0,2013.0,16.0,885075.0,999840.0,814.0,0.0,671.0,45.0
Emera,743.0,EDP,15.44,1049.0,1422.0,1573.0,1581.0,15.0,848641.0,999920.0,957.0,0.0,527.0,15.0
最小三倍完全数,887.0,EDP,15.4,1218.0,1782.0,1973.0,1980.0,17.0,813290.0,999340.0,445.0,0.0,660.0,3.0
鳳,1234.0,BDP,15.39,694.0,842.0,927.0,936.0,11.0,900157.0,999910.0,173.0,0.0,312.0,27.0
roppongi EVOLVED ver.C,380.0,EDP,15.3,1079.0,1320.0,1454.0,1467.0,16.0,899719.0,999870.0,642.0,0.0,489.0,13.0
新蛇姫,1147.0,ESP,15.27,1378.0,1830.0,2023.0,2034.0,17.0,859638.0,999890.0,796.0,0.0,678.0,8.0
シュレーディンガーの猫,817.0,EDP,15.24,1256.0,1555.0,1714.0,1728.0,15.0,894081.0,999860.0,788.0,0.0,576.0,12.0
CHAOS Terror-Tech Mix,814.0,EDP,15.18,1140.0,1425.0,1572.0,1584.0,15.0,889809.0,999880.0,754.0,0.0,528.0,8.0
&Omega;VERSOUL,918.0,CDP,15.15,1397.0,1760.0,1942.0,1956.0,17.0,885457.0,999860.0,486.0,0.0,652.0,11.0
PRANA＋REVOLUTIONARY ADDICT (U1 DJ Mix),646.0,EDP,15.14,1487.0,1873.0,2067.0,2082.0,16.0,885713.0,999850.0,556.0,0.0,694.0,8.0
Rave in the Shell,1204.0,EDP,15.14,1247.0,1560.0,1721.0,1734.0,16.0,886049.0,999870.0,187.0,0.0,578.0,31.0
MAX.(period),641.0,DDP,15.12,724.0,945.0,1044.0,1050.0,13.0,870413.0,999940.0,475.0,0.0,350.0,3.0
BURNING HEAT！（3 Option MIX）,73.0,EDP,15.11,698.0,842.0,927.0,936.0,12.0,909383.0,999910.0,531.0,0.0,312.0,1.0
voltississimo,893.0,EDP,15.1,1446.0,1736.0,1910.0,1929.0,17.0,906495.0,999810.0,710.0,0.0,643.0,33.0
Healing Vision(X-Special),290.0,CDP,15.08,1011.0,1301.0,1437.0,1446.0,15.0,872458.0,999910.0,605.0,0.0,482.0,26.0
腐れ外道とチョコレゐト,854.0,CDP,15.07,1371.0,1957.0,2167.0,2175.0,17.0,819791.0,999380.0,449.0,0.0,725.0,33.0
New Millennium,1227.0,DDP,15.07,1350.0,1584.0,1740.0,1761.0,15.0,917741.0,999790.0,294.0,0.0,587.0,32.0
&AElig;THER,587.0,DDP,15.03,1184.0,1536.0,1697.0,1707.0,14.0,869806.0,999900.0,927.0,0.0,569.0,19.0
Tohoku EVOLVED,471.0,CSP,14.99,1350.0,1987.0,2201.0,2208.0,18.0,801882.0,999930.0,1624.0,0.0,736.0,46.0
MAXX UNLIMITED,84.0,EDP,14.93,1038.0,1412.0,1562.0,1569.0,15.0,845763.0,999930.0,866.0,0.0,523.0,23.0
SCHWARZSCHILD FIELD,1045.0,EDP,14.92,1319.0,1657.0,1829.0,1842.0,16.0,885412.0,999870.0,414.0,0.0,614.0,21.0
tokyoEVOLVED (TYPE1),462.0,EDP,14.9,1057.0,1239.0,1361.0,1377.0,16.0,921490.0,999840.0,512.0,0.0,459.0,7.0
AWAKE,652.0,CDP,14.86,1323.0,1682.0,1857.0,1869.0,16.0,879147.0,999880.0,735.0,0.0,623.0,26.0
MAXX UNLIMITED,84.0,DDP,14.85,822.0,958.0,1052.0,1065.0,12.0,914517.0,999870.0,423.0,0.0,355.0,55.0
glacia,1087.0,EDP,14.8,1322.0,1679.0,1854.0,1866.0,16.0,881105.0,999880.0,270.0,0.0,622.0,15.0
Elemental Creation,536.0,EDP,14.71,1505.0,2087.0,2310.0,2319.0,17.0,836188.0,999910.0,830.0,0.0,773.0,22.0
Start a New Day,746.0,CDP,14.66,1248.0,1587.0,1753.0,1764.0,16.0,881712.0,999890.0,506.0,0.0,588.0,6.0
Come to Life,734.0,EDP,14.65,1265.0,1679.0,1857.0,1866.0,16.0,859686.0,999910.0,1023.0,0.0,622.0,11.0
PARANOIA survivor MAX,127.0,CDP,14.65,1254.0,1665.0,1842.0,1851.0,16.0,860724.0,999910.0,739.0,0.0,617.0,4.0
Triple Journey -TAG EDITION-,558.0,EDP,14.64,1317.0,1665.0,1839.0,1851.0,17.0,883562.0,999880.0,801.0,0.0,617.0,12.0
GAIA,535.0,EDP,14.64,1343.0,1763.0,1949.0,1959.0,16.0,866877.0,999900.0,780.0,0.0,653.0,0.0
First Time,820.0,EDP,14.63,942.0,1204.0,1330.0,1338.0,15.0,879419.0,999920.0,595.0,0.0,446.0,8.0
888,336.0,CSP,14.6,1420.0,2068.0,2291.0,2298.0,18.0,811024.0,999930.0,1845.0,0.0,766.0,25.0
osaka EVOLVED -毎度、おおきに！- (TYPE1),459.0,DDP,14.59,833.0,1004.0,1106.0,1116.0,12.0,904291.0,999900.0,258.0,0.0,372.0,27.0
MAX 300,65.0,DDP,14.58,753.0,947.0,1046.0,1053.0,12.0,887720.0,999930.0,769.0,0.0,351.0,5.0
Vanquish The Ghost,799.0,EDP,14.58,1135.0,1441.0,1592.0,1602.0,15.0,880728.0,999900.0,738.0,0.0,534.0,18.0
Blew My Mind,560.0,CSP,14.57,1292.0,1919.0,2127.0,2133.0,18.0,796723.0,999940.0,1586.0,0.0,711.0,48.0
SPECIAL SUMMER CAMPAIGN!,617.0,EDP,14.55,1092.0,1350.0,1489.0,1500.0,15.0,894611.0,999890.0,612.0,0.0,500.0,16.0
Destination,638.0,EDP,14.51,1196.0,1458.0,1607.0,1620.0,15.0,897060.0,999870.0,756.0,0.0,540.0,44.0
IX,583.0,CSP,14.44,1264.0,2165.0,2402.0,2406.0,18.0,722089.0,999960.0,1731.0,0.0,802.0,49.0
BREAKING THE FUTURE,1188.0,DDP,14.42,1263.0,1517.0,1671.0,1686.0,14.0,905259.0,999850.0,214.0,0.0,562.0,38.0
轟け！恋のビーンボール！！,579.0,EDP,14.38,1150.0,1563.0,1730.0,1737.0,16.0,849239.0,999930.0,736.0,0.0,579.0,6.0
GLOW THE CROWN,1200.0,EDP,14.36,1552.0,1946.0,2149.0,2163.0,17.0,879046.0,999860.0,98.0,0.0,721.0,79.0
Chinese Snowy Dance,556.0,EDP,14.34,1317.0,1649.0,1821.0,1833.0,16.0,887124.0,999880.0,690.0,0.0,611.0,22.0
True Blue,571.0,EDP,14.3,1276.0,1636.0,1808.0,1818.0,16.0,877116.0,999900.0,809.0,0.0,606.0,9.0
Engraved Mark,580.0,EDP,14.29,1216.0,1522.0,1681.0,1692.0,15.0,889374.0,999890.0,798.0,0.0,564.0,6.0
Starlight Fantasia (Endorphins Mix),647.0,EDP,14.29,1310.0,1593.0,1756.0,1770.0,15.0,902794.0,999860.0,574.0,0.0,590.0,14.0
Samurai Shogun vs. Master Ninja,636.0,EDP,14.25,1119.0,1458.0,1612.0,1620.0,15.0,869565.0,999920.0,710.0,0.0,540.0,10.0
suspicions,1216.0,EDP,14.24,1750.0,2203.0,2433.0,2448.0,18.0,881525.0,999370.0,127.0,0.0,816.0,45.0
osaka EVOLVED -毎度、おおきに！- (TYPE2),460.0,EDP,14.21,945.0,1225.0,1355.0,1362.0,15.0,870436.0,999930.0,439.0,0.0,454.0,17.0
Astrogazer,728.0,EDP,14.2,1171.0,1474.0,1628.0,1638.0,15.0,886770.0,999900.0,1056.0,0.0,546.0,8.0
PARANOIA survivor,126.0,DDP,14.19,755.0,920.0,1015.0,1023.0,11.0,903986.0,999920.0,263.0,0.0,341.0,3.0
Triple Cross,1032.0,EDP,14.17,1382.0,1690.0,1864.0,1878.0,17.0,900413.0,999860.0,428.0,0.0,626.0,10.0
Megalara Garuda,1088.0,CSP,14.11,1567.0,2130.0,2358.0,2367.0,18.0,841675.0,999910.0,777.0,0.0,789.0,55.0
PANIC HOLIC,956.0,EDP,14.11,1326.0,1611.0,1777.0,1791.0,16.0,902529.0,999860.0,435.0,0.0,597.0,16.0
Over The &ldquo;Period&rdquo;,648.0,BDP,14.1,873.0,1107.0,1223.0,1230.0,12.0,877326.0,999930.0,825.0,0.0,410.0,37.0
Rave Accelerator,972.0,EDP,14.07,1342.0,1614.0,1779.0,1794.0,16.0,906963.0,999850.0,400.0,0.0,598.0,20.0
bag,104.0,EDP,14.07,743.0,972.0,1075.0,1080.0,13.0,869956.0,999950.0,600.0,0.0,360.0,0.0
paparazzi,1018.0,EDP,14.06,1406.0,1792.0,1981.0,1992.0,15.0,879186.0,999890.0,402.0,0.0,664.0,14.0
I'm so Happy,359.0,CDP,14.05,1151.0,1468.0,1623.0,1632.0,16.0,878890.0,999910.0,803.0,0.0,544.0,16.0
tokyoEVOLVED (TYPE1),462.0,DDP,14.02,792.0,950.0,1047.0,1056.0,13.0,910444.0,999910.0,275.0,0.0,352.0,9.0
osaka EVOLVED -毎度、おおきに！- (TYPE3),461.0,DDP,14.01,865.0,1050.0,1158.0,1167.0,12.0,900445.0,999910.0,212.0,0.0,389.0,30.0
エンドルフィン,626.0,EDP,13.96,1260.0,1485.0,1634.0,1650.0,15.0,913168.0,999840.0,944.0,0.0,550.0,52.0
KIMONO&hearts;PRINCESS,361.0,EDP,13.94,960.0,1323.0,1465.0,1470.0,16.0,840513.0,999950.0,903.0,0.0,490.0,17.0
STAY GOLD,1072.0,EDP,13.93,1160.0,1404.0,1548.0,1560.0,16.0,903732.0,999880.0,331.0,0.0,520.0,22.0
NGO,250.0,CSP,13.92,822.0,1155.0,1280.0,1284.0,18.0,832253.0,999960.0,2001.0,0.0,428.0,10.0
Sparkle Dreams,1209.0,EDP,13.92,1254.0,1763.0,1953.0,1959.0,17.0,818844.0,999940.0,173.0,0.0,653.0,78.0
ZEPHYRANTHES,741.0,EDP,13.89,1279.0,1595.0,1762.0,1773.0,15.0,888520.0,999890.0,974.0,0.0,591.0,26.0
CARTOON HEROES (20th Anniversary Mix),853.0,EDP,13.87,1126.0,1422.0,1572.0,1581.0,16.0,885920.0,999910.0,509.0,0.0,527.0,2.0
SMASH,1201.0,EDP,13.84,1606.0,1822.0,1997.0,2025.0,17.0,934378.0,999720.0,127.0,0.0,675.0,31.0
Pluto Relinquish,253.0,DDP,13.82,921.0,1125.0,1242.0,1251.0,14.0,899274.0,999910.0,810.0,0.0,417.0,19.0
スカーレット警察のゲットーパトロール24時,1145.0,CDP,13.79,1647.0,2008.0,2216.0,2232.0,18.0,891050.0,999840.0,314.0,0.0,744.0,101.0
Horatio,291.0,CDP,13.77,912.0,1155.0,1277.0,1284.0,14.0,875682.0,999930.0,472.0,0.0,428.0,46.0
8000000,666.0,EDP,13.76,1106.0,1452.0,1607.0,1614.0,14.0,861431.0,999930.0,636.0,0.0,538.0,34.0
Glitch Angel,909.0,EDP,13.75,1257.0,1555.0,1717.0,1728.0,17.0,889786.0,999890.0,565.0,0.0,576.0,46.0
EGOISM 440,640.0,BDP,13.72,584.0,799.0,885.0,888.0,10.0,848084.0,999970.0,634.0,0.0,296.0,2.0
Sector,1167.0,EDP,13.71,1314.0,1563.0,1722.0,1737.0,16.0,911855.0,999850.0,257.0,0.0,579.0,27.0
New Decade,369.0,CSP,13.7,1073.0,1598.0,1772.0,1776.0,18.0,793920.0,999960.0,1650.0,0.0,592.0,49.0
Pluto Relinquish,253.0,CSP,13.7,1138.0,1549.0,1716.0,1722.0,18.0,846332.0,999940.0,1704.0,0.0,574.0,17.0
桜,141.0,CDP,13.66,801.0,953.0,1050.0,1059.0,11.0,915887.0,999910.0,428.0,0.0,353.0,1.0
SUPER SAMURAI,315.0,EDP,13.64,1096.0,1368.0,1512.0,1521.0,16.0,888436.0,999910.0,670.0,0.0,507.0,22.0
Another Phase,526.0,CDP,13.64,1220.0,1522.0,1682.0,1692.0,15.0,886298.0,999900.0,551.0,0.0,564.0,38.0
Battle Against a True Hero,1211.0,DDP,13.6,876.0,1074.0,1186.0,1194.0,12.0,884045.0,999920.0,211.0,0.0,398.0,80.0
灼熱Beach Side Bunny,615.0,EDP,13.55,1243.0,1609.0,1780.0,1788.0,15.0,871904.0,999920.0,1063.0,0.0,596.0,13.0
ユメブキ,1024.0,EDP,13.49,1282.0,1601.0,1769.0,1779.0,15.0,890529.0,999900.0,455.0,0.0,593.0,6.0
PARANOiA Revolution,479.0,DDP,13.49,1027.0,1350.0,1494.0,1500.0,14.0,863864.0,999940.0,1097.0,0.0,500.0,17.0
Kilonova,1149.0,EDP,13.46,1783.0,2162.0,2386.0,2403.0,17.0,901513.0,999830.0,328.0,0.0,801.0,33.0
Trill auf G,888.0,EDP,13.45,1499.0,1822.0,2011.0,2025.0,16.0,902279.0,999860.0,560.0,0.0,675.0,17.0
冥,404.0,EDP,13.44,1336.0,1598.0,1762.0,1776.0,15.0,911563.0,999860.0,1026.0,0.0,592.0,7.0
最終鬼畜妹フランドール・Ｓ,922.0,EDP,13.43,1571.0,2030.0,2246.0,2256.0,16.0,870353.0,999900.0,528.0,0.0,752.0,30.0
Flow (True Style),162.0,EDP,13.4,681.0,834.0,921.0,927.0,12.0,901977.0,999940.0,356.0,0.0,309.0,2.0
StrayedCatz,740.0,EDP,13.4,953.0,1201.0,1328.0,1335.0,13.0,885177.0,999930.0,761.0,0.0,445.0,14.0
恋の氷結おてんば湯けむりチルノ温泉,1144.0,EDP,13.39,1122.0,1371.0,1514.0,1524.0,15.0,899305.0,999900.0,270.0,0.0,508.0,19.0
VEGA,581.0,EDP,13.38,1190.0,1611.0,1785.0,1791.0,14.0,848379.0,999940.0,873.0,0.0,597.0,21.0
888,336.0,DDP,13.38,876.0,1115.0,1233.0,1239.0,12.0,881200.0,999940.0,382.0,0.0,413.0,11.0
鳳,1234.0,BSP,13.36,659.0,858.0,950.0,954.0,11.0,864407.0,999960.0,417.0,0.0,318.0,26.0
Arrabbiata,228.0,EDP,13.34,876.0,1209.0,1340.0,1344.0,16.0,843067.0,999960.0,988.0,0.0,448.0,1.0
Truare!,633.0,EDP,13.28,1165.0,1479.0,1636.0,1644.0,16.0,882913.0,999920.0,638.0,0.0,548.0,5.0
Ishtar,749.0,CDP,13.28,1316.0,1598.0,1764.0,1776.0,16.0,885907.0,999880.0,703.0,0.0,592.0,134.0
HAPPY☆ANGEL,168.0,CDP,13.24,1148.0,1452.0,1606.0,1614.0,16.0,882722.0,999920.0,319.0,0.0,538.0,18.0
Grand Chariot,738.0,EDP,13.24,1114.0,1431.0,1583.0,1590.0,13.0,876229.0,999930.0,811.0,0.0,530.0,12.0
PARANOIA survivor,126.0,EDP,13.24,1015.0,1287.0,1424.0,1431.0,15.0,884004.0,999930.0,735.0,0.0,477.0,2.0
Flow (True Style),162.0,CDP,13.22,798.0,974.0,1076.0,1083.0,14.0,903187.0,999930.0,518.0,0.0,361.0,1.0
Let's DANCE aROUND!!,1066.0,EDP,13.21,1034.0,1263.0,1395.0,1404.0,14.0,886638.0,999910.0,377.0,0.0,468.0,90.0
腐れ外道とチョコレゐト,854.0,EDP,13.18,1358.0,1725.0,1908.0,1917.0,16.0,877786.0,999910.0,590.0,0.0,639.0,36.0
CHAOS,155.0,DDP,13.17,505.0,658.0,729.0,732.0,12.0,871909.0,999970.0,382.0,0.0,244.0,2.0
Nostalgia Is Lost,612.0,EDP,13.16,1281.0,1682.0,1862.0,1869.0,15.0,862577.0,999930.0,646.0,0.0,623.0,27.0
Glitter Flatter Scatter,1092.0,DDP,13.16,1276.0,1476.0,1624.0,1641.0,14.0,927562.0,999830.0,251.0,0.0,547.0,8.0
Splash Gold,878.0,DDP,13.14,1029.0,1301.0,1439.0,1446.0,13.0,879529.0,999930.0,639.0,0.0,482.0,36.0
The World Ends Now,886.0,EDP,13.11,1350.0,1709.0,1890.0,1899.0,16.0,882747.0,999910.0,535.0,0.0,633.0,14.0
桜,141.0,DDP,13.11,738.0,872.0,961.0,969.0,11.0,918334.0,999920.0,422.0,0.0,323.0,6.0
Cytokinesis,729.0,DDP,13.07,700.0,855.0,945.0,951.0,10.0,901194.0,999940.0,393.0,0.0,317.0,8.0
MAX.(period),641.0,BDP,13.05,559.0,699.0,773.0,777.0,11.0,891369.0,999960.0,424.0,0.0,259.0,3.0
デッドボヲルdeホームラン,576.0,EDP,13.0,925.0,1125.0,1243.0,1251.0,13.0,902409.0,999920.0,731.0,0.0,417.0,13.0
ポラリスノウタ,1239.0,CDP,13.0,1417.0,1674.0,1845.0,1860.0,16.0,914715.0,999850.0,200.0,0.0,620.0,30.0
シュレーディンガーの猫,817.0,CSP,12.99,1526.0,2135.0,2367.0,2373.0,18.0,833550.0,999940.0,1793.0,0.0,791.0,7.0
Give Me,868.0,CDP,12.98,1257.0,1598.0,1768.0,1776.0,16.0,881544.0,999920.0,276.0,0.0,592.0,9.0
THIS IS MY LAST RESORT ,1051.0,EDP,12.93,1322.0,1574.0,1736.0,1749.0,15.0,913301.0,999870.0,306.0,0.0,583.0,10.0
お米の美味しい炊き方、そしてお米を食べることによるその効果。,531.0,EDP,12.9,1528.0,1838.0,2029.0,2043.0,16.0,908546.0,999860.0,775.0,0.0,681.0,6.0
tokyoEVOLVED (TYPE3),464.0,DDP,12.9,773.0,915.0,1009.0,1017.0,13.0,916303.0,999920.0,216.0,0.0,339.0,11.0
ENDYMION,756.0,BDP,12.89,1014.0,1301.0,1440.0,1446.0,13.0,876369.0,999940.0,939.0,0.0,482.0,14.0
District of the Shadows,828.0,EDP,12.87,1133.0,1414.0,1564.0,1572.0,16.0,891678.0,999920.0,663.0,0.0,524.0,3.0
GROOVE 04,1220.0,EDP,12.86,1222.0,1471.0,1624.0,1635.0,16.0,904568.0,999890.0,222.0,0.0,545.0,35.0
Poppin' Soda,1007.0,EDP,12.85,1317.0,1649.0,1824.0,1833.0,16.0,889331.0,999910.0,399.0,0.0,611.0,5.0
ANNIVERSARY &there4;∵&there4; &larr;&darr;&uarr;&rarr;,818.0,EDP,12.84,1351.0,1773.0,1964.0,1971.0,16.0,864695.0,999930.0,734.0,0.0,657.0,14.0
Come To m1dy,1225.0,ESP,12.83,1350.0,1695.0,1875.0,1884.0,16.0,887523.0,999910.0,755.0,0.0,628.0,7.0
Come To m1dy,1225.0,CSP,12.81,1466.0,2011.0,2229.0,2235.0,17.0,841829.0,999940.0,578.0,0.0,745.0,20.0
Life is beautiful,805.0,EDP,12.78,1119.0,1584.0,1757.0,1761.0,16.0,823811.0,999960.0,719.0,0.0,587.0,32.0
MAX 300 (Super-Max-Me Mix),181.0,EDP,12.77,1328.0,1595.0,1761.0,1773.0,15.0,904087.0,999880.0,783.0,0.0,591.0,48.0
リリーゼと炎龍レーヴァテイン,1098.0,EDP,12.77,1379.0,1706.0,1886.0,1896.0,16.0,894887.0,999900.0,356.0,0.0,632.0,8.0
&Delta;MAX,402.0,DDP,12.71,1131.0,1358.0,1499.0,1509.0,14.0,904886.0,999900.0,743.0,0.0,503.0,40.0
恋はどう？モロ◎波動OK☆方程式！！,572.0,EDP,12.7,1111.0,1436.0,1590.0,1596.0,14.0,871197.0,999940.0,863.0,0.0,532.0,21.0
Rampage Hero,896.0,EDP,12.68,1264.0,1541.0,1703.0,1713.0,16.0,900405.0,999900.0,595.0,0.0,571.0,19.0
New Century,700.0,CSP,12.62,1486.0,2022.0,2241.0,2247.0,18.0,837011.0,999940.0,1611.0,0.0,749.0,80.0
突撃！ガラスのニーソ姫！,659.0,EDP,12.61,961.0,1247.0,1381.0,1386.0,14.0,869463.0,999950.0,875.0,0.0,462.0,21.0
Good Sound United,1094.0,DDP,12.59,1112.0,1347.0,1488.0,1497.0,13.0,905319.0,999910.0,366.0,0.0,499.0,8.0
Midnight Amaretto,944.0,EDP,12.59,915.0,1069.0,1178.0,1188.0,14.0,922369.0,999900.0,574.0,0.0,396.0,13.0
DIGITALIZER,954.0,EDP,12.58,1368.0,1706.0,1887.0,1896.0,16.0,889242.0,999910.0,475.0,0.0,632.0,20.0
Avenger,857.0,DDP,12.53,1003.0,1363.0,1511.0,1515.0,14.0,850365.0,999960.0,713.0,0.0,505.0,1.0
&Delta;MAX,402.0,CSP,12.52,1294.0,1768.0,1960.0,1965.0,17.0,837063.0,999950.0,1845.0,0.0,655.0,60.0
MEGALOVANIA,1071.0,EDP,12.52,1700.0,2019.0,2228.0,2244.0,16.0,871175.0,999840.0,481.0,0.0,748.0,338.0
osaka EVOLVED -毎度、おおきに！- (TYPE2),460.0,DDP,12.42,845.0,999.0,1102.0,1110.0,12.0,913740.0,999920.0,199.0,0.0,370.0,27.0
最速最高シャッターガール,1142.0,CSP,12.38,1603.0,2033.0,2250.0,2259.0,18.0,880035.0,999910.0,818.0,0.0,753.0,27.0
桜,141.0,EDP,12.38,984.0,1185.0,1309.0,1317.0,13.0,909543.0,999920.0,708.0,0.0,439.0,1.0
Ambivalent Vermilia,1251.0,ESP,12.37,1597.0,2176.0,2412.0,2418.0,18.0,844934.0,999460.0,392.0,0.0,806.0,21.0
び,926.0,CSP,12.37,1730.0,2324.0,2576.0,2583.0,18.0,848694.0,999930.0,1524.0,0.0,861.0,45.0
Death by Glamour,1212.0,CSP,12.35,1797.0,2319.0,2568.0,2577.0,17.0,855287.0,999910.0,351.0,0.0,859.0,161.0
SABER WING,310.0,CDP,12.33,950.0,1215.0,1345.0,1350.0,13.0,868347.0,999950.0,384.0,0.0,450.0,61.0
SABER WING,310.0,EDP,12.32,943.0,1204.0,1333.0,1338.0,13.0,878738.0,999950.0,714.0,0.0,446.0,13.0
STERLING SILVER (U1 overground mix),733.0,EDP,12.21,987.0,1398.0,1551.0,1554.0,14.0,828174.0,999970.0,810.0,0.0,518.0,10.0
PARANOiA ～HADES～,251.0,BDP,12.19,729.0,923.0,1022.0,1026.0,12.0,885772.0,999960.0,620.0,0.0,342.0,1.0
斑咲花,1116.0,EDP,12.16,1377.0,1622.0,1790.0,1803.0,15.0,912276.0,999870.0,330.0,0.0,601.0,60.0
TRIP MACHINE (xac nanoglide mix),484.0,EDP,12.14,1414.0,1749.0,1935.0,1944.0,16.0,887693.0,999910.0,518.0,0.0,648.0,64.0
HyperTwist,938.0,CSP,12.09,1421.0,2025.0,2246.0,2250.0,18.0,822545.0,999960.0,1479.0,0.0,750.0,23.0
Dance With The Dead,1254.0,EDP,12.08,1162.0,1285.0,1407.0,1428.0,15.0,948311.0,999790.0,74.0,0.0,476.0,12.0
BLSTR,864.0,EDP,12.04,1403.0,1682.0,1858.0,1869.0,16.0,906534.0,999890.0,622.0,0.0,623.0,38.0
chaplet,1173.0,ESP,12.04,1231.0,1539.0,1703.0,1710.0,17.0,887366.0,999930.0,836.0,0.0,570.0,25.0
POSSESSION (20th Anniversary Mix),813.0,DDP,11.98,1066.0,1514.0,1680.0,1683.0,15.0,826855.0,999970.0,822.0,0.0,561.0,10.0
I-W-U (I Want U),1208.0,EDP,11.98,1570.0,1906.0,2107.0,2118.0,17.0,898804.0,999890.0,219.0,0.0,706.0,53.0
冥,404.0,DDP,11.97,936.0,1152.0,1275.0,1281.0,12.0,896810.0,999940.0,748.0,0.0,427.0,12.0
Tohoku EVOLVED,471.0,DDP,11.97,1080.0,1323.0,1463.0,1470.0,14.0,901000.0,999930.0,788.0,0.0,490.0,2.0
The Island Song,518.0,CDP,11.96,861.0,1026.0,1133.0,1140.0,13.0,911617.0,999930.0,402.0,0.0,380.0,20.0
セツナトリップ,595.0,EDP,11.91,1081.0,1350.0,1494.0,1500.0,14.0,890036.0,999940.0,1099.0,0.0,500.0,11.0
New Era,862.0,CDP,11.84,1440.0,2025.0,2246.0,2250.0,18.0,831058.0,999440.0,292.0,0.0,750.0,10.0
冥,404.0,CSP,11.83,1521.0,1998.0,2214.0,2220.0,18.0,864696.0,999940.0,2125.0,0.0,740.0,10.0
Magnetic,548.0,EDP,11.81,1381.0,1644.0,1816.0,1827.0,15.0,908387.0,999890.0,801.0,0.0,609.0,51.0
勇猛無比,1016.0,EDP,11.8,1221.0,1595.0,1768.0,1773.0,14.0,865185.0,999950.0,628.0,0.0,591.0,26.0
Megalara Garuda,1088.0,DDP,11.8,1376.0,1622.0,1791.0,1803.0,16.0,916973.0,999880.0,344.0,0.0,601.0,18.0
PARANOiA Rebirth(X-Special),304.0,CDP,11.78,1051.0,1306.0,1446.0,1452.0,14.0,892381.0,999940.0,593.0,0.0,484.0,12.0
IMANOGUILTS,591.0,CDP,11.78,1338.0,1625.0,1797.0,1806.0,15.0,904631.0,999910.0,719.0,0.0,602.0,3.0
めうめうぺったんたん！！ (ZAQUVA Remix),1242.0,CDP,11.78,1632.0,1900.0,2096.0,2112.0,17.0,922539.0,999840.0,81.0,0.0,704.0,22.0
REVOLUTIONARY ADDICT,481.0,CDP,11.76,1303.0,1628.0,1802.0,1809.0,16.0,888884.0,999930.0,508.0,0.0,603.0,18.0
SWEET HOME PARTY,899.0,DDP,11.75,795.0,912.0,1005.0,1014.0,12.0,930589.0,999910.0,329.0,0.0,338.0,13.0
NGO,250.0,BDP,11.73,454.0,553.0,612.0,615.0,10.0,904579.0,999970.0,283.0,0.0,205.0,2.0
Helios,841.0,EDP,11.68,1373.0,1668.0,1845.0,1854.0,16.0,899345.0,999910.0,606.0,0.0,618.0,41.0
アドレナリン,1177.0,EDP,11.67,1202.0,1422.0,1571.0,1581.0,15.0,915890.0,999900.0,244.0,0.0,527.0,15.0
Destination,638.0,DDP,11.61,889.0,1101.0,1219.0,1224.0,12.0,890122.0,999950.0,547.0,0.0,408.0,32.0
Pluto The First,373.0,BDP,11.61,450.0,575.0,637.0,639.0,10.0,881763.0,999980.0,360.0,0.0,213.0,2.0
Determination,744.0,EDP,11.61,876.0,1082.0,1198.0,1203.0,14.0,895864.0,999950.0,631.0,0.0,401.0,8.0
チュッチュ&#9834;マチュピチュ,1115.0,EDP,11.6,1170.0,1317.0,1448.0,1464.0,14.0,941259.0,999840.0,413.0,0.0,488.0,2.0
Prey,809.0,DDP,11.57,998.0,1293.0,1433.0,1437.0,15.0,870683.0,999960.0,649.0,0.0,479.0,17.0
Trim,265.0,EDP,11.55,1067.0,1317.0,1458.0,1464.0,15.0,893150.0,999940.0,693.0,0.0,488.0,26.0
nightbird lost wing,494.0,EDP,11.53,1103.0,1366.0,1512.0,1518.0,14.0,894110.0,999940.0,590.0,0.0,506.0,13.0
Pluto The First,373.0,ESP,11.52,963.0,1422.0,1579.0,1581.0,17.0,809397.0,999980.0,1863.0,0.0,527.0,2.0
バンブーソード・ガール,597.0,DDP,11.48,976.0,1190.0,1317.0,1323.0,12.0,896227.0,999940.0,621.0,0.0,441.0,42.0
Come To m1dy,1225.0,DDP,11.43,1149.0,1358.0,1500.0,1509.0,15.0,917823.0,999910.0,301.0,0.0,503.0,6.0
on the bounce,299.0,CDP,11.41,1120.0,1320.0,1458.0,1467.0,15.0,917099.0,999910.0,707.0,0.0,489.0,20.0
ノルエピネフリン,953.0,EDP,11.4,1354.0,1566.0,1727.0,1740.0,14.0,925350.0,999870.0,445.0,0.0,580.0,28.0
perditus&dagger;paradisus,1110.0,EDP,11.38,1684.0,2054.0,2273.0,2283.0,17.0,899522.0,999900.0,273.0,0.0,761.0,24.0
ANTI ANTHEM,1029.0,DDP,11.38,870.0,1066.0,1180.0,1185.0,12.0,891763.0,999950.0,472.0,0.0,395.0,48.0
Trigger,326.0,CSP,11.38,1204.0,1682.0,1866.0,1869.0,18.0,828341.0,999970.0,1704.0,0.0,623.0,46.0
Astrogazer,728.0,CSP,11.37,1566.0,2025.0,2244.0,2250.0,18.0,869048.0,999940.0,2135.0,0.0,750.0,38.0
VANESSA,396.0,DDP,11.37,819.0,947.0,1045.0,1053.0,12.0,927003.0,999920.0,421.0,0.0,351.0,13.0
mathematical good-bye,1218.0,ESP,11.35,1787.0,2257.0,2500.0,2508.0,17.0,874532.0,999920.0,673.0,0.0,836.0,95.0
春風ブローインウィンド,786.0,EDP,11.32,1225.0,1530.0,1695.0,1701.0,14.0,886290.0,999940.0,759.0,0.0,567.0,35.0
Towards The Horizon,1185.0,EDP,11.28,1328.0,1555.0,1717.0,1728.0,16.0,918390.0,999890.0,202.0,0.0,576.0,35.0
PARANOiA ETERNAL(X-Special),301.0,CDP,11.27,926.0,1174.0,1301.0,1305.0,13.0,883190.0,999960.0,437.0,0.0,435.0,9.0
PARANOiA(X-Special),305.0,CDP,11.26,870.0,1063.0,1177.0,1182.0,14.0,894311.0,999950.0,713.0,0.0,394.0,42.0
Cleopatrysm,606.0,EDP,11.26,1253.0,1490.0,1647.0,1656.0,15.0,914338.0,999910.0,741.0,0.0,552.0,9.0
Rejoin,807.0,EDP,11.22,1065.0,1277.0,1412.0,1419.0,13.0,907769.0,999930.0,554.0,0.0,473.0,27.0
PARANOiA-Respect-,190.0,DDP,11.19,934.0,1104.0,1220.0,1227.0,12.0,916897.0,999930.0,408.0,0.0,409.0,13.0
Pluto Relinquish,253.0,BDP,11.19,736.0,939.0,1041.0,1044.0,12.0,876505.0,999970.0,510.0,0.0,348.0,23.0
Cosy Catastrophe,755.0,CSP,11.19,1242.0,1890.0,2098.0,2100.0,18.0,791297.0,999980.0,1616.0,0.0,700.0,14.0
Let's DANCE aROUND!!,1066.0,CSP,11.17,1393.0,1611.0,1778.0,1791.0,17.0,926621.0,999870.0,981.0,0.0,597.0,15.0
共犯ヘヴンズコード,1053.0,EDP,11.15,1164.0,1323.0,1457.0,1470.0,14.0,933868.0,999870.0,370.0,0.0,490.0,28.0
Straight Oath,501.0,CDP,11.14,1195.0,1563.0,1733.0,1737.0,16.0,863904.0,999960.0,542.0,0.0,579.0,30.0
PARANOiA MAX～DIRTY MIX～(X-Special),303.0,CDP,11.14,887.0,1058.0,1170.0,1176.0,14.0,912233.0,999940.0,595.0,0.0,392.0,12.0
Pluto,252.0,EDP,11.13,823.0,1061.0,1176.0,1179.0,14.0,873895.0,999970.0,664.0,0.0,393.0,13.0
Somehow You Found Me,522.0,CDP,11.12,1366.0,1655.0,1831.0,1839.0,16.0,903886.0,999920.0,646.0,0.0,613.0,19.0
革命,96.0,EDP,11.11,800.0,990.0,1097.0,1101.0,11.0,896053.0,999960.0,535.0,0.0,367.0,2.0
Valkyrie dimension,395.0,ESP,11.11,1356.0,1811.0,2009.0,2013.0,18.0,852367.0,999960.0,2100.0,0.0,671.0,39.0
嘆きの樹,614.0,CSP,11.11,1488.0,2133.0,2367.0,2370.0,18.0,818946.0,999970.0,1995.0,0.0,790.0,27.0
SILVER☆DREAM,458.0,EDP,11.11,1294.0,1522.0,1682.0,1692.0,15.0,912520.0,999900.0,845.0,0.0,564.0,61.0
ラクガキスト,596.0,CDP,11.1,1553.0,1860.0,2057.0,2067.0,16.0,910915.0,999900.0,746.0,0.0,689.0,2.0
stomp to my beat,475.0,CDP,11.09,727.0,826.0,910.0,918.0,13.0,937759.0,999920.0,102.0,0.0,306.0,0.0
ライアーダンス,856.0,EDP,11.04,1010.0,1169.0,1290.0,1299.0,13.0,928126.0,999910.0,505.0,0.0,433.0,6.0
阿波おどり -Awaodori- やっぱり踊りはやめられない,616.0,BDP,11.02,645.0,756.0,835.0,840.0,9.0,912556.0,999950.0,300.0,0.0,280.0,43.0
Stella Sinistra,567.0,DDP,11.02,857.0,1017.0,1125.0,1131.0,12.0,913850.0,999940.0,225.0,0.0,377.0,15.0
東京神話,945.0,DDP,11.01,1156.0,1355.0,1497.0,1506.0,13.0,920650.0,999910.0,614.0,0.0,502.0,13.0
Daily Lunch Special,582.0,EDP,11.0,1306.0,1593.0,1763.0,1770.0,14.0,897011.0,999930.0,810.0,0.0,590.0,46.0
I Love You,911.0,EDP,11.0,1514.0,1827.0,2022.0,2031.0,16.0,905364.0,999910.0,532.0,0.0,677.0,19.0
Lachryma《Re:Queen&rsquo;M》,920.0,DDP,11.0,1208.0,1441.0,1594.0,1602.0,14.0,908521.0,999920.0,726.0,0.0,534.0,39.0
Cosy Catastrophe,755.0,DDP,10.96,903.0,1128.0,1250.0,1254.0,13.0,889638.0,999960.0,721.0,0.0,418.0,12.0
CHAOS Terror-Tech Mix,814.0,CSP,10.94,1312.0,1814.0,2013.0,2016.0,17.0,837128.0,999970.0,1615.0,0.0,672.0,25.0
PRANA＋REVOLUTIONARY ADDICT (U1 DJ Mix),646.0,DDP,10.94,1076.0,1306.0,1446.0,1452.0,12.0,901598.0,999940.0,380.0,0.0,484.0,25.0
輪廻の鴉,1253.0,EDP,10.93,1295.0,1449.0,1594.0,1611.0,15.0,941910.0,999830.0,76.0,0.0,537.0,15.0
Golden Arrow,916.0,EDP,10.91,1338.0,1571.0,1736.0,1746.0,16.0,917260.0,999900.0,532.0,0.0,582.0,33.0
ノープラン・デイズ,1038.0,EDP,10.91,1408.0,1730.0,1916.0,1923.0,16.0,896870.0,999930.0,446.0,0.0,641.0,17.0
海神,630.0,EDP,10.89,1422.0,1679.0,1856.0,1866.0,16.0,914877.0,999900.0,945.0,0.0,622.0,31.0
チルノのパーフェクトさんすう教室 (EDM REMIX),676.0,EDP,10.85,1130.0,1352.0,1496.0,1503.0,13.0,911519.0,999930.0,607.0,0.0,501.0,7.0
Windy Fairy,564.0,EDP,10.84,1418.0,1692.0,1872.0,1881.0,15.0,906051.0,999910.0,941.0,0.0,627.0,60.0
MAXX UNLIMITED(X-Special),298.0,CSP,10.84,1547.0,2008.0,2227.0,2232.0,18.0,857897.0,999950.0,1903.0,0.0,744.0,104.0
RISING FIRE HAWK,708.0,EDP,10.82,1230.0,1509.0,1671.0,1677.0,15.0,898637.0,999940.0,1011.0,0.0,559.0,11.0
KHAMEN BREAK,608.0,EDP,10.79,1366.0,1641.0,1816.0,1824.0,15.0,908034.0,999920.0,821.0,0.0,608.0,17.0
初音ミクの消失,760.0,CDP,10.78,1615.0,1976.0,2188.0,2196.0,15.0,899517.0,999920.0,853.0,0.0,732.0,11.0
melody H4CKER,1260.0,EDP,10.75,1335.0,1525.0,1682.0,1695.0,15.0,933456.0,999870.0,65.0,0.0,565.0,6.0
ナイト・オブ・ナイツ (Ryu☆Remix),923.0,EDP,10.75,1660.0,2068.0,2291.0,2298.0,16.0,890907.0,999930.0,579.0,0.0,766.0,8.0
革命(X-Special),333.0,CDP,10.73,888.0,1069.0,1183.0,1188.0,14.0,906710.0,999950.0,669.0,0.0,396.0,19.0
Xepher,214.0,CDP,10.73,1192.0,1428.0,1580.0,1587.0,15.0,909872.0,999930.0,809.0,0.0,529.0,14.0
IX,583.0,DDP,10.72,1165.0,1447.0,1603.0,1608.0,14.0,890510.0,999950.0,647.0,0.0,536.0,26.0
voltississimo,893.0,DDP,10.71,1145.0,1333.0,1473.0,1482.0,13.0,921589.0,999910.0,512.0,0.0,494.0,28.0
Poseidon,254.0,EDP,10.69,646.0,753.0,832.0,837.0,11.0,925639.0,999950.0,493.0,0.0,279.0,3.0
天ノ弱,725.0,EDP,10.69,980.0,1152.0,1274.0,1281.0,13.0,920531.0,999930.0,889.0,0.0,427.0,5.0
Sand Blow,637.0,EDP,10.69,1278.0,1501.0,1659.0,1668.0,16.0,918263.0,999910.0,658.0,0.0,556.0,24.0
Electronic Sports Complex,1223.0,ESP,10.62,1417.0,1755.0,1944.0,1950.0,17.0,893376.0,999940.0,765.0,0.0,650.0,14.0
Last Twilight,955.0,EDP,10.57,1519.0,1833.0,2029.0,2037.0,16.0,904420.0,999920.0,421.0,0.0,679.0,28.0
Kill The Night,1233.0,CDP,10.57,1511.0,1719.0,1896.0,1911.0,16.0,933360.0,999850.0,107.0,0.0,637.0,25.0
Condor,498.0,EDP,10.57,845.0,1007.0,1114.0,1119.0,13.0,911970.0,999950.0,641.0,0.0,373.0,17.0
夏色DIARY -DDR mix-,668.0,EDP,10.54,1167.0,1482.0,1643.0,1647.0,15.0,882583.0,999960.0,959.0,0.0,549.0,5.0
New Era,862.0,CSP,10.53,1652.0,2208.0,2450.0,2454.0,18.0,855647.0,999960.0,894.0,0.0,818.0,9.0
GERBERA,1078.0,DDP,10.52,1499.0,1784.0,1974.0,1983.0,14.0,910417.0,999910.0,364.0,0.0,661.0,37.0
めうめうぺったんたん！！,495.0,CDP,10.51,1466.0,1817.0,2013.0,2019.0,15.0,891932.0,999940.0,750.0,0.0,673.0,22.0
SABER WING (Akira Ishihara Headshot mix),311.0,DDP,10.51,759.0,947.0,1050.0,1053.0,12.0,890371.0,999970.0,428.0,0.0,351.0,10.0
ちゅ～いん☆バニー,592.0,CDP,10.51,827.0,1044.0,1158.0,1161.0,13.0,870387.0,999970.0,468.0,0.0,387.0,69.0
Electric Dance System Music,706.0,EDP,10.49,1033.0,1290.0,1430.0,1434.0,14.0,891390.0,999960.0,1004.0,0.0,478.0,2.0
初音ミクの消失,760.0,DDP,10.49,1198.0,1452.0,1608.0,1614.0,13.0,904860.0,999940.0,656.0,0.0,538.0,10.0
Battle Against a True Hero,1211.0,EDP,10.48,1379.0,1625.0,1797.0,1806.0,15.0,905055.0,999910.0,237.0,0.0,602.0,115.0
Continue to the real world?,1238.0,EDP,10.46,1527.0,1768.0,1953.0,1965.0,16.0,925701.0,999880.0,143.0,0.0,655.0,19.0
second spring storm,602.0,EDP,10.43,1014.0,1204.0,1332.0,1338.0,14.0,915721.0,999940.0,521.0,0.0,446.0,5.0
患部で止まってすぐ溶ける～狂気の優曇華院,1069.0,CSP,10.42,1558.0,2149.0,2385.0,2388.0,17.0,839814.0,999970.0,1034.0,0.0,796.0,13.0
PARANOIA survivor MAX,127.0,BDP,10.41,559.0,702.0,778.0,780.0,9.0,890101.0,999980.0,207.0,0.0,260.0,2.0
IN BETWEEN,789.0,EDP,10.4,1037.0,1258.0,1393.0,1398.0,15.0,904788.0,999950.0,932.0,0.0,466.0,10.0
PARANOIA EVOLUTION(X-Special),302.0,CDP,10.4,866.0,1158.0,1285.0,1287.0,15.0,858807.0,999980.0,749.0,0.0,429.0,1.0
PARANOiA Revolution,479.0,ESP,10.38,1312.0,1887.0,2095.0,2097.0,18.0,818173.0,999980.0,2219.0,0.0,699.0,20.0
HYENA,570.0,EDP,10.37,1086.0,1298.0,1437.0,1443.0,14.0,910108.0,999940.0,721.0,0.0,481.0,19.0
御千手メディテーション,607.0,EDP,10.37,1178.0,1447.0,1603.0,1608.0,15.0,897608.0,999950.0,725.0,0.0,536.0,14.0
High &amp; Low,1017.0,EDP,10.34,1295.0,1574.0,1743.0,1749.0,16.0,901974.0,999940.0,424.0,0.0,583.0,21.0
SUPER SUMMER SALE,808.0,EDP,10.32,1363.0,1703.0,1888.0,1893.0,15.0,889046.0,999950.0,725.0,0.0,631.0,13.0
Elemental Creation,536.0,DDP,10.32,1292.0,1717.0,1905.0,1908.0,14.0,857059.0,999970.0,905.0,0.0,636.0,24.0
Monkey Business,525.0,EDP,10.31,1000.0,1236.0,1370.0,1374.0,13.0,895273.0,999960.0,944.0,0.0,458.0,9.0
恋閃繚乱,491.0,CDP,10.31,1111.0,1309.0,1448.0,1455.0,15.0,918936.0,999930.0,705.0,0.0,485.0,9.0
"BLUE FOG, SILVER BULLET.",1222.0,EDP,10.29,1443.0,1682.0,1859.0,1869.0,15.0,922304.0,999900.0,310.0,0.0,623.0,21.0
BRILLIANT 2U (AKBK MIX),486.0,EDP,10.27,1283.0,1557.0,1725.0,1731.0,15.0,903088.0,999940.0,827.0,0.0,577.0,16.0
エキサイティング！！も・ちゃ・ちゃ☆,753.0,EDP,10.25,1045.0,1185.0,1307.0,1317.0,13.0,936495.0,999900.0,681.0,0.0,439.0,13.0
Heaven is a '57 metallic gray ～gimmix～,115.0,EDP,10.25,791.0,915.0,1011.0,1017.0,13.0,927373.0,999940.0,399.0,0.0,339.0,12.0
Chromatic Burst,1199.0,ESP,10.23,1452.0,1752.0,1940.0,1947.0,17.0,904357.0,999930.0,450.0,0.0,649.0,30.0
insist,1164.0,EDP,10.21,1156.0,1282.0,1410.0,1425.0,15.0,947369.0,999850.0,272.0,0.0,475.0,9.0
MAX 300,65.0,EDP,10.21,1099.0,1309.0,1449.0,1455.0,15.0,914465.0,999940.0,1385.0,0.0,485.0,2.0
隅田川夏恋歌,428.0,CDP,10.18,1255.0,1512.0,1674.0,1680.0,16.0,907774.0,999940.0,883.0,0.0,560.0,9.0
Euphoric Fragmentation,1235.0,EDP,10.16,1601.0,1838.0,2030.0,2043.0,16.0,929271.0,999870.0,150.0,0.0,681.0,23.0
Go For The Top,485.0,CSP,10.15,1271.0,1787.0,1984.0,1986.0,18.0,826157.0,999980.0,1825.0,0.0,662.0,40.0
CHAOS,155.0,BDP,10.09,299.0,475.0,528.0,528.0,9.0,774806.0,1000000.0,338.0,2.0,176.0,2.0
FLOWER,457.0,CDP,10.09,1293.0,1536.0,1700.0,1707.0,15.0,913232.0,999930.0,792.0,0.0,569.0,20.0
Step This Way,1027.0,EDP,10.07,1406.0,1628.0,1799.0,1809.0,16.0,927206.0,999900.0,325.0,0.0,603.0,7.0
starmine,618.0,EDP,10.07,1116.0,1350.0,1495.0,1500.0,14.0,906872.0,999950.0,774.0,0.0,500.0,5.0
PARANOiA-Respect-,190.0,EDP,10.04,1209.0,1449.0,1605.0,1611.0,15.0,909779.0,999940.0,833.0,0.0,537.0,13.0
量子の海のリントヴルム,1090.0,ESP,10.03,1600.0,1973.0,2187.0,2193.0,17.0,896341.0,999940.0,1013.0,0.0,731.0,4.0
Procyon,831.0,EDP,10.01,1112.0,1301.0,1439.0,1446.0,15.0,923078.0,999930.0,689.0,0.0,482.0,4.0
POSSESSION,375.0,CSP,10.0,1390.0,1836.0,2037.0,2040.0,18.0,858458.0,999970.0,2032.0,0.0,680.0,37.0
GOLD RUSH,354.0,EDP,10.0,887.0,1031.0,1140.0,1146.0,13.0,924216.0,999940.0,657.0,0.0,382.0,17.0
Electronic or Treat!,625.0,DDP,9.96,873.0,1012.0,1119.0,1125.0,12.0,925409.0,999940.0,307.0,0.0,375.0,15.0
紅焔,489.0,CDP,9.94,1369.0,1687.0,1870.0,1875.0,15.0,893937.0,999950.0,692.0,0.0,625.0,28.0
Good Sound United,1094.0,ESP,9.92,1366.0,1795.0,1992.0,1995.0,16.0,865212.0,999970.0,945.0,0.0,665.0,6.0
朝色の紙飛行機,649.0,EDP,9.92,893.0,1023.0,1130.0,1137.0,13.0,931376.0,999930.0,733.0,0.0,379.0,15.0
Amalgamation,429.0,CDP,9.92,1124.0,1287.0,1422.0,1431.0,15.0,932260.0,999910.0,788.0,0.0,477.0,10.0
DIABLOSIS::N&#x101;ga,1215.0,EDP,9.89,1652.0,1881.0,2077.0,2091.0,17.0,928827.0,999860.0,106.0,0.0,697.0,70.0
Uranus,269.0,CDP,9.89,932.0,1085.0,1200.0,1206.0,13.0,926197.0,999940.0,376.0,0.0,402.0,0.0
Diamond Night,516.0,CDP,9.89,1047.0,1201.0,1327.0,1335.0,14.0,928853.0,999920.0,514.0,0.0,445.0,27.0
Sword of Vengeance,1008.0,EDP,9.86,1529.0,1865.0,2067.0,2073.0,15.0,900566.0,999940.0,500.0,0.0,691.0,14.0
The legend of MAX,135.0,DDP,9.84,834.0,996.0,1103.0,1107.0,12.0,913565.0,999960.0,463.0,0.0,369.0,3.0
ずっとみつめていて (Ryu☆Remix),502.0,CDP,9.84,1011.0,1231.0,1364.0,1368.0,15.0,902828.0,999960.0,829.0,0.0,456.0,11.0
Jucunda Memoria,1015.0,ESP,9.81,1406.0,1846.0,2049.0,2052.0,17.0,865562.0,999970.0,1098.0,0.0,684.0,6.0
Hyper Bomb,937.0,EDP,9.79,1104.0,1269.0,1402.0,1410.0,15.0,929572.0,999920.0,596.0,0.0,470.0,19.0
び,926.0,EDP,9.79,1703.0,2033.0,2251.0,2259.0,17.0,910864.0,999920.0,722.0,0.0,753.0,16.0
都会征服Girls☆,1241.0,EDP,9.78,1042.0,1152.0,1268.0,1281.0,13.0,944709.0,999870.0,100.0,0.0,427.0,37.0
Good Sound United,1094.0,DSP,9.77,1093.0,1341.0,1487.0,1491.0,13.0,899059.0,999960.0,858.0,0.0,497.0,8.0
&Omega;VERSOUL,918.0,EDP,9.76,1224.0,1406.0,1554.0,1563.0,15.0,929125.0,999910.0,634.0,0.0,521.0,23.0
三毛猫ロック,142.0,DDP,9.76,572.0,677.0,750.0,753.0,9.0,916890.0,999970.0,195.0,0.0,251.0,6.0
Love You More,792.0,EDP,9.74,1316.0,1644.0,1823.0,1827.0,16.0,889252.0,999960.0,756.0,0.0,609.0,14.0
幸せになれる隠しコマンドがあるらしい,758.0,EDP,9.74,1132.0,1358.0,1504.0,1509.0,13.0,909732.0,999950.0,1117.0,0.0,503.0,12.0
SURVIVAL AT THE END OF THE UNIVERSE,1186.0,EDP,9.73,1629.0,1868.0,2064.0,2076.0,17.0,928536.0,999880.0,238.0,0.0,692.0,37.0
ZETA～素数の世界と超越者～,401.0,EDP,9.73,1358.0,1571.0,1737.0,1746.0,14.0,926223.0,999910.0,704.0,0.0,582.0,19.0
CENTAUR,154.0,EDP,9.73,742.0,845.0,933.0,939.0,12.0,936685.0,999940.0,359.0,0.0,313.0,3.0
向日葵サンセット,762.0,EDP,9.71,847.0,953.0,1051.0,1059.0,13.0,940197.0,999920.0,745.0,0.0,353.0,14.0
Beautiful Dream,500.0,CDP,9.71,1175.0,1498.0,1662.0,1665.0,15.0,876520.0,999970.0,823.0,0.0,555.0,31.0
Give Me,868.0,EDP,9.7,1293.0,1520.0,1682.0,1689.0,16.0,920168.0,999930.0,592.0,0.0,563.0,5.0
Vertigo,989.0,EDP,9.7,1146.0,1298.0,1433.0,1443.0,15.0,937367.0,999900.0,370.0,0.0,481.0,11.0
スカーレット警察のゲットーパトロール24時,1145.0,CSP,9.69,1791.0,2173.0,2408.0,2415.0,18.0,897352.0,999930.0,936.0,0.0,805.0,72.0
メンタンピンドラドラ,1194.0,EDP,9.65,1182.0,1398.0,1548.0,1554.0,16.0,914891.0,999940.0,251.0,0.0,518.0,24.0
ACE FOR ACES,757.0,CDP,9.65,1133.0,2108.0,2343.0,2343.0,18.0,688421.0,1000000.0,469.0,1.0,781.0,16.0
ホーンテッド★メイドランチ,897.0,EDP,9.64,1179.0,1417.0,1570.0,1575.0,15.0,909595.0,999950.0,650.0,0.0,525.0,5.0
Concertino in Blue,1106.0,ESP,9.62,1210.0,1431.0,1584.0,1590.0,16.0,916883.0,999940.0,909.0,0.0,530.0,11.0
BRIDAL FESTIVAL !!!,984.0,EDP,9.6,1174.0,1366.0,1511.0,1518.0,13.0,922717.0,999930.0,508.0,0.0,506.0,25.0
Horatio,291.0,EDP,9.6,954.0,1147.0,1271.0,1275.0,14.0,910083.0,999960.0,841.0,0.0,425.0,3.0
Eon Break,1166.0,ESP,9.57,1324.0,1701.0,1887.0,1890.0,16.0,876418.0,999970.0,936.0,0.0,630.0,8.0
Poochie,697.0,DDP,9.55,997.0,1158.0,1281.0,1287.0,12.0,923743.0,999940.0,499.0,0.0,429.0,22.0
Start a New Day,746.0,EDP,9.53,1077.0,1422.0,1579.0,1581.0,15.0,862634.0,999980.0,814.0,0.0,527.0,10.0
CARTOON HEROES (20th Anniversary Mix),853.0,DDP,9.52,897.0,1069.0,1184.0,1188.0,13.0,914730.0,999960.0,534.0,0.0,396.0,3.0
なだめスかし Negotiation,979.0,CDP,9.47,1009.0,1190.0,1318.0,1323.0,16.0,918066.0,999950.0,353.0,0.0,441.0,9.0
La receta,364.0,CDP,9.47,891.0,1012.0,1118.0,1125.0,13.0,935217.0,999930.0,357.0,0.0,375.0,15.0
怒れる大きな白い馬,223.0,EDP,9.46,792.0,915.0,1012.0,1017.0,11.0,930029.0,999950.0,546.0,0.0,339.0,1.0
osaka EVOLVED -毎度、おおきに！- (TYPE1),459.0,BDP,9.46,626.0,710.0,784.0,789.0,10.0,931850.0,999950.0,233.0,0.0,263.0,31.0
spring pony,1174.0,EDP,9.45,1341.0,1541.0,1704.0,1713.0,15.0,930614.0,999910.0,332.0,0.0,571.0,6.0
INNOCENCE OF SILENCE,172.0,EDP,9.45,694.0,807.0,893.0,897.0,12.0,925512.0,999960.0,374.0,0.0,299.0,7.0
Triple Counter,742.0,DDP,9.44,1187.0,1498.0,1662.0,1665.0,14.0,882937.0,999970.0,848.0,0.0,555.0,24.0
Boss Rush,787.0,DDP,9.39,1126.0,1482.0,1645.0,1647.0,14.0,863805.0,999980.0,695.0,0.0,549.0,14.0
The Wind of Gold,552.0,EDP,9.39,1165.0,1368.0,1515.0,1521.0,14.0,914326.0,999940.0,762.0,0.0,507.0,52.0
London EVOLVED ver.A,468.0,EDP,9.39,945.0,1088.0,1203.0,1209.0,14.0,930193.0,999940.0,641.0,0.0,403.0,7.0
この子の七つのお祝いに,217.0,EDP,9.37,1044.0,1231.0,1363.0,1368.0,14.0,919359.0,999950.0,647.0,0.0,456.0,4.0
In the past,939.0,EDP,9.36,1146.0,1325.0,1466.0,1473.0,16.0,927143.0,999930.0,571.0,0.0,491.0,14.0
MAX 300 (Super-Max-Me Mix),181.0,DDP,9.35,916.0,1088.0,1205.0,1209.0,12.0,915146.0,999960.0,471.0,0.0,403.0,9.0
First Time,820.0,CSP,9.35,1211.0,1525.0,1692.0,1695.0,18.0,885620.0,999970.0,1675.0,0.0,565.0,11.0
GRADIUSIC CYBER ～AMD G5 MIX～,19.0,EDP,9.33,868.0,993.0,1098.0,1104.0,13.0,934224.0,999940.0,443.0,0.0,368.0,0.0
Snow Garland Fairy,1155.0,EDP,9.33,1343.0,1571.0,1739.0,1746.0,17.0,922343.0,999930.0,337.0,0.0,582.0,7.0
roppongi EVOLVED ver.D,381.0,DDP,9.32,787.0,990.0,1099.0,1101.0,12.0,883292.0,999980.0,332.0,0.0,367.0,24.0
Blew My Mind,560.0,DDP,9.31,927.0,1185.0,1315.0,1317.0,12.0,877318.0,999980.0,598.0,0.0,439.0,18.0
roppongi EVOLVED ver.C,380.0,DDP,9.29,871.0,996.0,1101.0,1107.0,12.0,931401.0,999940.0,371.0,0.0,369.0,21.0
Concertino in Blue,1106.0,DDP,9.27,801.0,901.0,995.0,1002.0,12.0,940549.0,999930.0,192.0,0.0,334.0,10.0
Lose Your Sense,1158.0,ESP,9.27,1537.0,1919.0,2129.0,2133.0,17.0,888714.0,999960.0,746.0,0.0,711.0,17.0
LOVE &amp; JOY -Risk Junk MIX-,540.0,EDP,9.26,1352.0,1547.0,1710.0,1719.0,13.0,931986.0,999910.0,99.0,0.0,573.0,12.0
Crystarium,1157.0,EDP,9.19,1136.0,1274.0,1406.0,1416.0,15.0,938969.0,999900.0,249.0,0.0,472.0,35.0
Evans,994.0,DDP,9.19,1068.0,1282.0,1421.0,1425.0,14.0,909999.0,999960.0,511.0,0.0,475.0,8.0
Anti-Matter,341.0,DDP,9.16,1093.0,1350.0,1497.0,1500.0,15.0,888185.0,999970.0,825.0,0.0,500.0,56.0
EGOISM 440,640.0,ESP,9.16,1155.0,1674.0,1859.0,1860.0,18.0,816744.0,999990.0,2286.0,0.0,620.0,10.0
Straight Oath,501.0,EDP,9.13,1064.0,1274.0,1412.0,1416.0,14.0,911146.0,999960.0,495.0,0.0,472.0,8.0
Strobe&#9825;Girl,601.0,EDP,9.12,1207.0,1379.0,1525.0,1533.0,15.0,931824.0,999920.0,243.0,0.0,511.0,20.0
めうめうぺったんたん！！,495.0,EDP,9.1,975.0,1190.0,1320.0,1323.0,12.0,902010.0,999970.0,653.0,0.0,441.0,7.0
IMANOGUILTS,591.0,EDP,9.1,1294.0,1544.0,1711.0,1716.0,14.0,913277.0,999950.0,791.0,0.0,572.0,3.0
Run The Show,988.0,EDP,9.05,1066.0,1233.0,1365.0,1371.0,15.0,927603.0,999940.0,398.0,0.0,457.0,10.0
Arrabbiata,228.0,DDP,9.05,755.0,1015.0,1127.0,1128.0,14.0,856816.0,999990.0,803.0,0.0,376.0,1.0
最小三倍完全数,887.0,ESP,9.01,1379.0,1825.0,2026.0,2028.0,17.0,861792.0,999980.0,1501.0,0.0,676.0,6.0
Fleur,1057.0,EDP,9.0,1359.0,1579.0,1748.0,1755.0,16.0,923955.0,999930.0,334.0,0.0,585.0,21.0
Pure Rude,1195.0,EDP,8.99,1580.0,1857.0,2057.0,2064.0,15.0,919701.0,999930.0,247.0,0.0,688.0,4.0
New Generation,559.0,EDP,8.98,1112.0,1304.0,1444.0,1449.0,14.0,916617.0,999950.0,534.0,0.0,483.0,39.0
Cosmic Hurricane,490.0,CDP,8.96,1460.0,1725.0,1911.0,1917.0,15.0,912984.0,999940.0,705.0,0.0,639.0,45.0
"Reach The Sky, Without you",771.0,DDP,8.93,1002.0,1269.0,1408.0,1410.0,14.0,880293.0,999980.0,894.0,0.0,470.0,28.0
MANA,1099.0,EDP,8.89,1261.0,1641.0,1822.0,1824.0,15.0,867082.0,999980.0,388.0,0.0,608.0,27.0
ちくわパフェだよ☆ＣＫＰ (Yvya Remix),1245.0,CDP,8.88,1589.0,1741.0,1916.0,1935.0,16.0,951965.0,999810.0,85.0,0.0,645.0,13.0
London EVOLVED ver.A,468.0,DDP,8.87,767.0,874.0,967.0,972.0,11.0,931572.0,999950.0,332.0,0.0,324.0,24.0
Abrupt Madness,1203.0,ESP,8.86,1538.0,1779.0,1969.0,1977.0,17.0,926503.0,999920.0,414.0,0.0,659.0,16.0
Sakura Sunrise,384.0,EDP,8.86,944.0,1185.0,1315.0,1317.0,15.0,886058.0,999980.0,849.0,0.0,439.0,19.0
シル・ヴ・プレジデント,1022.0,CDP,8.86,1033.0,1225.0,1358.0,1362.0,14.0,916181.0,999960.0,522.0,0.0,454.0,5.0
POSSESSION(EDP Live Mix),634.0,EDP,8.84,1101.0,1544.0,1715.0,1716.0,16.0,832086.0,999990.0,1048.0,0.0,572.0,14.0
KING,1101.0,EDP,8.83,1438.0,1717.0,1903.0,1908.0,16.0,911165.0,999950.0,461.0,0.0,636.0,15.0
ORCA,837.0,ESP,8.81,1140.0,1836.0,2040.0,2040.0,17.0,764959.0,1000000.0,1643.0,1.0,680.0,5.0
Deep tenDon Reflex,1063.0,CSP,8.78,1439.0,1892.0,2101.0,2103.0,17.0,855963.0,999980.0,1082.0,0.0,701.0,68.0
Go To The Oasis,1153.0,EDP,8.77,1328.0,1517.0,1678.0,1686.0,15.0,933625.0,999920.0,301.0,0.0,562.0,7.0
New York EVOLVED (Type C),467.0,DDP,8.75,918.0,1042.0,1152.0,1158.0,13.0,937043.0,999940.0,297.0,0.0,386.0,7.0
Go For The Top,485.0,DDP,8.75,807.0,934.0,1034.0,1038.0,11.0,927195.0,999960.0,480.0,0.0,346.0,10.0
放課後ストライド,703.0,EDP,8.74,1280.0,1584.0,1758.0,1761.0,15.0,894560.0,999970.0,895.0,0.0,587.0,8.0
FIRE FIRE,351.0,EDP,8.73,1189.0,1374.0,1521.0,1527.0,13.0,927576.0,999940.0,828.0,0.0,509.0,12.0
ふりそでーしょん,542.0,EDP,8.72,1060.0,1285.0,1425.0,1428.0,13.0,905203.0,999970.0,81.0,0.0,476.0,7.0
朧,691.0,CDP,8.71,1049.0,1323.0,1468.0,1470.0,14.0,884738.0,999980.0,1240.0,0.0,490.0,16.0
New Millennium,1227.0,DSP,8.71,1424.0,1633.0,1807.0,1815.0,15.0,929028.0,999920.0,819.0,0.0,605.0,32.0
Hunny Bunny,912.0,EDP,8.71,1094.0,1274.0,1411.0,1416.0,15.0,925050.0,999950.0,592.0,0.0,472.0,5.0
The Least 100sec,134.0,EDP,8.69,1053.0,1244.0,1379.0,1383.0,14.0,918318.0,999960.0,623.0,0.0,461.0,2.0
Abrupt Madness,1203.0,EDP,8.68,1491.0,1668.0,1842.0,1854.0,17.0,942546.0,999880.0,100.0,0.0,618.0,13.0
osaka EVOLVED -毎度、おおきに！- (TYPE2),460.0,BDP,8.68,620.0,704.0,779.0,783.0,10.0,931339.0,999960.0,179.0,0.0,261.0,27.0
ラクガキスト,596.0,EDP,8.67,1238.0,1520.0,1686.0,1689.0,13.0,898829.0,999970.0,694.0,0.0,563.0,7.0
Pierce The Sky,372.0,EDP,8.65,1126.0,1314.0,1456.0,1461.0,14.0,922335.0,999950.0,844.0,0.0,487.0,17.0
LOVE EAST,1230.0,EDP,8.64,1341.0,1482.0,1634.0,1647.0,15.0,948594.0,999870.0,124.0,0.0,549.0,10.0
Gamelan de Couple,112.0,EDP,8.62,700.0,801.0,887.0,891.0,13.0,934120.0,999960.0,525.0,0.0,297.0,0.0
WH1TE RO5E,397.0,EDP,8.61,840.0,974.0,1079.0,1083.0,13.0,925679.0,999960.0,468.0,0.0,361.0,14.0
Illegal Function Call,731.0,DDP,8.61,1129.0,1298.0,1437.0,1443.0,14.0,930578.0,999940.0,674.0,0.0,481.0,9.0
Idola,599.0,DDP,8.6,1076.0,1269.0,1406.0,1410.0,12.0,913131.0,999960.0,687.0,0.0,470.0,44.0
パーフェクトイーター,1210.0,EDP,8.6,1620.0,1841.0,2036.0,2046.0,17.0,934269.0,999900.0,236.0,0.0,682.0,23.0
Go For The Top,485.0,EDP,8.59,1173.0,1350.0,1494.0,1500.0,15.0,927945.0,999940.0,773.0,0.0,500.0,27.0
3y3s,1250.0,ESP,8.58,1690.0,1976.0,2189.0,2196.0,17.0,922081.0,999930.0,567.0,0.0,732.0,5.0
Firestorm,919.0,EDP,8.57,1215.0,1401.0,1551.0,1557.0,16.0,926279.0,999940.0,628.0,0.0,519.0,30.0
Ishtar,749.0,EDP,8.56,955.0,1115.0,1235.0,1239.0,14.0,921250.0,999960.0,1086.0,0.0,413.0,23.0
TRIP MACHINE PhoeniX,266.0,CDP,8.56,1068.0,1290.0,1431.0,1434.0,16.0,907936.0,999970.0,550.0,0.0,478.0,1.0
Rave in the Shell,1204.0,DDP,8.53,977.0,1125.0,1246.0,1251.0,12.0,928725.0,999950.0,155.0,0.0,417.0,16.0
Ambivalent Vermilia,1251.0,DDP,8.53,1543.0,1701.0,1875.0,1890.0,15.0,948039.0,999850.0,186.0,0.0,630.0,27.0
Rescue Me,436.0,EDP,8.52,761.0,893.0,990.0,993.0,13.0,917706.0,999970.0,546.0,0.0,331.0,23.0
High School Love,777.0,EDP,8.49,1100.0,1296.0,1436.0,1440.0,13.0,918594.0,999960.0,797.0,0.0,480.0,13.0
Re:GENERATION,913.0,EDP,8.48,1333.0,1514.0,1675.0,1683.0,15.0,934307.0,999920.0,661.0,0.0,561.0,23.0
創世ノート,532.0,EDP,8.46,1215.0,1417.0,1570.0,1575.0,14.0,919214.0,999950.0,673.0,0.0,525.0,41.0
乙女繚乱 舞い咲き誇れ,642.0,EDP,8.46,1113.0,1290.0,1429.0,1434.0,13.0,924721.0,999950.0,737.0,0.0,478.0,22.0
Skywalking,842.0,EDP,8.43,1304.0,1555.0,1724.0,1728.0,15.0,910861.0,999960.0,666.0,0.0,576.0,24.0
Summer Fairytale,517.0,CDP,8.43,1022.0,1161.0,1284.0,1290.0,14.0,935103.0,999940.0,510.0,0.0,430.0,19.0
野球の遊び方　そしてその歴史　～決定版～,578.0,EDP,8.43,1047.0,1228.0,1361.0,1365.0,14.0,919991.0,999960.0,603.0,0.0,455.0,17.0
Another Phase,526.0,EDP,8.41,1291.0,1490.0,1650.0,1656.0,15.0,928859.0,999940.0,873.0,0.0,552.0,5.0
Pursuer,797.0,ESP,8.41,1012.0,1517.0,1686.0,1686.0,17.0,797809.0,1000000.0,1679.0,1.0,562.0,19.0
Far east nightbird,735.0,EDP,8.41,1002.0,1198.0,1329.0,1332.0,13.0,912281.0,999970.0,923.0,0.0,444.0,4.0
Star Trail,699.0,EDP,8.4,1078.0,1266.0,1403.0,1407.0,13.0,919348.0,999960.0,661.0,0.0,469.0,18.0
glacia,1087.0,DDP,8.39,1226.0,1428.0,1582.0,1587.0,14.0,923302.0,999950.0,298.0,0.0,529.0,16.0
初音ミクの消失,760.0,EDP,8.36,1355.0,1660.0,1842.0,1845.0,14.0,899104.0,999970.0,852.0,0.0,615.0,11.0
一途,1138.0,EDP,8.34,1331.0,1522.0,1685.0,1692.0,15.0,932842.0,999930.0,363.0,0.0,564.0,9.0
TAKE ME HIGHER,1156.0,ESP,8.33,991.0,1155.0,1280.0,1284.0,16.0,923789.0,999960.0,809.0,0.0,428.0,12.0
La libertad,363.0,CDP,8.33,1016.0,1166.0,1291.0,1296.0,14.0,930256.0,999950.0,603.0,0.0,432.0,17.0
Lightspeed,978.0,EDP,8.31,1334.0,1539.0,1704.0,1710.0,16.0,928739.0,999940.0,420.0,0.0,570.0,9.0
tokyoEVOLVED (TYPE2),463.0,DDP,8.3,858.0,988.0,1094.0,1098.0,13.0,930203.0,999960.0,213.0,0.0,366.0,9.0
Drive Away,1198.0,ESP,8.29,1355.0,1657.0,1839.0,1842.0,17.0,900365.0,999970.0,380.0,0.0,614.0,9.0
Toy Box Factory,844.0,EDP,8.27,1147.0,1309.0,1449.0,1455.0,15.0,934026.0,999940.0,706.0,0.0,485.0,7.0
TSUGARU,93.0,EDP,8.27,853.0,980.0,1085.0,1089.0,13.0,931983.0,999960.0,577.0,0.0,363.0,3.0
Unreal,268.0,EDP,8.26,878.0,1069.0,1186.0,1188.0,14.0,905086.0,999980.0,554.0,0.0,396.0,0.0
Elysium,589.0,CDP,8.24,1000.0,1163.0,1289.0,1293.0,13.0,924013.0,999960.0,403.0,0.0,431.0,15.0
Desert Journey,523.0,CDP,8.24,1104.0,1293.0,1433.0,1437.0,15.0,915848.0,999960.0,560.0,0.0,479.0,50.0
TSUGARU,93.0,DDP,8.23,554.0,650.0,721.0,723.0,9.0,921512.0,999980.0,202.0,0.0,241.0,5.0
DUAL STRIKER,1117.0,EDP,8.21,1385.0,1690.0,1875.0,1878.0,17.0,898823.0,999970.0,381.0,0.0,626.0,30.0
めうめうぺったんたん！！ (ZAQUVA Remix),1242.0,CSP,8.19,1693.0,1960.0,2171.0,2178.0,17.0,925311.0,999930.0,352.0,0.0,726.0,24.0
TYPH&Oslash;N,1041.0,DDP,8.17,1315.0,1449.0,1599.0,1611.0,14.0,949045.0,999880.0,344.0,0.0,537.0,16.0
梅雪夜,992.0,EDP,8.13,1098.0,1282.0,1421.0,1425.0,14.0,922712.0,999960.0,580.0,0.0,475.0,13.0
TRIP MACHINE PhoeniX,266.0,EDP,8.12,897.0,1090.0,1210.0,1212.0,16.0,905223.0,999980.0,681.0,0.0,404.0,1.0
osaka EVOLVED -毎度、おおきに！- (TYPE3),461.0,BDP,8.1,656.0,753.0,834.0,837.0,10.0,926356.0,999970.0,187.0,0.0,279.0,30.0
からふるぱすてる,551.0,EDP,8.08,999.0,1182.0,1311.0,1314.0,13.0,914615.0,999970.0,737.0,0.0,438.0,22.0
腐れ外道とチョコレゐト,854.0,DDP,8.06,1018.0,1204.0,1335.0,1338.0,13.0,916166.0,999970.0,561.0,0.0,446.0,14.0
キヤロラ衛星の軌跡,1146.0,EDP,8.05,1585.0,1779.0,1967.0,1977.0,16.0,936218.0,999900.0,367.0,0.0,659.0,64.0
VOLAQUAS,1150.0,DDP,8.05,1433.0,1703.0,1889.0,1893.0,15.0,909452.0,999960.0,349.0,0.0,631.0,49.0
DeStRuCtIvE FoRcE,936.0,EDP,8.01,977.0,1128.0,1250.0,1254.0,13.0,927355.0,999960.0,369.0,0.0,418.0,17.0
ACE FOR ACES,757.0,EDP,8.0,1208.0,1792.0,1992.0,1992.0,15.0,801635.0,1000000.0,771.0,1.0,664.0,25.0
Debug Dance,1141.0,EDP,7.99,1411.0,1606.0,1778.0,1785.0,15.0,933998.0,999930.0,332.0,0.0,595.0,17.0
chaplet,1173.0,DDP,7.96,896.0,1012.0,1120.0,1125.0,13.0,935686.0,999950.0,334.0,0.0,375.0,28.0
Angelic Jelly,737.0,EDP,7.93,1153.0,1422.0,1579.0,1581.0,13.0,896993.0,999980.0,914.0,0.0,527.0,4.0
晴天Bon Voyage,528.0,EDP,7.93,831.0,966.0,1071.0,1074.0,11.0,917358.0,999970.0,473.0,0.0,358.0,49.0
"Acid,Tribal &amp; Dance (DDR EDITION)",1122.0,CDP,7.91,1166.0,1703.0,1893.0,1893.0,17.0,810916.0,1000000.0,240.0,1.0,631.0,19.0
toy boxer,891.0,EDP,7.91,1305.0,1568.0,1740.0,1743.0,16.0,908996.0,999970.0,629.0,0.0,581.0,8.0
F4SH10N,859.0,EDP,7.9,1023.0,1152.0,1275.0,1281.0,14.0,938817.0,999940.0,767.0,0.0,427.0,19.0
Wicked Plastik,426.0,EDP,7.9,936.0,1074.0,1190.0,1194.0,13.0,931732.0,999960.0,419.0,0.0,398.0,6.0
On The Break,300.0,EDP,7.88,847.0,985.0,1092.0,1095.0,14.0,926126.0,999970.0,671.0,0.0,365.0,5.0
Chronos,439.0,CDP,7.88,1375.0,1593.0,1765.0,1770.0,15.0,922263.0,999950.0,832.0,0.0,590.0,48.0
paparazzi,1018.0,DDP,7.86,1163.0,1304.0,1442.0,1449.0,12.0,942043.0,999930.0,317.0,0.0,483.0,10.0
めうめうぺったんたん！！ (ZAQUVA Remix),1242.0,EDP,7.85,1225.0,1358.0,1500.0,1509.0,13.0,946910.0,999910.0,90.0,0.0,503.0,13.0
Choo Choo TRAIN,543.0,EDP,7.84,553.0,607.0,670.0,675.0,8.0,951764.0,999950.0,69.0,0.0,225.0,8.0
アドレナリン,1177.0,ESP,7.84,1265.0,1439.0,1593.0,1599.0,15.0,934597.0,999940.0,750.0,0.0,533.0,17.0
Towards the TOWER,722.0,EDP,7.84,885.0,996.0,1102.0,1107.0,12.0,940976.0,999950.0,627.0,0.0,369.0,6.0
パピポペピプペパ,1043.0,EDP,7.82,1383.0,1663.0,1845.0,1848.0,15.0,908162.0,999970.0,454.0,0.0,616.0,12.0
[ ]DENTITY,1258.0,DDP,7.81,1455.0,1590.0,1753.0,1767.0,14.0,949868.0,999860.0,78.0,0.0,589.0,51.0
Tell me what to do,515.0,CDP,7.81,1211.0,1374.0,1521.0,1527.0,14.0,934602.0,999940.0,550.0,0.0,509.0,28.0
最終鬼畜妹フランドール・Ｓ,922.0,DDP,7.8,1403.0,1652.0,1832.0,1836.0,13.0,914141.0,999960.0,587.0,0.0,612.0,50.0
KUNG FU FIGHTING,472.0,CDP,7.74,560.0,621.0,686.0,690.0,10.0,944948.0,999960.0,77.0,0.0,230.0,19.0
Hillbilly Shoes,712.0,EDP,7.74,875.0,972.0,1074.0,1080.0,13.0,946890.0,999940.0,414.0,0.0,360.0,8.0
Deep tenDon Reflex,1063.0,EDP,7.71,1365.0,1576.0,1747.0,1752.0,15.0,922235.0,999950.0,533.0,0.0,584.0,60.0
未完成ノ蒸氣驅動乙女 (DDR Edition),898.0,DDP,7.69,1154.0,1336.0,1481.0,1485.0,13.0,923699.0,999960.0,523.0,0.0,495.0,34.0
脳漿炸裂ガール,759.0,CDP,7.68,1472.0,1733.0,1922.0,1926.0,14.0,918158.0,999960.0,885.0,0.0,642.0,15.0
GLOW THE CROWN,1200.0,ESP,7.68,1727.0,2057.0,2282.0,2286.0,17.0,906894.0,999960.0,434.0,0.0,762.0,69.0
50th Memorial Songs -Beginning Story-,838.0,EDP,7.67,1260.0,1406.0,1555.0,1563.0,14.0,944311.0,999920.0,559.0,0.0,521.0,10.0
Elemental Creation,536.0,BDP,7.67,1008.0,1217.0,1351.0,1353.0,11.0,904618.0,999980.0,663.0,0.0,451.0,24.0
ORCA,837.0,DSP,7.66,862.0,1177.0,1308.0,1308.0,14.0,846781.0,1000000.0,1761.0,1.0,436.0,8.0
Neutrino,752.0,ESP,7.64,1014.0,1412.0,1569.0,1569.0,16.0,833649.0,1000000.0,2136.0,1.0,523.0,24.0
LOVE SHINE (Body Grooverz 2006 mix),1171.0,EDP,7.64,1325.0,1506.0,1668.0,1674.0,15.0,935687.0,999940.0,194.0,0.0,558.0,7.0
Air Heroes,538.0,EDP,7.63,959.0,1323.0,1470.0,1470.0,15.0,838873.0,1000000.0,967.0,1.0,490.0,21.0
爆なな☆てすとロイヤー,660.0,EDP,7.61,1061.0,1242.0,1377.0,1380.0,12.0,921970.0,999970.0,816.0,0.0,460.0,10.0
Romancing Layer,584.0,EDP,7.61,1003.0,1171.0,1299.0,1302.0,14.0,921706.0,999970.0,915.0,0.0,434.0,17.0
Sakura Mirage,664.0,EDP,7.6,1029.0,1320.0,1466.0,1467.0,14.0,874003.0,999990.0,840.0,0.0,489.0,27.0
50th Memorial Songs -The BEMANI History-,852.0,EDP,7.6,923.0,1026.0,1134.0,1140.0,13.0,944998.0,999940.0,441.0,0.0,380.0,19.0
灼熱 Pt.2 Long Train Running,1025.0,EDP,7.58,1625.0,1890.0,2095.0,2100.0,16.0,922081.0,999950.0,527.0,0.0,700.0,35.0
Jungle Dance,1193.0,EDP,7.58,1461.0,1668.0,1848.0,1854.0,16.0,931451.0,999940.0,254.0,0.0,618.0,27.0
Far east nightbird kors k Remix -DDR edit ver-,736.0,EDP,7.57,960.0,1117.0,1239.0,1242.0,13.0,923356.0,999970.0,870.0,0.0,414.0,18.0
Habibe (Antuh muhleke),605.0,EDP,7.57,939.0,1071.0,1187.0,1191.0,13.0,933989.0,999960.0,345.0,0.0,397.0,11.0
Top The Charts,519.0,CDP,7.56,1025.0,1198.0,1329.0,1332.0,14.0,917441.0,999970.0,535.0,0.0,444.0,43.0
DROP OUT,34.0,EDP,7.56,898.0,1020.0,1130.0,1134.0,13.0,937471.0,999960.0,735.0,0.0,378.0,0.0
M.A.Y.U.,650.0,EDP,7.54,1013.0,1131.0,1251.0,1257.0,13.0,944636.0,999940.0,473.0,0.0,419.0,6.0
Love&#9825;Shine わんだふるmix,811.0,CDP,7.53,1085.0,1271.0,1410.0,1413.0,14.0,919527.0,999970.0,662.0,0.0,471.0,23.0
PUT YOUR FAITH IN ME (DA's Twinkly Disco Remix),483.0,EDP,7.52,873.0,1007.0,1116.0,1119.0,13.0,927908.0,999970.0,444.0,0.0,373.0,18.0
PARANOiA,1.0,DDP,7.52,713.0,834.0,925.0,927.0,13.0,924554.0,999980.0,693.0,0.0,309.0,0.0
Elemental Creation,536.0,CSP,7.52,1758.0,2381.0,2645.0,2646.0,18.0,847458.0,999990.0,1935.0,0.0,882.0,22.0
御伽噺に幕切れを,933.0,EDP,7.52,1085.0,1215.0,1344.0,1350.0,13.0,941087.0,999940.0,488.0,0.0,450.0,24.0
suspicions,1216.0,DDP,7.5,1432.0,1584.0,1751.0,1761.0,14.0,945536.0,999900.0,163.0,0.0,587.0,34.0
Poochie,697.0,ESP,7.49,1256.0,1779.0,1977.0,1977.0,16.0,823747.0,1000000.0,2239.0,1.0,659.0,32.0
Synergy For Angels,533.0,EDP,7.48,1296.0,1482.0,1642.0,1647.0,14.0,930896.0,999950.0,692.0,0.0,549.0,27.0
トランスダンスアナーキー,1228.0,EDP,7.44,1909.0,2143.0,2372.0,2382.0,16.0,937212.0,999900.0,124.0,0.0,794.0,56.0
この子の七つのお祝いに,217.0,DDP,7.43,730.0,853.0,946.0,948.0,10.0,922601.0,999980.0,316.0,0.0,316.0,12.0
Finale,1213.0,CDP,7.43,1269.0,1447.0,1603.0,1608.0,15.0,914728.0,999950.0,106.0,0.0,536.0,154.0
BITTER CHOCOLATE STRIKER,990.0,EDP,7.43,1315.0,1487.0,1647.0,1653.0,14.0,938090.0,999940.0,609.0,0.0,551.0,7.0
PRANA,555.0,EDP,7.42,1142.0,1312.0,1454.0,1458.0,14.0,931679.0,999960.0,819.0,0.0,486.0,4.0
バンブーソード・ガール,597.0,CSP,7.42,1591.0,1971.0,2188.0,2190.0,18.0,889041.0,999980.0,1363.0,0.0,730.0,49.0
Air Heroes,538.0,CDP,7.42,1202.0,1684.0,1872.0,1872.0,17.0,828870.0,1000000.0,624.0,1.0,624.0,33.0
おーまい！らぶりー！すうぃーてぃ！だーりん！,892.0,EDP,7.41,1344.0,1522.0,1686.0,1692.0,15.0,937496.0,999940.0,811.0,0.0,564.0,7.0
ORION.78～civilization mix～,66.0,EDP,7.4,882.0,1015.0,1125.0,1128.0,13.0,932021.0,999970.0,468.0,0.0,376.0,0.0
MAX.(period),641.0,ESP,7.38,1125.0,1555.0,1728.0,1728.0,16.0,841430.0,1000000.0,2104.0,1.0,576.0,3.0
VALLIS-NERIA,1113.0,EDP,7.38,1633.0,1790.0,1976.0,1989.0,16.0,950630.0,999870.0,265.0,0.0,663.0,26.0
MEGALOVANIA,1071.0,DDP,7.36,1039.0,1185.0,1313.0,1317.0,12.0,915348.0,999960.0,471.0,0.0,439.0,125.0
8000000,666.0,DDP,7.33,966.0,1115.0,1236.0,1239.0,11.0,928598.0,999970.0,296.0,0.0,413.0,10.0
Valkyrie dimension,395.0,BDP,7.32,699.0,912.0,1014.0,1014.0,13.0,869488.0,1000000.0,576.0,1.0,338.0,7.0
星屑の夜果て,925.0,EDP,7.32,1462.0,1660.0,1839.0,1845.0,15.0,933952.0,999940.0,636.0,0.0,615.0,31.0
恋愛観測,748.0,EDP,7.3,934.0,1171.0,1301.0,1302.0,12.0,886284.0,999990.0,948.0,0.0,434.0,21.0
Battle Against a True Hero,1211.0,DSP,7.3,960.0,1109.0,1230.0,1233.0,12.0,914693.0,999970.0,498.0,0.0,411.0,87.0
CHAOS,155.0,CSP,7.3,840.0,1117.0,1242.0,1242.0,16.0,859581.0,1000000.0,1982.0,1.0,414.0,9.0
Chronos (walk with you remix),794.0,EDP,7.29,1236.0,1493.0,1657.0,1659.0,14.0,907199.0,999980.0,879.0,0.0,553.0,6.0
ROCK THE PARTY,1219.0,ESP,7.29,1738.0,2014.0,2233.0,2238.0,16.0,923978.0,999950.0,775.0,0.0,746.0,31.0
Fascination ～eternal love mix～,159.0,CSP,7.28,1151.0,1582.0,1758.0,1758.0,18.0,842334.0,1000000.0,1797.0,1.0,586.0,14.0
ロストワンの号哭,727.0,CDP,7.27,1824.0,2076.0,2300.0,2307.0,15.0,925131.0,999930.0,835.0,0.0,769.0,119.0
Trim,265.0,DDP,7.26,799.0,934.0,1036.0,1038.0,10.0,917016.0,999980.0,263.0,0.0,346.0,37.0
ミックスナッツ,1120.0,EDP,7.26,992.0,1177.0,1306.0,1308.0,14.0,913603.0,999980.0,603.0,0.0,436.0,21.0
チルノのパーフェクトさんすう教室,761.0,CDP,7.25,1481.0,1698.0,1882.0,1887.0,15.0,930336.0,999950.0,801.0,0.0,629.0,20.0
Prey,809.0,ESP,7.24,1254.0,1736.0,1929.0,1929.0,18.0,839070.0,1000000.0,1906.0,1.0,643.0,10.0
Trigger,326.0,DSP,7.24,794.0,1042.0,1158.0,1158.0,12.0,865592.0,1000000.0,905.0,1.0,386.0,11.0
ハッピーシンセサイザ,704.0,EDP,7.23,799.0,896.0,992.0,996.0,13.0,943410.0,999960.0,992.0,0.0,332.0,4.0
DEAD END,16.0,EDP,7.23,1032.0,1228.0,1363.0,1365.0,13.0,915620.0,999980.0,795.0,0.0,455.0,0.0
ヤサイマシ☆ニンニクアブラオオメ,1104.0,EDP,7.21,1010.0,1166.0,1293.0,1296.0,14.0,927407.0,999970.0,315.0,0.0,432.0,16.0
AM-3P(AM EAST mix),68.0,CDP,7.21,697.0,788.0,873.0,876.0,11.0,939984.0,999970.0,385.0,0.0,292.0,3.0
Aria,1196.0,DDP,7.2,1084.0,1220.0,1351.0,1356.0,13.0,938901.0,999950.0,101.0,0.0,452.0,23.0
Tohoku EVOLVED,471.0,ESP,7.2,1309.0,1817.0,2019.0,2019.0,17.0,836738.0,1000000.0,2157.0,1.0,673.0,17.0
Fascination MAXX,160.0,ESP,7.18,1258.0,1738.0,1932.0,1932.0,17.0,841163.0,1000000.0,2295.0,1.0,644.0,4.0
Healing-D-Vision,169.0,DSP,7.17,729.0,947.0,1053.0,1053.0,12.0,872758.0,1000000.0,1017.0,1.0,351.0,2.0
"Acid,Tribal &amp; Dance (DDR EDITION)",1122.0,CSP,7.16,1228.0,1687.0,1875.0,1875.0,17.0,841873.0,1000000.0,788.0,1.0,625.0,16.0
Good Looking,1010.0,EDP,7.16,1150.0,1314.0,1457.0,1461.0,15.0,934082.0,999960.0,409.0,0.0,487.0,1.0
ハラショー！おにぎりサーカス団☆,976.0,EDP,7.14,1345.0,1501.0,1661.0,1668.0,15.0,942691.0,999930.0,423.0,0.0,556.0,25.0
UNBELIEVABLE (Sparky remix),430.0,EDP,7.1,1102.0,1385.0,1538.0,1539.0,16.0,881768.0,999990.0,937.0,0.0,513.0,43.0
Prey,809.0,CSP,7.09,920.0,1298.0,1443.0,1443.0,18.0,821021.0,1000000.0,1486.0,2.0,481.0,46.0
ON-DO,1102.0,EDP,7.09,1245.0,1339.0,1474.0,1488.0,14.0,961141.0,999860.0,230.0,0.0,496.0,4.0
Neverland,830.0,EDP,7.08,1220.0,1377.0,1525.0,1530.0,14.0,937936.0,999950.0,787.0,0.0,510.0,20.0
In The Breeze,662.0,EDP,7.05,753.0,839.0,929.0,933.0,12.0,945739.0,999960.0,637.0,0.0,311.0,5.0
NEPHILIM DELTA,449.0,EDP,7.05,1341.0,1522.0,1687.0,1692.0,14.0,936782.0,999950.0,810.0,0.0,564.0,3.0
IF YOU WERE HERE (L.E.D.-G STYLE REMIX),358.0,EDP,7.04,1017.0,1171.0,1299.0,1302.0,13.0,927501.0,999970.0,162.0,0.0,434.0,25.0
BRILLIANT 2U (&quot;STREAM&quot; Special),232.0,CDP,7.03,757.0,877.0,973.0,975.0,13.0,928796.0,999980.0,437.0,0.0,325.0,0.0
Pluto,252.0,DSP,7.03,658.0,837.0,930.0,930.0,12.0,879548.0,1000000.0,899.0,1.0,310.0,17.0
Bang Pad(Werk Mix),963.0,EDP,6.99,1242.0,1401.0,1552.0,1557.0,13.0,938798.0,999950.0,516.0,0.0,519.0,14.0
恋の氷結おてんば湯けむりチルノ温泉,1144.0,ESP,6.96,1285.0,1471.0,1631.0,1635.0,15.0,929661.0,999960.0,888.0,0.0,545.0,34.0
IX,583.0,ESP,6.96,1515.0,2100.0,2334.0,2334.0,17.0,835822.0,1000000.0,2181.0,1.0,778.0,25.0
9th Outburst,1252.0,EDP,6.96,1441.0,1541.0,1695.0,1713.0,15.0,959546.0,999820.0,55.0,0.0,571.0,49.0
回レ！雪月花,566.0,CDP,6.96,758.0,918.0,1019.0,1020.0,13.0,905207.0,999990.0,648.0,0.0,340.0,13.0
Eternal Summer,802.0,EDP,6.95,1127.0,1336.0,1483.0,1485.0,13.0,913108.0,999980.0,731.0,0.0,495.0,27.0
Death by Glamour,1212.0,EDP,6.95,1583.0,1790.0,1983.0,1989.0,14.0,922487.0,999940.0,272.0,0.0,663.0,162.0
Pluto,252.0,CSP,6.94,1069.0,1420.0,1578.0,1578.0,16.0,859993.0,1000000.0,1926.0,1.0,526.0,10.0
Anti-Matter,341.0,CSP,6.91,1439.0,1971.0,2190.0,2190.0,18.0,841342.0,1000000.0,1827.0,1.0,730.0,30.0
Fascination MAXX,160.0,DDP,6.91,803.0,1034.0,1149.0,1149.0,13.0,877139.0,1000000.0,637.0,1.0,383.0,3.0
虹色,224.0,EDP,6.91,834.0,945.0,1047.0,1050.0,13.0,939411.0,999970.0,631.0,0.0,350.0,0.0
ｍｅｍｏｒｙ／／ＤＡＴＡＭＯＳＨＥＲ,1224.0,DSP,6.91,1098.0,1298.0,1441.0,1443.0,13.0,917644.0,999980.0,838.0,0.0,481.0,5.0
Let Me Know,1121.0,EDP,6.91,1289.0,1441.0,1596.0,1602.0,15.0,943018.0,999940.0,367.0,0.0,534.0,11.0
Fly far bounce,750.0,EDP,6.89,916.0,1069.0,1186.0,1188.0,13.0,923778.0,999980.0,841.0,0.0,396.0,9.0
xenon,140.0,EDP,6.88,903.0,1012.0,1121.0,1125.0,13.0,942201.0,999960.0,621.0,0.0,375.0,12.0
CHAOS,155.0,DSP,6.87,496.0,666.0,741.0,741.0,12.0,857329.0,1000000.0,1043.0,3.0,247.0,2.0
Trigger,326.0,ESP,6.87,1055.0,1393.0,1548.0,1548.0,16.0,859652.0,1000000.0,1832.0,1.0,516.0,28.0
Six String Proof,890.0,EDP,6.85,1006.0,1120.0,1240.0,1245.0,13.0,945747.0,999950.0,513.0,0.0,415.0,8.0
Fascination MAXX,160.0,CSP,6.84,1367.0,1852.0,2058.0,2058.0,18.0,848874.0,1000000.0,1826.0,1.0,686.0,16.0
Fascination ～eternal love mix～,159.0,DSP,6.84,831.0,1069.0,1188.0,1188.0,13.0,877734.0,1000000.0,1447.0,1.0,396.0,1.0
ACE FOR ACES,757.0,DDP,6.82,935.0,1215.0,1350.0,1350.0,13.0,867980.0,1000000.0,809.0,1.0,450.0,25.0
London EVOLVED ver.C,470.0,CSP,6.81,1496.0,1903.0,2114.0,2115.0,17.0,881357.0,999990.0,1873.0,0.0,705.0,2.0
Pluto The First,373.0,DSP,6.81,852.0,1096.0,1218.0,1218.0,14.0,875391.0,1000000.0,1827.0,1.0,406.0,11.0
Spanish Snowy Dance,545.0,CSP,6.8,1599.0,2046.0,2273.0,2274.0,17.0,874906.0,999990.0,1905.0,0.0,758.0,32.0
DDR TAGMIX -LAST DanceR-,1046.0,BDP,6.79,869.0,1007.0,1117.0,1119.0,11.0,922315.0,999980.0,299.0,0.0,373.0,34.0
大見解,144.0,CDP,6.79,1018.0,1193.0,1324.0,1326.0,14.0,920266.0,999980.0,725.0,0.0,442.0,18.0
大見解,144.0,EDP,6.78,1000.0,1169.0,1297.0,1299.0,13.0,921381.0,999980.0,565.0,0.0,433.0,18.0
Confession,520.0,CDP,6.78,1185.0,1328.0,1471.0,1476.0,14.0,941082.0,999950.0,658.0,0.0,492.0,21.0
Blew My Mind,560.0,ESP,6.77,1216.0,1617.0,1797.0,1797.0,16.0,857810.0,1000000.0,2060.0,1.0,599.0,17.0
Summer fantasy (Darwin remix),663.0,EDP,6.77,841.0,972.0,1078.0,1080.0,13.0,927051.0,999980.0,438.0,0.0,360.0,16.0
Black Emperor,1077.0,CDP,6.75,1528.0,2079.0,2310.0,2310.0,18.0,844277.0,1000000.0,271.0,1.0,770.0,31.0
New Decade,369.0,DDP,6.75,926.0,1196.0,1329.0,1329.0,14.0,868843.0,1000000.0,821.0,1.0,443.0,33.0
London EVOLVED ver.B,469.0,EDP,6.75,1208.0,1371.0,1520.0,1524.0,14.0,933093.0,999960.0,545.0,0.0,508.0,38.0
新蛇姫,1147.0,DDP,6.73,1232.0,1398.0,1550.0,1554.0,14.0,935919.0,999960.0,288.0,0.0,518.0,13.0
Come To m1dy,1225.0,DSP,6.72,1235.0,1401.0,1553.0,1557.0,15.0,936974.0,999960.0,844.0,0.0,519.0,6.0
dirty digital,348.0,CDP,6.72,744.0,853.0,946.0,948.0,13.0,933457.0,999980.0,365.0,0.0,316.0,2.0
恋はどう？モロ◎波動OK☆方程式！！,572.0,DDP,6.71,816.0,985.0,1094.0,1095.0,11.0,904937.0,999990.0,521.0,0.0,365.0,20.0
Urban Life,1236.0,EDP,6.71,1375.0,1493.0,1648.0,1659.0,15.0,956591.0,999890.0,162.0,0.0,553.0,8.0
LEVEL UP,866.0,EDP,6.71,974.0,1107.0,1227.0,1230.0,13.0,935050.0,999970.0,616.0,0.0,410.0,16.0
輪廻転生,769.0,EDP,6.7,1430.0,1663.0,1845.0,1848.0,13.0,924282.0,999970.0,642.0,0.0,616.0,15.0
BREAKING THE FUTURE,1188.0,DSP,6.7,1365.0,1582.0,1755.0,1758.0,14.0,922268.0,999970.0,665.0,0.0,586.0,45.0
CHAOS Terror-Tech Mix,814.0,DDP,6.69,818.0,1044.0,1161.0,1161.0,12.0,878238.0,1000000.0,759.0,1.0,387.0,14.0
HyperTwist,938.0,EDP,6.69,1302.0,1544.0,1714.0,1716.0,15.0,915073.0,999980.0,824.0,0.0,572.0,11.0
Silly Love,924.0,EDP,6.69,1351.0,1539.0,1706.0,1710.0,14.0,931228.0,999960.0,625.0,0.0,570.0,42.0
Cosy Catastrophe,755.0,ESP,6.69,1148.0,1509.0,1677.0,1677.0,16.0,865095.0,1000000.0,2160.0,1.0,559.0,9.0
SHION,698.0,EDP,6.66,1145.0,1312.0,1455.0,1458.0,13.0,931768.0,999970.0,769.0,0.0,486.0,11.0
PARANOIA survivor,126.0,BDP,6.63,517.0,634.0,705.0,705.0,9.0,901732.0,1000000.0,186.0,1.0,235.0,2.0
プレインエイジア -PHQ remix-,791.0,EDP,6.63,1046.0,1360.0,1512.0,1512.0,13.0,870408.0,1000000.0,887.0,1.0,504.0,10.0
Jucunda Memoria,1015.0,DDP,6.63,1234.0,1360.0,1505.0,1512.0,14.0,949556.0,999930.0,312.0,0.0,504.0,13.0
Riot of Color,947.0,DDP,6.62,875.0,974.0,1079.0,1083.0,12.0,943158.0,999960.0,489.0,0.0,361.0,24.0
Triple Journey -TAG EDITION-,558.0,CSP,6.61,1473.0,1976.0,2196.0,2196.0,18.0,853921.0,1000000.0,1826.0,1.0,732.0,12.0
Healing-D-Vision,169.0,CSP,6.61,1091.0,1422.0,1581.0,1581.0,18.0,870255.0,1000000.0,2156.0,1.0,527.0,2.0
Fascination ～eternal love mix～,159.0,DDP,6.61,799.0,1012.0,1125.0,1125.0,13.0,884873.0,1000000.0,508.0,1.0,375.0,4.0
GENOM SCREAMS,7.0,EDP,6.59,609.0,753.0,837.0,837.0,12.0,895771.0,1000000.0,618.0,1.0,279.0,7.0
Evans,994.0,ESP,6.59,1344.0,1784.0,1983.0,1983.0,17.0,859957.0,1000000.0,1378.0,1.0,661.0,8.0
Puberty Dysthymia,806.0,ESP,6.58,1376.0,1830.0,2034.0,2034.0,17.0,850470.0,1000000.0,1798.0,1.0,678.0,65.0
New Decade,369.0,ESP,6.58,1134.0,1479.0,1644.0,1644.0,17.0,863409.0,1000000.0,2159.0,1.0,548.0,40.0
New Gravity,497.0,CDP,6.58,1115.0,1274.0,1413.0,1416.0,14.0,934571.0,999970.0,795.0,0.0,472.0,1.0
Our Love,951.0,EDP,6.57,1644.0,1865.0,2068.0,2073.0,15.0,933687.0,999950.0,615.0,0.0,691.0,36.0
EGOISM 440,640.0,DDP,6.56,891.0,1136.0,1263.0,1263.0,14.0,881049.0,1000000.0,985.0,1.0,421.0,4.0
Our Soul,860.0,CDP,6.56,1177.0,1312.0,1453.0,1458.0,15.0,944358.0,999950.0,660.0,0.0,486.0,14.0
Be a Hero!,765.0,DDP,6.55,1358.0,1568.0,1740.0,1743.0,14.0,927273.0,999970.0,738.0,0.0,581.0,16.0
キケンな果実,549.0,EDP,6.54,1014.0,1179.0,1309.0,1311.0,13.0,923989.0,999980.0,633.0,0.0,437.0,15.0
Crazy Shuffle,885.0,EDP,6.53,1081.0,1190.0,1317.0,1323.0,13.0,948461.0,999940.0,730.0,0.0,441.0,25.0
iFUTURELIST(DDR VERSION),171.0,CDP,6.52,875.0,963.0,1066.0,1071.0,13.0,951200.0,999950.0,319.0,0.0,357.0,6.0
London EVOLVED ver.B,469.0,DDP,6.5,896.0,996.0,1103.0,1107.0,11.0,943291.0,999960.0,229.0,0.0,369.0,30.0
Firestorm,919.0,DDP,6.5,939.0,1061.0,1176.0,1179.0,13.0,939302.0,999970.0,564.0,0.0,393.0,8.0
HEART BEAT FORMULA (Vinyl Mix),645.0,EDP,6.5,976.0,1088.0,1205.0,1209.0,14.0,944779.0,999960.0,581.0,0.0,403.0,10.0
Yuni's Nocturnal Days,1000.0,EDP,6.49,1202.0,1339.0,1483.0,1488.0,14.0,944533.0,999950.0,486.0,0.0,496.0,14.0
Illegal Function Call,731.0,ESP,6.47,1448.0,1919.0,2133.0,2133.0,16.0,859824.0,1000000.0,2277.0,1.0,711.0,12.0
ようこそジャパリパークへ,768.0,EDP,6.46,975.0,1128.0,1252.0,1254.0,14.0,926508.0,999980.0,856.0,0.0,418.0,16.0
ジョジョ～その血の運命～,541.0,EDP,6.45,774.0,855.0,947.0,951.0,12.0,948885.0,999960.0,75.0,0.0,317.0,10.0
TSUBASA,669.0,EDP,6.45,1063.0,1190.0,1319.0,1323.0,13.0,943400.0,999960.0,527.0,0.0,441.0,4.0
DOUBLE TORNARD,1082.0,EDP,6.44,1340.0,1517.0,1682.0,1686.0,15.0,934411.0,999960.0,320.0,0.0,562.0,38.0
世界の果てに約束の凱歌を -DDR Extended Megamix-,986.0,ESP,6.44,1607.0,2016.0,2240.0,2241.0,17.0,883458.0,999990.0,1247.0,0.0,747.0,41.0
Pluto Relinquish,253.0,ESP,6.43,1166.0,1509.0,1677.0,1677.0,17.0,872093.0,1000000.0,2266.0,1.0,559.0,13.0
Kilonova,1149.0,ESP,6.43,1923.0,2192.0,2431.0,2436.0,17.0,931702.0,999950.0,978.0,0.0,812.0,33.0
FUNKY SUMMER BEACH,631.0,EDP,6.43,1070.0,1242.0,1378.0,1380.0,14.0,925052.0,999980.0,928.0,0.0,460.0,17.0
Strobe&#9825;Girl,601.0,DDP,6.42,824.0,923.0,1023.0,1026.0,11.0,942090.0,999970.0,149.0,0.0,342.0,12.0
POSSESSION,375.0,DDP,6.41,1059.0,1360.0,1512.0,1512.0,14.0,875706.0,1000000.0,1320.0,1.0,504.0,15.0
Draw the Savage,962.0,EDP,6.4,1127.0,1231.0,1361.0,1368.0,14.0,951949.0,999930.0,515.0,0.0,456.0,27.0
HAPPY☆LUCKY☆YEAPPY,639.0,ESP,6.4,1118.0,1441.0,1602.0,1602.0,16.0,875030.0,1000000.0,1994.0,1.0,534.0,8.0
Eon Break,1166.0,DDP,6.4,983.0,1134.0,1258.0,1260.0,13.0,927620.0,999980.0,329.0,0.0,420.0,18.0
JOKER,539.0,CDP,6.39,1154.0,1282.0,1420.0,1425.0,14.0,945080.0,999950.0,484.0,0.0,475.0,22.0
HANDS UP IN THE AIR,688.0,EDP,6.39,861.0,966.0,1071.0,1074.0,13.0,942847.0,999970.0,652.0,0.0,358.0,2.0
黒髪乱れし修羅となりて～凛 edition～,701.0,EDP,6.39,1310.0,1503.0,1668.0,1671.0,14.0,931887.0,999970.0,1131.0,0.0,557.0,2.0
Over The &ldquo;Period&rdquo;,648.0,DSP,6.38,1260.0,1636.0,1818.0,1818.0,15.0,865453.0,1000000.0,2453.0,1.0,606.0,45.0
Triple Counter,742.0,ESP,6.38,1512.0,2000.0,2223.0,2223.0,17.0,859554.0,1000000.0,2247.0,1.0,741.0,23.0
Playing With Fire,1184.0,EDP,6.37,1147.0,1247.0,1378.0,1386.0,14.0,954860.0,999920.0,212.0,0.0,462.0,21.0
Programmed Universe,407.0,EDP,6.37,869.0,963.0,1067.0,1071.0,13.0,947293.0,999960.0,427.0,0.0,357.0,11.0
ちくわパフェだよ☆ＣＫＰ,561.0,CDP,6.36,1192.0,1390.0,1543.0,1545.0,14.0,923901.0,999980.0,752.0,0.0,515.0,6.0
十二星座の聖域,685.0,EDP,6.35,1084.0,1212.0,1343.0,1347.0,13.0,942332.0,999960.0,807.0,0.0,449.0,20.0
SURVIVAL AT THE END OF THE UNIVERSE,1186.0,ESP,6.33,1711.0,1933.0,2143.0,2148.0,16.0,935658.0,999950.0,735.0,0.0,716.0,37.0
Poseidon,254.0,DDP,6.33,534.0,618.0,686.0,687.0,9.0,929121.0,999990.0,228.0,0.0,229.0,1.0
Dreamin&rsquo;,619.0,CDP,6.32,837.0,909.0,1005.0,1011.0,12.0,957356.0,999940.0,328.0,0.0,337.0,2.0
ナナホシ,1086.0,EDP,6.32,1239.0,1379.0,1528.0,1533.0,15.0,946034.0,999950.0,397.0,0.0,511.0,4.0
New Millennium,1227.0,ESP,6.31,1686.0,2108.0,2342.0,2343.0,17.0,886733.0,999990.0,729.0,0.0,781.0,28.0
KEEP ON MOVIN' (Y&amp;Co. DJ BOSS remix),482.0,EDP,6.31,1105.0,1236.0,1370.0,1374.0,14.0,941917.0,999960.0,617.0,0.0,458.0,21.0
ドーパミン,661.0,ESP,6.3,1531.0,2014.0,2238.0,2238.0,17.0,864847.0,1000000.0,2318.0,1.0,746.0,3.0
IF YOU WERE HERE,357.0,CDP,6.3,518.0,567.0,627.0,630.0,9.0,945243.0,999970.0,66.0,0.0,210.0,36.0
CHAOS,155.0,BSP,6.3,353.0,507.0,564.0,564.0,8.0,822779.0,1000000.0,522.0,8.0,188.0,5.0
Black Emperor,1077.0,CSP,6.29,1597.0,2106.0,2340.0,2340.0,18.0,860642.0,1000000.0,850.0,1.0,780.0,26.0
THE ANCIENT KING IS BACK,1126.0,EDP,6.29,1468.0,1665.0,1847.0,1851.0,15.0,934989.0,999960.0,418.0,0.0,617.0,25.0
STEP MACHINE,950.0,EDP,6.29,1209.0,1331.0,1473.0,1479.0,14.0,950099.0,999940.0,566.0,0.0,493.0,13.0
Inner Spirit -GIGA HiTECH MIX-,970.0,EDP,6.29,1516.0,1676.0,1856.0,1863.0,15.0,946364.0,999930.0,496.0,0.0,621.0,32.0
Drop The Bounce,829.0,EDP,6.28,1289.0,1436.0,1591.0,1596.0,15.0,944682.0,999950.0,636.0,0.0,532.0,14.0
クリムゾンゲイト,629.0,EDP,6.28,1098.0,1244.0,1380.0,1383.0,12.0,937284.0,999970.0,470.0,0.0,461.0,8.0
Mythomane,915.0,EDP,6.27,939.0,1031.0,1141.0,1146.0,13.0,952292.0,999950.0,387.0,0.0,382.0,6.0
What Will Come of Me,398.0,EDP,6.26,813.0,907.0,1005.0,1008.0,13.0,945055.0,999970.0,310.0,0.0,336.0,7.0
Splash Gold,878.0,ESP,6.26,1482.0,1938.0,2154.0,2154.0,16.0,857319.0,1000000.0,1824.0,1.0,718.0,79.0
volcano,272.0,EDP,6.25,1090.0,1217.0,1349.0,1353.0,13.0,943369.0,999960.0,280.0,0.0,451.0,15.0
POSSESSION,375.0,BDP,6.22,861.0,1074.0,1194.0,1194.0,11.0,888885.0,1000000.0,980.0,1.0,398.0,19.0
ドーパミン,661.0,DDP,6.21,996.0,1255.0,1395.0,1395.0,13.0,885660.0,1000000.0,685.0,1.0,465.0,10.0
Din Don Dan,593.0,EDP,6.21,737.0,907.0,1008.0,1008.0,10.0,897739.0,1000000.0,957.0,1.0,336.0,9.0
AFRONOVA(X-Special),277.0,CDP,6.19,888.0,1109.0,1233.0,1233.0,14.0,890188.0,1000000.0,687.0,1.0,411.0,11.0
Aria,1196.0,ESP,6.18,1587.0,1962.0,2180.0,2181.0,17.0,891087.0,999990.0,391.0,0.0,727.0,38.0
Children of the Beat,514.0,CDP,6.18,1078.0,1244.0,1381.0,1383.0,13.0,927844.0,999980.0,535.0,0.0,461.0,15.0
Tohoku EVOLVED,471.0,BDP,6.18,793.0,901.0,1000.0,1002.0,10.0,937404.0,999980.0,446.0,0.0,334.0,2.0
打打打打打打打打打打,693.0,EDP,6.15,1107.0,1277.0,1417.0,1419.0,13.0,927119.0,999980.0,1289.0,0.0,473.0,24.0
New York EVOLVED (Type A),465.0,ESP,6.14,1378.0,1776.0,1974.0,1974.0,16.0,863339.0,1000000.0,1810.0,1.0,658.0,85.0
HEART BEAT FORMULA,448.0,EDP,6.14,1067.0,1166.0,1290.0,1296.0,13.0,954623.0,999940.0,478.0,0.0,432.0,2.0
Boss Rush,787.0,ESP,6.12,1530.0,1987.0,2208.0,2208.0,16.0,869738.0,1000000.0,2039.0,1.0,736.0,15.0
London EVOLVED ver.A,468.0,CSP,6.12,1268.0,1622.0,1803.0,1803.0,17.0,879284.0,1000000.0,1825.0,1.0,601.0,2.0
GERBERA,1078.0,ESP,6.11,1665.0,2057.0,2285.0,2286.0,16.0,892397.0,999990.0,1070.0,0.0,762.0,31.0
WILD SIDE,499.0,CDP,6.11,1080.0,1242.0,1378.0,1380.0,13.0,927490.0,999980.0,460.0,0.0,460.0,30.0
REVOLUTIONARY ADDICT,481.0,EDP,6.1,982.0,1171.0,1301.0,1302.0,13.0,912512.0,999990.0,417.0,0.0,434.0,11.0
Heatstroke,356.0,EDP,6.09,726.0,820.0,910.0,912.0,10.0,939970.0,999980.0,389.0,0.0,304.0,4.0
S!ck,730.0,ESP,6.09,1476.0,1906.0,2118.0,2118.0,16.0,866822.0,1000000.0,2346.0,1.0,706.0,58.0
London EVOLVED ver.C,470.0,EDP,6.09,1191.0,1317.0,1459.0,1464.0,14.0,948634.0,999950.0,693.0,0.0,488.0,7.0
JOMANDA,613.0,CSP,6.09,1401.0,1803.0,2004.0,2004.0,17.0,873061.0,1000000.0,2070.0,1.0,668.0,24.0
C-C-C-N-N-N,1214.0,EDP,6.09,1165.0,1287.0,1426.0,1431.0,15.0,947150.0,999950.0,245.0,0.0,477.0,22.0
London EVOLVED ver.C,470.0,DDP,6.09,950.0,1050.0,1163.0,1167.0,11.0,946800.0,999960.0,332.0,0.0,389.0,24.0
roppongi EVOLVED ver.D,381.0,ESP,6.09,1187.0,1506.0,1674.0,1674.0,15.0,880898.0,1000000.0,1985.0,1.0,558.0,18.0
Throw Out,1237.0,EDP,6.08,1404.0,1525.0,1686.0,1695.0,15.0,954049.0,999910.0,186.0,0.0,565.0,34.0
Sakura Reflection,788.0,EDP,6.07,989.0,1236.0,1374.0,1374.0,14.0,890836.0,1000000.0,989.0,1.0,458.0,4.0
Strawberry Chu&#9825;Chu&#9825;,767.0,EDP,6.07,1013.0,1098.0,1214.0,1221.0,13.0,956975.0,999930.0,586.0,0.0,407.0,13.0
LOVE SHINE (Body Grooverz 2006 mix),1171.0,ESP,6.07,1439.0,1644.0,1824.0,1827.0,16.0,933802.0,999970.0,611.0,0.0,609.0,4.0
Come to Life,734.0,CSP,6.06,1660.0,2160.0,2400.0,2400.0,18.0,861895.0,1000000.0,2136.0,1.0,800.0,70.0
STAY GOLD,1072.0,DDP,6.06,969.0,1061.0,1174.0,1179.0,12.0,950272.0,999950.0,272.0,0.0,393.0,31.0
Rise As One,1197.0,DDP,6.05,1080.0,1188.0,1315.0,1320.0,12.0,950403.0,999950.0,76.0,0.0,440.0,16.0
繚乱ヒットチャート,453.0,EDP,6.05,998.0,1142.0,1267.0,1269.0,13.0,932270.0,999980.0,466.0,0.0,423.0,15.0
恋する☆宇宙戦争っ!!,747.0,EDP,6.05,1350.0,1817.0,2019.0,2019.0,15.0,848374.0,1000000.0,1209.0,2.0,673.0,41.0
AFRONOVA,13.0,EDP,6.05,781.0,958.0,1065.0,1065.0,13.0,901124.0,1000000.0,770.0,1.0,355.0,0.0
PANIC HOLIC,956.0,DDP,6.04,1093.0,1231.0,1365.0,1368.0,12.0,939920.0,999970.0,372.0,0.0,456.0,13.0
Vanquish The Ghost,799.0,ESP,6.04,1176.0,1485.0,1650.0,1650.0,16.0,882589.0,1000000.0,1990.0,1.0,550.0,25.0
共犯ヘヴンズコード,1053.0,DDP,6.03,830.0,923.0,1023.0,1026.0,11.0,941804.0,999970.0,200.0,0.0,342.0,35.0
Anti-Matter,341.0,ESP,6.03,1345.0,1717.0,1908.0,1908.0,17.0,875584.0,1000000.0,2296.0,1.0,636.0,36.0
Dancer in the flare,724.0,EDP,6.03,835.0,947.0,1051.0,1053.0,13.0,937044.0,999980.0,851.0,0.0,351.0,8.0
Catch Our Fire!,819.0,DDP,6.03,1228.0,1390.0,1542.0,1545.0,14.0,936527.0,999970.0,601.0,0.0,515.0,18.0
escape,524.0,CDP,6.02,938.0,1069.0,1186.0,1188.0,14.0,929425.0,999980.0,480.0,0.0,396.0,43.0
ベィスドロップ・フリークス,723.0,EDP,6.02,1169.0,1320.0,1464.0,1467.0,13.0,937344.0,999970.0,957.0,0.0,489.0,23.0
PARANOiA ～HADES～,251.0,DSP,6.01,992.0,1236.0,1374.0,1374.0,15.0,892858.0,1000000.0,2248.0,1.0,458.0,1.0
&Delta;MAX,402.0,ESP,6.01,1439.0,1844.0,2049.0,2049.0,17.0,863166.0,1000000.0,2354.0,1.0,683.0,110.0
Idola,599.0,CSP,6.01,1542.0,1987.0,2208.0,2208.0,17.0,868367.0,1000000.0,2099.0,1.0,736.0,55.0
La libertad,363.0,EDP,6.01,961.0,1061.0,1175.0,1179.0,12.0,948478.0,999960.0,409.0,0.0,393.0,17.0
エキサイティング！！も・ちゃ・ちゃ☆,753.0,DDP,6.01,891.0,980.0,1085.0,1089.0,11.0,949744.0,999960.0,462.0,0.0,363.0,18.0
Pluto,252.0,BSP,6.0,412.0,531.0,591.0,591.0,9.0,876608.0,1000000.0,484.0,4.0,197.0,2.0
888,336.0,DSP,5.99,1004.0,1252.0,1392.0,1392.0,13.0,888473.0,1000000.0,1165.0,1.0,464.0,24.0
ENDYMION,756.0,DSP,5.99,1301.0,1652.0,1836.0,1836.0,15.0,880059.0,1000000.0,2337.0,1.0,612.0,21.0
Xepher,214.0,EDP,5.98,1017.0,1163.0,1291.0,1293.0,13.0,932534.0,999980.0,598.0,0.0,431.0,12.0
Pluto The First,373.0,BSP,5.97,473.0,596.0,663.0,663.0,10.0,881059.0,1000000.0,733.0,3.0,221.0,20.0
世界の果てに約束の凱歌を -DDR Extended Megamix-,986.0,DDP,5.96,1292.0,1444.0,1601.0,1605.0,14.0,942971.0,999960.0,465.0,0.0,535.0,14.0
MAX 360,815.0,ESP,5.96,1851.0,2416.0,2685.0,2685.0,18.0,867155.0,1000000.0,2137.0,1.0,895.0,7.0
Splash Gold,878.0,DSP,5.95,1047.0,1306.0,1452.0,1452.0,13.0,885957.0,1000000.0,1553.0,1.0,484.0,36.0
ホーンテッド★メイドランチ,897.0,CSP,5.95,1418.0,1811.0,2013.0,2013.0,17.0,879380.0,1000000.0,1606.0,1.0,671.0,5.0
MAX 300 (Super-Max-Me Mix),181.0,BDP,5.94,793.0,969.0,1077.0,1077.0,10.0,903501.0,1000000.0,355.0,1.0,359.0,0.0
SABER WING,310.0,DDP,5.93,767.0,936.0,1041.0,1041.0,12.0,899790.0,1000000.0,394.0,1.0,347.0,17.0
コメット&rArr;スケイター,1249.0,ESP,5.93,1431.0,1606.0,1781.0,1785.0,15.0,940392.0,999960.0,542.0,0.0,595.0,21.0
SWEET HOME PARTY,899.0,ESP,5.93,1008.0,1250.0,1389.0,1389.0,16.0,893138.0,1000000.0,1605.0,1.0,463.0,14.0
DDR MEGAMIX,810.0,CSP,5.92,1614.0,2076.0,2307.0,2307.0,16.0,871555.0,1000000.0,1764.0,1.0,769.0,38.0
SABER WING (Akira Ishihara Headshot mix),311.0,BDP,5.92,651.0,785.0,873.0,873.0,10.0,905800.0,1000000.0,386.0,1.0,291.0,15.0
最速最高シャッターガール,1142.0,EDP,5.91,1460.0,1611.0,1785.0,1791.0,16.0,947180.0,999940.0,315.0,0.0,597.0,31.0
Second Heaven,385.0,CDP,5.91,1096.0,1306.0,1451.0,1452.0,14.0,911564.0,999990.0,778.0,0.0,484.0,20.0
MAX 300(X-Special),297.0,CSP,5.91,1184.0,1487.0,1653.0,1653.0,17.0,884269.0,1000000.0,2185.0,1.0,551.0,30.0
熱情のサパデアード,847.0,EDP,5.91,1105.0,1204.0,1332.0,1338.0,13.0,951626.0,999940.0,574.0,0.0,446.0,39.0
Right Time Right Way,861.0,EDP,5.89,1267.0,1412.0,1565.0,1569.0,15.0,944136.0,999960.0,593.0,0.0,523.0,17.0
DDR TAGMIX -LAST DanceR-,1046.0,ESP,5.89,1542.0,1971.0,2190.0,2190.0,17.0,876739.0,1000000.0,946.0,1.0,730.0,22.0
女々しくて,409.0,EDP,5.89,758.0,815.0,900.0,906.0,12.0,961929.0,999940.0,134.0,0.0,302.0,3.0
東京神話,945.0,ESP,5.88,1503.0,1919.0,2133.0,2133.0,17.0,878098.0,1000000.0,1576.0,1.0,711.0,15.0
Vanquish The Ghost,799.0,DDP,5.88,831.0,1017.0,1131.0,1131.0,12.0,898725.0,1000000.0,582.0,1.0,377.0,17.0
Pursuer,797.0,DSP,5.87,869.0,1104.0,1227.0,1227.0,14.0,880687.0,1000000.0,1606.0,2.0,409.0,17.0
Stella Sinistra,567.0,DSP,5.86,799.0,972.0,1080.0,1080.0,12.0,902224.0,1000000.0,639.0,1.0,360.0,16.0
We're so Happy,991.0,DDP,5.86,1321.0,1474.0,1634.0,1638.0,13.0,944567.0,999960.0,488.0,0.0,546.0,6.0
Unreal,268.0,DDP,5.86,695.0,839.0,933.0,933.0,12.0,908892.0,1000000.0,284.0,1.0,311.0,0.0
Not Alone,1217.0,EDP,5.85,1206.0,1341.0,1487.0,1491.0,16.0,946333.0,999960.0,195.0,0.0,497.0,3.0
Globe Glitter,1023.0,EDP,5.85,1318.0,1520.0,1687.0,1689.0,15.0,928558.0,999980.0,493.0,0.0,563.0,12.0
Diamond Dust,408.0,CDP,5.84,800.0,901.0,1000.0,1002.0,13.0,930604.0,999980.0,423.0,0.0,334.0,57.0
Right on time (Ryu☆Remix),554.0,CDP,5.84,641.0,769.0,855.0,855.0,13.0,892343.0,1000000.0,601.0,1.0,285.0,68.0
I Want To Do This Keep,949.0,EDP,5.82,1181.0,1328.0,1473.0,1476.0,15.0,938145.0,999970.0,683.0,0.0,492.0,33.0
Fascination ～eternal love mix～,159.0,ESP,5.81,1276.0,1603.0,1782.0,1782.0,16.0,887711.0,1000000.0,2169.0,1.0,594.0,6.0
smooooch･&forall;･,390.0,CDP,5.81,706.0,912.0,1014.0,1014.0,11.0,862059.0,1000000.0,728.0,3.0,338.0,49.0
Starlight Fantasia,624.0,EDP,5.8,1195.0,1344.0,1491.0,1494.0,14.0,937068.0,999970.0,737.0,0.0,498.0,40.0
PARANOiA ETERNAL,58.0,EDP,5.79,878.0,1028.0,1142.0,1143.0,13.0,922045.0,999990.0,452.0,0.0,381.0,8.0
ポラリスノウタ,1239.0,CSP,5.79,1473.0,1706.0,1894.0,1896.0,16.0,924137.0,999980.0,627.0,0.0,632.0,32.0
Shout It Out,1040.0,EDP,5.78,1343.0,1498.0,1661.0,1665.0,14.0,943584.0,999960.0,337.0,0.0,555.0,18.0
ランカーキラーガール,904.0,DDP,5.78,1100.0,1217.0,1349.0,1353.0,13.0,946097.0,999960.0,532.0,0.0,451.0,28.0
Somehow You Found Me,522.0,EDP,5.76,969.0,1139.0,1265.0,1266.0,13.0,920869.0,999990.0,633.0,0.0,422.0,4.0
bag,104.0,DDP,5.76,496.0,585.0,651.0,651.0,12.0,920047.0,1000000.0,365.0,1.0,217.0,0.0
printemps,565.0,EDP,5.76,960.0,1128.0,1253.0,1254.0,14.0,920273.0,999990.0,683.0,0.0,418.0,8.0
倉野川音頭,718.0,EDP,5.76,798.0,896.0,994.0,996.0,11.0,942661.0,999980.0,690.0,0.0,332.0,2.0
Another Phase,526.0,CSP,5.75,1272.0,1590.0,1767.0,1767.0,16.0,884437.0,1000000.0,1827.0,1.0,589.0,47.0
PARANOIA survivor MAX,127.0,CSP,5.74,1327.0,1665.0,1851.0,1851.0,16.0,888355.0,1000000.0,2172.0,1.0,617.0,4.0
スーパー戦湯ババンバーン,1021.0,EDP,5.74,1490.0,1630.0,1805.0,1812.0,14.0,952017.0,999930.0,460.0,0.0,604.0,21.0
Battle Against a True Hero,1211.0,ESP,5.74,1468.0,1663.0,1845.0,1848.0,15.0,924870.0,999970.0,804.0,0.0,616.0,123.0
Remain,632.0,DSP,5.74,741.0,891.0,990.0,990.0,12.0,909952.0,1000000.0,907.0,1.0,330.0,5.0
osaka EVOLVED -毎度、おおきに！- (TYPE3),461.0,DSP,5.73,885.0,1077.0,1197.0,1197.0,13.0,900105.0,1000000.0,679.0,1.0,399.0,24.0
New York EVOLVED (Type A),465.0,DSP,5.73,1056.0,1301.0,1446.0,1446.0,13.0,890859.0,1000000.0,1134.0,1.0,482.0,45.0
Pluto,252.0,ESP,5.73,846.0,1026.0,1140.0,1140.0,14.0,904849.0,1000000.0,2074.0,1.0,380.0,10.0
Cosmic Hurricane,490.0,EDP,5.73,1187.0,1331.0,1476.0,1479.0,13.0,940314.0,999970.0,637.0,0.0,493.0,25.0
Rave in the Shell,1204.0,ESP,5.73,1312.0,1566.0,1739.0,1740.0,16.0,910668.0,999990.0,655.0,0.0,580.0,23.0
Monkey Business,525.0,CSP,5.72,1503.0,1898.0,2109.0,2109.0,16.0,879209.0,1000000.0,2313.0,1.0,703.0,52.0
MAX.(period),641.0,DSP,5.72,879.0,1071.0,1191.0,1191.0,14.0,903590.0,1000000.0,1764.0,1.0,397.0,3.0
TRIP MACHINE PhoeniX,266.0,DDP,5.72,641.0,766.0,852.0,852.0,12.0,913841.0,1000000.0,388.0,1.0,284.0,1.0
CONNECT-,983.0,EDP,5.72,1303.0,1425.0,1578.0,1584.0,14.0,953517.0,999940.0,437.0,0.0,528.0,5.0
DDR TAGMIX -LAST DanceR-,1046.0,DSP,5.71,1278.0,1595.0,1773.0,1773.0,14.0,884252.0,1000000.0,958.0,1.0,591.0,51.0
Fascination ～eternal love mix～,159.0,BDP,5.71,672.0,804.0,894.0,894.0,10.0,908405.0,1000000.0,408.0,1.0,298.0,20.0
PARANOiA ～HADES～,251.0,ESP,5.69,1143.0,1412.0,1569.0,1569.0,16.0,896940.0,1000000.0,2088.0,1.0,523.0,1.0
零 - ZERO -,334.0,EDP,5.69,830.0,1004.0,1116.0,1116.0,13.0,905940.0,1000000.0,817.0,1.0,372.0,9.0
TRIP MACHINE EVOLUTION,480.0,ESP,5.68,1297.0,1617.0,1797.0,1797.0,16.0,890317.0,1000000.0,2197.0,1.0,599.0,15.0
AM-3P (&quot;CHAOS&quot; Special),227.0,CDP,5.68,630.0,750.0,834.0,834.0,13.0,915308.0,1000000.0,489.0,1.0,278.0,2.0
X-ray binary,973.0,EDP,5.68,1289.0,1431.0,1586.0,1590.0,13.0,947349.0,999960.0,444.0,0.0,530.0,3.0
"Reach The Sky, Without you",771.0,ESP,5.68,1370.0,1714.0,1905.0,1905.0,17.0,886520.0,1000000.0,2019.0,1.0,635.0,28.0
ACE FOR ACES,757.0,DSP,5.68,1033.0,1312.0,1458.0,1458.0,13.0,880485.0,1000000.0,2109.0,2.0,486.0,19.0
Indigo Nocturne,1255.0,EDP,5.67,1529.0,1644.0,1816.0,1827.0,15.0,959287.0,999890.0,70.0,0.0,609.0,26.0
Air Heroes,538.0,CSP,5.66,1362.0,1773.0,1971.0,1971.0,18.0,865805.0,1000000.0,2112.0,2.0,657.0,35.0
Trickster,325.0,EDP,5.65,768.0,823.0,909.0,915.0,11.0,961153.0,999940.0,84.0,0.0,305.0,15.0
HAPPY☆LUCKY☆YEAPPY,639.0,DDP,5.64,849.0,1028.0,1143.0,1143.0,13.0,906614.0,1000000.0,542.0,1.0,381.0,5.0
Truare!,633.0,DDP,5.64,921.0,1039.0,1153.0,1155.0,11.0,940335.0,999980.0,308.0,0.0,385.0,5.0
Remain,632.0,ESP,5.63,1064.0,1306.0,1452.0,1452.0,15.0,899535.0,1000000.0,2131.0,1.0,484.0,4.0
V ～for EXTREME～,138.0,CDP,5.63,1023.0,1158.0,1285.0,1287.0,13.0,938534.0,999980.0,688.0,0.0,429.0,4.0
ヤマトなでなで&#9825;かぐや姫,573.0,CDP,5.61,1144.0,1277.0,1416.0,1419.0,14.0,938764.0,999970.0,820.0,0.0,473.0,53.0
Valkyrie dimension,395.0,BSP,5.61,802.0,966.0,1074.0,1074.0,13.0,908247.0,1000000.0,1443.0,1.0,358.0,9.0
Anti-Matter,341.0,BDP,5.61,793.0,955.0,1062.0,1062.0,11.0,905675.0,1000000.0,607.0,1.0,354.0,21.0
CyberConnect,921.0,EDP,5.59,1295.0,1436.0,1592.0,1596.0,15.0,944266.0,999960.0,595.0,0.0,532.0,37.0
Pluto Relinquish,253.0,BSP,5.58,846.0,1020.0,1134.0,1134.0,12.0,901852.0,1000000.0,1159.0,1.0,378.0,36.0
Cytokinesis,729.0,ESP,5.58,1076.0,1317.0,1464.0,1464.0,14.0,900412.0,1000000.0,2242.0,1.0,488.0,7.0
Fascination MAXX,160.0,BDP,5.56,609.0,745.0,828.0,828.0,10.0,899872.0,1000000.0,472.0,2.0,276.0,12.0
最小三倍完全数,887.0,BDP,5.56,632.0,777.0,864.0,864.0,11.0,898199.0,1000000.0,381.0,2.0,288.0,7.0
JOMANDA,613.0,DSP,5.55,943.0,1142.0,1269.0,1269.0,12.0,902421.0,1000000.0,1064.0,1.0,423.0,27.0
osaka EVOLVED -毎度、おおきに！- (TYPE1),459.0,DSP,5.55,853.0,1026.0,1140.0,1140.0,13.0,906656.0,1000000.0,838.0,1.0,380.0,21.0
EGOISM 440,640.0,DSP,5.54,958.0,1163.0,1293.0,1293.0,13.0,905140.0,1000000.0,2189.0,1.0,431.0,5.0
FLOWER,457.0,DDP,5.53,804.0,1004.0,1116.0,1116.0,9.0,889340.0,1000000.0,448.0,2.0,372.0,15.0
阿波おどり -Awaodori- やっぱり踊りはやめられない,616.0,ESP,5.53,1060.0,1293.0,1437.0,1437.0,14.0,902768.0,1000000.0,2085.0,1.0,479.0,5.0
CHAOS,155.0,ESP,5.53,705.0,880.0,978.0,978.0,14.0,891614.0,1000000.0,2099.0,3.0,326.0,5.0
TYPH&Oslash;N,1041.0,ESP,5.52,1572.0,1968.0,2187.0,2187.0,17.0,888365.0,1000000.0,1070.0,1.0,729.0,11.0
on the bounce,299.0,EDP,5.5,997.0,1125.0,1249.0,1251.0,14.0,938642.0,999980.0,756.0,0.0,417.0,13.0
チルノのパーフェクトさんすう教室,761.0,EDP,5.5,978.0,1185.0,1317.0,1317.0,13.0,901661.0,1000000.0,951.0,1.0,439.0,30.0
VANITY ANGEL,139.0,EDP,5.5,700.0,766.0,849.0,852.0,12.0,954806.0,999970.0,333.0,0.0,284.0,0.0
IF YOU WERE HERE,357.0,EDP,5.5,752.0,815.0,902.0,906.0,10.0,955538.0,999960.0,115.0,0.0,302.0,20.0
ｍｅｍｏｒｙ／／ＤＡＴＡＭＯＳＨＥＲ,1224.0,BDP,5.49,718.0,777.0,860.0,864.0,9.0,958624.0,999960.0,298.0,0.0,288.0,4.0
Flow (Jammin' Ragga Mix),242.0,EDP,5.48,773.0,861.0,955.0,957.0,13.0,941535.0,999980.0,330.0,0.0,319.0,29.0
London EVOLVED ver.B,469.0,CSP,5.48,1527.0,1903.0,2115.0,2115.0,17.0,885416.0,1000000.0,1716.0,1.0,705.0,53.0
阿波おどり -Awaodori- やっぱり踊りはやめられない,616.0,DSP,5.48,776.0,926.0,1029.0,1029.0,12.0,913020.0,1000000.0,1181.0,1.0,343.0,9.0
妖隠し -あやかしかくし-,656.0,EDP,5.48,1377.0,1633.0,1814.0,1815.0,15.0,912990.0,999990.0,1113.0,0.0,605.0,30.0
幻想系世界修復少女,598.0,EDP,5.47,925.0,1115.0,1239.0,1239.0,13.0,904834.0,1000000.0,715.0,1.0,413.0,27.0
Sparkle Dreams,1209.0,ESP,5.47,1392.0,1803.0,2004.0,2004.0,17.0,863098.0,1000000.0,707.0,2.0,668.0,70.0
osaka EVOLVED -毎度、おおきに！- (TYPE2),460.0,ESP,5.45,965.0,1166.0,1296.0,1296.0,15.0,906317.0,1000000.0,1670.0,1.0,432.0,12.0
sakura storm,383.0,CDP,5.45,929.0,1120.0,1245.0,1245.0,14.0,908009.0,1000000.0,828.0,1.0,415.0,8.0
MAX 360,815.0,DSP,5.45,1486.0,1846.0,2052.0,2052.0,15.0,892927.0,1000000.0,2253.0,1.0,684.0,4.0
乙女繚乱 舞い咲き誇れ,642.0,DDP,5.44,848.0,1017.0,1131.0,1131.0,10.0,907492.0,1000000.0,522.0,1.0,377.0,21.0
Avenger,857.0,ESP,5.44,1675.0,2095.0,2328.0,2328.0,17.0,886869.0,1000000.0,1692.0,1.0,776.0,27.0
ラブキラ☆スプラッシュ,927.0,EDP,5.44,1131.0,1258.0,1395.0,1398.0,14.0,944117.0,999970.0,618.0,0.0,466.0,26.0
CHAOS,155.0,begSP,5.44,110.0,151.0,168.0,168.0,6.0,847156.0,1000000.0,418.0,23.0,56.0,0.0
PARANOiA,1.0,EDP,5.43,860.0,1031.0,1146.0,1146.0,11.0,912353.0,1000000.0,768.0,1.0,382.0,0.0
LIKE A VAMPIRE,1020.0,EDP,5.42,1316.0,1425.0,1577.0,1584.0,13.0,956351.0,999930.0,387.0,0.0,528.0,23.0
SP-TRIP MACHINE～JUNGLE MIX～(X-Special),314.0,CDP,5.42,627.0,737.0,819.0,819.0,12.0,919309.0,1000000.0,401.0,1.0,273.0,11.0
Start a New Day,746.0,DDP,5.42,867.0,1039.0,1155.0,1155.0,11.0,904752.0,1000000.0,573.0,1.0,385.0,38.0
Thank You Merry Christmas,623.0,EDP,5.41,1063.0,1179.0,1308.0,1311.0,13.0,945578.0,999970.0,516.0,0.0,437.0,20.0
osaka EVOLVED -毎度、おおきに！- (TYPE3),461.0,ESP,5.41,1192.0,1455.0,1617.0,1617.0,15.0,890750.0,1000000.0,1705.0,1.0,539.0,79.0
SABER WING (Akira Ishihara Headshot mix),311.0,CSP,5.4,1159.0,1412.0,1569.0,1569.0,17.0,899470.0,1000000.0,2149.0,1.0,523.0,31.0
未完成ノ蒸氣驅動乙女 (DDR Edition),898.0,ESP,5.4,1633.0,2035.0,2262.0,2262.0,17.0,886109.0,1000000.0,1683.0,1.0,754.0,48.0
Malacca,296.0,CDP,5.39,940.0,1053.0,1168.0,1170.0,13.0,943905.0,999980.0,331.0,0.0,390.0,1.0
打打打打打打打打打打,693.0,CSP,5.38,1389.0,1711.0,1902.0,1902.0,16.0,895664.0,1000000.0,2493.0,1.0,634.0,16.0
roppongi EVOLVED ver.D,381.0,DSP,5.38,881.0,1093.0,1215.0,1215.0,11.0,891896.0,1000000.0,707.0,2.0,405.0,17.0
千客万来☆無問題！,1244.0,EDP,5.38,1881.0,2089.0,2317.0,2322.0,16.0,944349.0,999950.0,116.0,0.0,774.0,26.0
Rise As One,1197.0,DSP,5.36,1046.0,1217.0,1352.0,1353.0,12.0,923582.0,999990.0,279.0,0.0,451.0,17.0
Pluto Relinquish,253.0,DSP,5.36,915.0,1098.0,1221.0,1221.0,14.0,909482.0,1000000.0,2135.0,1.0,407.0,10.0
osaka EVOLVED -毎度、おおきに！- (TYPE1),459.0,ESP,5.36,1060.0,1282.0,1425.0,1425.0,15.0,902803.0,1000000.0,1915.0,1.0,475.0,29.0
Plan 8,628.0,EDP,5.36,1300.0,1452.0,1611.0,1614.0,14.0,942529.0,999970.0,946.0,0.0,538.0,22.0
DOWNER &amp; UPPER,884.0,EDP,5.36,891.0,980.0,1086.0,1089.0,13.0,950372.0,999970.0,546.0,0.0,363.0,16.0
滅亡天使 &dagger; にこきゅっぴん,643.0,EDP,5.36,976.0,1131.0,1256.0,1257.0,12.0,927646.0,999990.0,593.0,0.0,419.0,5.0
New Century,700.0,ESP,5.35,1438.0,1773.0,1971.0,1971.0,17.0,893778.0,1000000.0,2289.0,1.0,657.0,28.0
NGO,250.0,ESP,5.35,860.0,1028.0,1143.0,1143.0,15.0,911713.0,1000000.0,2156.0,1.0,381.0,10.0
HANIPAGANDA,1229.0,ESP,5.35,1485.0,1633.0,1810.0,1815.0,16.0,950870.0,999950.0,444.0,0.0,605.0,7.0
逆さま&hearts;シンデレラパレード,934.0,EDP,5.35,1070.0,1155.0,1278.0,1284.0,13.0,957727.0,999940.0,460.0,0.0,428.0,21.0
She is my wife,386.0,EDP,5.34,713.0,842.0,936.0,936.0,12.0,915733.0,1000000.0,619.0,1.0,312.0,17.0
BRE&forall;K DOWN！,70.0,EDP,5.34,943.0,1131.0,1257.0,1257.0,13.0,911716.0,1000000.0,597.0,1.0,419.0,1.0
IRON HEART,902.0,EDP,5.34,928.0,1039.0,1153.0,1155.0,14.0,944098.0,999980.0,585.0,0.0,385.0,2.0
DEADLOCK -Out Of Reach-,966.0,ESP,5.32,1482.0,1825.0,2028.0,2028.0,17.0,894898.0,1000000.0,1405.0,1.0,676.0,24.0
PARANOIA survivor MAX,127.0,DSP,5.32,858.0,1023.0,1137.0,1137.0,11.0,914649.0,1000000.0,695.0,1.0,379.0,2.0
狂水一華,965.0,EDP,5.31,1111.0,1293.0,1436.0,1437.0,16.0,923222.0,999990.0,623.0,0.0,479.0,19.0
SEDUCTION,201.0,EDP,5.31,953.0,1050.0,1164.0,1167.0,13.0,947439.0,999970.0,437.0,0.0,389.0,31.0
Trim,265.0,ESP,5.3,1102.0,1333.0,1482.0,1482.0,16.0,903050.0,1000000.0,2000.0,1.0,494.0,27.0
Easy Peasy,1137.0,EDP,5.3,1204.0,1312.0,1453.0,1458.0,14.0,954807.0,999950.0,310.0,0.0,486.0,11.0
花は折りたし梢は高し,959.0,EDP,5.29,872.0,947.0,1049.0,1053.0,12.0,955345.0,999960.0,424.0,0.0,351.0,16.0
&AElig;THER,587.0,BDP,5.29,890.0,1061.0,1179.0,1179.0,10.0,910397.0,1000000.0,631.0,1.0,393.0,25.0
創世ノート,532.0,DDP,5.27,863.0,961.0,1066.0,1068.0,10.0,942031.0,999980.0,343.0,0.0,356.0,31.0
Dead Heat,827.0,EDP,5.27,897.0,985.0,1092.0,1095.0,14.0,951938.0,999970.0,748.0,0.0,365.0,7.0
鳳,1234.0,begSP,5.26,414.0,475.0,528.0,528.0,7.0,924236.0,1000000.0,236.0,1.0,176.0,27.0
Phlox,1168.0,EDP,5.26,1425.0,1574.0,1745.0,1749.0,15.0,947510.0,999960.0,267.0,0.0,583.0,23.0
Amalgamation,429.0,EDP,5.25,1066.0,1198.0,1330.0,1332.0,13.0,941131.0,999980.0,715.0,0.0,444.0,9.0
ACE FOR ACES,757.0,ESP,5.24,1433.0,1814.0,2016.0,2016.0,15.0,882488.0,1000000.0,2175.0,2.0,672.0,14.0
I'm so Happy,359.0,EDP,5.24,877.0,1077.0,1197.0,1197.0,12.0,897266.0,1000000.0,821.0,2.0,399.0,16.0
POSSESSION (20th Anniversary Mix),813.0,ESP,5.24,1387.0,1752.0,1947.0,1947.0,16.0,883110.0,1000000.0,1998.0,2.0,649.0,19.0
Prettiful!,1123.0,EDP,5.23,1494.0,1606.0,1776.0,1785.0,15.0,957667.0,999910.0,326.0,0.0,595.0,47.0
NGO,250.0,DSP,5.23,622.0,726.0,807.0,807.0,12.0,922998.0,1000000.0,807.0,1.0,269.0,10.0
ラキラキ,527.0,EDP,5.22,987.0,1182.0,1314.0,1314.0,13.0,905966.0,1000000.0,849.0,1.0,438.0,39.0
&Delta;MAX,402.0,DSP,5.22,1079.0,1296.0,1440.0,1440.0,13.0,908575.0,1000000.0,1908.0,1.0,480.0,16.0
FLOWER,457.0,EDP,5.22,1037.0,1163.0,1291.0,1293.0,13.0,941610.0,999980.0,729.0,0.0,431.0,13.0
ORION.78～civilization mix～,66.0,DDP,5.2,610.0,712.0,792.0,792.0,11.0,925284.0,1000000.0,285.0,1.0,264.0,0.0
The legend of MAX(X-Special),320.0,CSP,5.2,1213.0,1468.0,1632.0,1632.0,17.0,904464.0,1000000.0,2163.0,1.0,544.0,17.0
ALPACORE,901.0,EDP,5.2,1252.0,1517.0,1686.0,1686.0,16.0,905281.0,1000000.0,568.0,1.0,562.0,8.0
ENDYMION,756.0,BSP,5.2,1095.0,1317.0,1464.0,1464.0,13.0,907995.0,1000000.0,2100.0,1.0,488.0,15.0
量子の海のリントヴルム,1090.0,DDP,5.2,1134.0,1231.0,1363.0,1368.0,13.0,955961.0,999950.0,337.0,0.0,456.0,17.0
患部で止まってすぐ溶ける～狂気の優曇華院,1069.0,EDP,5.2,1455.0,1711.0,1901.0,1902.0,14.0,919734.0,999990.0,491.0,0.0,634.0,5.0
Sparkle Smilin',952.0,EDP,5.19,1392.0,1579.0,1753.0,1755.0,14.0,936078.0,999980.0,575.0,0.0,585.0,14.0
insist,1164.0,ESP,5.19,1212.0,1293.0,1428.0,1437.0,15.0,963958.0,999910.0,829.0,0.0,479.0,9.0
Sacred Oath,382.0,CDP,5.18,905.0,1039.0,1154.0,1155.0,13.0,926337.0,999990.0,565.0,0.0,385.0,38.0
EGOISM 440,640.0,BSP,5.18,641.0,785.0,873.0,873.0,10.0,902039.0,1000000.0,1188.0,3.0,291.0,2.0
桜,141.0,DSP,5.18,795.0,939.0,1044.0,1044.0,11.0,918975.0,1000000.0,913.0,1.0,348.0,3.0
PARANOiA KCET ～clean mix～,9.0,CDP,5.18,1008.0,1161.0,1289.0,1290.0,15.0,930152.0,999990.0,852.0,0.0,430.0,6.0
ウサテイ,1068.0,CSP,5.17,1532.0,1803.0,2003.0,2004.0,17.0,918491.0,999990.0,1080.0,0.0,668.0,11.0
SHION,698.0,DDP,5.16,920.0,1093.0,1215.0,1215.0,10.0,915713.0,1000000.0,526.0,1.0,405.0,3.0
Continue to the real world?,1238.0,ESP,5.16,1636.0,1798.0,1993.0,1998.0,16.0,950380.0,999950.0,474.0,0.0,666.0,15.0
going up,353.0,EDP,5.16,1205.0,1320.0,1463.0,1467.0,13.0,953485.0,999960.0,435.0,0.0,489.0,0.0
嘆きの樹,614.0,DDP,5.15,1025.0,1225.0,1362.0,1362.0,12.0,908991.0,1000000.0,817.0,1.0,454.0,25.0
Black Emperor,1077.0,EDP,5.14,1454.0,1771.0,1968.0,1968.0,17.0,901338.0,1000000.0,355.0,1.0,656.0,16.0
Triple Journey -TAG EDITION-,558.0,ESP,5.14,1382.0,1679.0,1866.0,1866.0,16.0,903324.0,1000000.0,2308.0,1.0,622.0,11.0
Never See You Again,985.0,ESP,5.14,1537.0,1879.0,2088.0,2088.0,16.0,898616.0,1000000.0,1286.0,1.0,696.0,25.0
KIMONO&hearts;PRINCESS,361.0,DDP,5.14,766.0,928.0,1032.0,1032.0,13.0,903636.0,1000000.0,972.0,2.0,344.0,16.0
Eon Break,1166.0,DSP,5.14,1052.0,1177.0,1306.0,1308.0,13.0,942687.0,999980.0,812.0,0.0,436.0,14.0
perditus&dagger;paradisus,1110.0,ESP,5.13,1896.0,2176.0,2416.0,2418.0,17.0,929175.0,999980.0,943.0,0.0,806.0,25.0
LOVE &amp; JOY,411.0,EDP,5.12,829.0,918.0,1018.0,1020.0,11.0,948824.0,999980.0,87.0,0.0,340.0,4.0
STULTI,529.0,DDP,5.12,837.0,988.0,1098.0,1098.0,12.0,914263.0,1000000.0,326.0,1.0,366.0,30.0
RISING FIRE HAWK,708.0,CSP,5.11,1495.0,1822.0,2025.0,2025.0,17.0,901528.0,1000000.0,2109.0,1.0,675.0,11.0
PARANOIA survivor MAX,127.0,ESP,5.11,1279.0,1544.0,1716.0,1716.0,15.0,907206.0,1000000.0,2044.0,1.0,572.0,5.0
STAY GOLD,1072.0,ESP,5.1,1164.0,1398.0,1554.0,1554.0,16.0,907674.0,1000000.0,1015.0,1.0,518.0,21.0
S!ck,730.0,DDP,5.09,876.0,1034.0,1149.0,1149.0,12.0,913796.0,1000000.0,662.0,1.0,383.0,31.0
&dagger;渚の小悪魔ラヴリィ～レイディオ&dagger;,557.0,DDP,5.09,934.0,1142.0,1269.0,1269.0,12.0,894446.0,1000000.0,802.0,2.0,423.0,43.0
セツナトリップ,595.0,DDP,5.09,698.0,858.0,954.0,954.0,10.0,897473.0,1000000.0,767.0,3.0,318.0,11.0
Magnetic,548.0,DDP,5.09,981.0,1166.0,1296.0,1296.0,11.0,907678.0,1000000.0,447.0,1.0,432.0,49.0
STERLING SILVER,732.0,EDP,5.07,1114.0,1331.0,1479.0,1479.0,13.0,910786.0,1000000.0,965.0,1.0,493.0,17.0
&AElig;THER,587.0,ESP,5.07,1573.0,1917.0,2130.0,2130.0,17.0,902081.0,1000000.0,2231.0,1.0,710.0,6.0
Dance Celebration (System 7 Remix),283.0,EDP,5.07,795.0,866.0,960.0,963.0,13.0,954171.0,999970.0,386.0,0.0,321.0,14.0
ALGORITHM,798.0,EDP,5.07,963.0,1142.0,1269.0,1269.0,13.0,914825.0,1000000.0,985.0,1.0,423.0,16.0
Wake Me Up,716.0,EDP,5.07,884.0,982.0,1090.0,1092.0,13.0,945039.0,999980.0,625.0,0.0,364.0,19.0
スイーツはとまらない&#9834;,846.0,EDP,5.07,1090.0,1220.0,1354.0,1356.0,13.0,943020.0,999980.0,610.0,0.0,452.0,11.0
Last Card,941.0,ESP,5.06,1517.0,1846.0,2052.0,2052.0,15.0,902742.0,1000000.0,1671.0,1.0,684.0,6.0
最小三倍完全数,887.0,DSP,5.06,1133.0,1355.0,1506.0,1506.0,14.0,911916.0,1000000.0,1490.0,1.0,502.0,6.0
888,336.0,ESP,5.05,1185.0,1420.0,1578.0,1578.0,14.0,910447.0,1000000.0,1956.0,1.0,526.0,11.0
STAY GOLD,1072.0,DSP,5.03,850.0,1001.0,1113.0,1113.0,12.0,917354.0,1000000.0,665.0,1.0,371.0,18.0
DDR TAGMIX -LAST DanceR-,1046.0,BSP,5.01,941.0,1112.0,1236.0,1236.0,11.0,912251.0,1000000.0,567.0,1.0,412.0,38.0
Determination,744.0,DDP,5.01,592.0,685.0,762.0,762.0,9.0,920690.0,1000000.0,265.0,1.0,254.0,32.0
The History of the Future,905.0,ESP,5.01,1458.0,1765.0,1962.0,1962.0,17.0,905749.0,1000000.0,1619.0,1.0,654.0,2.0
chaos eater,635.0,DDP,5.01,942.0,1077.0,1196.0,1197.0,12.0,934574.0,999990.0,440.0,0.0,399.0,2.0
SISYPHUS,1226.0,DDP,5.0,1110.0,1179.0,1302.0,1311.0,14.0,964509.0,999910.0,310.0,0.0,437.0,21.0
轟け！恋のビーンボール！！,579.0,ESP,5.0,1289.0,1549.0,1722.0,1722.0,16.0,909804.0,1000000.0,2272.0,1.0,574.0,1.0
Go Down,1125.0,EDP,5.0,1079.0,1204.0,1336.0,1338.0,13.0,939332.0,999980.0,327.0,0.0,446.0,48.0
Pure Rude,1195.0,DDP,4.99,1253.0,1503.0,1671.0,1671.0,13.0,910634.0,1000000.0,231.0,1.0,557.0,1.0
osaka EVOLVED -毎度、おおきに！- (TYPE2),460.0,DSP,4.99,873.0,1026.0,1140.0,1140.0,13.0,918019.0,1000000.0,668.0,1.0,380.0,21.0
SEXY PLANET,44.0,EDP,4.98,540.0,637.0,708.0,708.0,10.0,920581.0,1000000.0,452.0,2.0,236.0,0.0
DROP OUT(FROM NONSTOP MEGAMIX),79.0,CDP,4.98,690.0,758.0,841.0,843.0,13.0,952374.0,999980.0,478.0,0.0,281.0,4.0
GHOST KINGDOM,967.0,EDP,4.97,854.0,931.0,1032.0,1035.0,14.0,954197.0,999970.0,498.0,0.0,345.0,14.0
Qwerty,1075.0,EDP,4.97,1319.0,1412.0,1561.0,1569.0,14.0,961454.0,999920.0,310.0,0.0,523.0,23.0
Twinkle Wonderland,982.0,EDP,4.97,920.0,1020.0,1132.0,1134.0,13.0,942058.0,999980.0,313.0,0.0,378.0,43.0
The Least 100sec,134.0,DDP,4.96,714.0,831.0,924.0,924.0,10.0,924943.0,1000000.0,237.0,1.0,308.0,7.0
Next FUTURE,1248.0,EDP,4.95,1322.0,1428.0,1581.0,1587.0,15.0,957677.0,999940.0,171.0,0.0,529.0,21.0
Healing-D-Vision,169.0,ESP,4.95,968.0,1142.0,1269.0,1269.0,14.0,919540.0,1000000.0,2126.0,1.0,423.0,2.0
exotic ethnic,62.0,EDP,4.95,932.0,1009.0,1118.0,1122.0,13.0,942510.0,999960.0,760.0,0.0,374.0,109.0
Neutrino,752.0,DSP,4.95,771.0,939.0,1044.0,1044.0,12.0,899290.0,1000000.0,1634.0,3.0,348.0,23.0
Valanga,1181.0,EDP,4.94,1452.0,1582.0,1753.0,1758.0,15.0,953653.0,999950.0,246.0,0.0,586.0,23.0
虹色の花,530.0,EDP,4.94,1019.0,1166.0,1295.0,1296.0,11.0,931071.0,999990.0,315.0,0.0,432.0,21.0
Come Back To Me,1030.0,EDP,4.94,1151.0,1287.0,1429.0,1431.0,14.0,944261.0,999980.0,429.0,0.0,477.0,1.0
TSUGARU (APPLE MIX),94.0,CDP,4.93,727.0,788.0,873.0,876.0,11.0,958069.0,999970.0,394.0,0.0,292.0,6.0
TECH-NOID,707.0,EDP,4.93,932.0,1063.0,1181.0,1182.0,13.0,933078.0,999990.0,849.0,0.0,394.0,16.0
Over The &ldquo;Period&rdquo;,648.0,BSP,4.93,984.0,1163.0,1293.0,1293.0,12.0,911725.0,1000000.0,1834.0,1.0,431.0,43.0
恋する☆宇宙戦争っ!!,747.0,CSP,4.93,1696.0,2062.0,2292.0,2292.0,17.0,900900.0,1000000.0,2423.0,1.0,764.0,25.0
REVOLUTIONARY ADDICT,481.0,CSP,4.92,1370.0,1644.0,1827.0,1827.0,16.0,908419.0,1000000.0,1927.0,1.0,609.0,18.0
Aria,1196.0,DSP,4.91,1117.0,1228.0,1362.0,1365.0,13.0,949625.0,999970.0,322.0,0.0,455.0,24.0
New York EVOLVED (Type A),465.0,DDP,4.91,1020.0,1206.0,1341.0,1341.0,13.0,910883.0,1000000.0,381.0,1.0,447.0,46.0
Freeway Shuffle,244.0,CDP,4.9,860.0,1007.0,1119.0,1119.0,12.0,923005.0,1000000.0,605.0,1.0,373.0,5.0
酔いどれ知らず,1100.0,EDP,4.9,1006.0,1101.0,1221.0,1224.0,13.0,949031.0,999970.0,456.0,0.0,408.0,40.0
マインド・ゲーム,568.0,EDP,4.9,1271.0,1466.0,1628.0,1629.0,15.0,926151.0,999990.0,684.0,0.0,543.0,32.0
suspicions,1216.0,DSP,4.89,1434.0,1552.0,1719.0,1725.0,14.0,954821.0,999940.0,490.0,0.0,575.0,45.0
take me higher,943.0,EDP,4.89,1016.0,1112.0,1233.0,1236.0,13.0,953083.0,999970.0,493.0,0.0,412.0,9.0
9th Outburst,1252.0,ESP,4.89,1459.0,1601.0,1775.0,1779.0,15.0,948480.0,999960.0,189.0,0.0,593.0,47.0
六兆年と一夜物語,726.0,EDP,4.89,896.0,1050.0,1167.0,1167.0,12.0,921200.0,1000000.0,849.0,1.0,389.0,10.0
PRANA,555.0,CSP,4.88,1329.0,1590.0,1767.0,1767.0,16.0,911560.0,1000000.0,2104.0,1.0,589.0,7.0
ホメ猫☆センセーション,655.0,EDP,4.88,1201.0,1382.0,1535.0,1536.0,13.0,930240.0,999990.0,858.0,0.0,512.0,9.0
heron,493.0,CDP,4.88,805.0,939.0,1044.0,1044.0,13.0,914773.0,1000000.0,415.0,1.0,348.0,51.0
out of focus,751.0,ESP,4.86,950.0,1142.0,1269.0,1269.0,15.0,904707.0,1000000.0,2294.0,2.0,423.0,34.0
JOMANDA,613.0,ESP,4.86,1189.0,1412.0,1569.0,1569.0,15.0,913341.0,1000000.0,2215.0,1.0,523.0,22.0
BLACK JACKAL,889.0,EDP,4.86,1283.0,1401.0,1553.0,1557.0,15.0,953170.0,999960.0,804.0,0.0,519.0,19.0
heron,493.0,EDP,4.85,824.0,961.0,1068.0,1068.0,12.0,924293.0,1000000.0,586.0,1.0,356.0,8.0
Seta Para Cima&uarr;&uarr;,832.0,EDP,4.85,1006.0,1090.0,1208.0,1212.0,13.0,957439.0,999960.0,459.0,0.0,404.0,9.0
とこにゃつ☆トロピカル,1205.0,EDP,4.84,1434.0,1560.0,1729.0,1734.0,15.0,955628.0,999950.0,231.0,0.0,578.0,8.0
Lose Your Sense,1158.0,DDP,4.83,1177.0,1314.0,1459.0,1461.0,13.0,943144.0,999980.0,196.0,0.0,487.0,18.0
AFRONOVA PRIMEVAL,50.0,EDP,4.83,1001.0,1179.0,1311.0,1311.0,13.0,920491.0,1000000.0,529.0,1.0,437.0,0.0
New Generation,559.0,CSP,4.82,1327.0,1582.0,1758.0,1758.0,17.0,912828.0,1000000.0,1924.0,1.0,586.0,11.0
Life is beautiful,805.0,DDP,4.81,1017.0,1196.0,1329.0,1329.0,12.0,919832.0,1000000.0,680.0,1.0,443.0,11.0
ドキドキ☆流星トラップガール!!,600.0,EDP,4.81,1236.0,1360.0,1509.0,1512.0,14.0,950000.0,999970.0,603.0,0.0,504.0,13.0
女々しくて,409.0,CDP,4.81,689.0,774.0,860.0,861.0,10.0,918369.0,999990.0,204.0,0.0,287.0,100.0
無頼ック自己ライザー,796.0,EDP,4.81,1181.0,1317.0,1462.0,1464.0,13.0,943893.0,999980.0,784.0,0.0,488.0,16.0
晴天Bon Voyage,528.0,DDP,4.8,667.0,769.0,855.0,855.0,9.0,924250.0,1000000.0,207.0,1.0,285.0,29.0
MAX 360,815.0,BDP,4.78,1128.0,1333.0,1482.0,1482.0,12.0,917901.0,1000000.0,792.0,1.0,494.0,5.0
La Bamba,176.0,EDP,4.78,766.0,888.0,987.0,987.0,12.0,928452.0,1000000.0,332.0,1.0,329.0,1.0
DDR MEGAMIX,810.0,BDP,4.78,792.0,893.0,992.0,993.0,8.0,940845.0,999990.0,394.0,0.0,331.0,2.0
New York EVOLVED (Type B),466.0,ESP,4.78,1324.0,1576.0,1752.0,1752.0,16.0,911703.0,1000000.0,1748.0,1.0,584.0,23.0
New York EVOLVED (Type C),467.0,ESP,4.77,1228.0,1455.0,1617.0,1617.0,16.0,915141.0,1000000.0,1684.0,1.0,539.0,16.0
MAX 300 (Super-Max-Me Mix),181.0,DSP,4.77,1019.0,1196.0,1329.0,1329.0,13.0,916951.0,1000000.0,1426.0,1.0,443.0,34.0
osaka EVOLVED -毎度、おおきに！- (TYPE3),461.0,BSP,4.77,699.0,807.0,897.0,897.0,11.0,925337.0,1000000.0,358.0,1.0,299.0,25.0
New Century,700.0,DDP,4.76,1098.0,1293.0,1437.0,1437.0,14.0,914437.0,1000000.0,1023.0,1.0,479.0,40.0
Healing-D-Vision,169.0,BDP,4.76,642.0,761.0,846.0,846.0,9.0,913832.0,1000000.0,272.0,2.0,282.0,18.0
Going Hypersonic,971.0,EDP,4.75,1197.0,1301.0,1442.0,1446.0,15.0,955729.0,999960.0,542.0,0.0,482.0,12.0
THE REASON,521.0,CSP,4.75,923.0,1077.0,1197.0,1197.0,15.0,922896.0,1000000.0,1865.0,1.0,399.0,12.0
CHAOS Terror-Tech Mix,814.0,ESP,4.75,1260.0,1495.0,1662.0,1662.0,15.0,915321.0,1000000.0,2037.0,1.0,554.0,9.0
&Delta;MAX,402.0,BDP,4.75,647.0,723.0,803.0,804.0,8.0,944121.0,999990.0,364.0,0.0,268.0,6.0
MAX 300,65.0,BDP,4.75,609.0,731.0,813.0,813.0,9.0,909739.0,1000000.0,535.0,3.0,271.0,8.0
Empathetic,534.0,EDP,4.74,1223.0,1344.0,1491.0,1494.0,14.0,951157.0,999970.0,580.0,0.0,498.0,11.0
Sakura Sunrise,384.0,DDP,4.74,772.0,939.0,1044.0,1044.0,10.0,901968.0,1000000.0,591.0,3.0,348.0,15.0
tokyoEVOLVED (TYPE3),464.0,ESP,4.73,1140.0,1344.0,1494.0,1494.0,16.0,918826.0,1000000.0,1460.0,1.0,498.0,6.0
ANTI ANTHEM,1029.0,DSP,4.72,980.0,1147.0,1275.0,1275.0,13.0,914998.0,1000000.0,1029.0,1.0,425.0,52.0
ORCA,837.0,BDP,4.72,549.0,666.0,741.0,741.0,9.0,902692.0,1000000.0,558.0,4.0,247.0,14.0
out of focus,751.0,CSP,4.72,1312.0,1555.0,1728.0,1728.0,16.0,916320.0,1000000.0,1835.0,1.0,576.0,4.0
50th Memorial Songs -Flagship medley-,851.0,EDP,4.71,991.0,1080.0,1197.0,1200.0,13.0,954922.0,999970.0,380.0,0.0,400.0,13.0
D2R,76.0,EDP,4.71,775.0,896.0,996.0,996.0,11.0,929524.0,1000000.0,590.0,1.0,332.0,0.0
Finally Dive,1243.0,EDP,4.71,1505.0,1601.0,1769.0,1779.0,16.0,964082.0,999900.0,111.0,0.0,593.0,22.0
RED ZONE,198.0,EDP,4.71,759.0,920.0,1023.0,1023.0,11.0,905587.0,1000000.0,629.0,3.0,341.0,6.0
Hella Deep,995.0,EDP,4.7,1191.0,1293.0,1433.0,1437.0,14.0,955386.0,999960.0,508.0,0.0,479.0,21.0
Healing Vision,56.0,EDP,4.69,833.0,966.0,1074.0,1074.0,13.0,927948.0,1000000.0,522.0,1.0,358.0,0.0
LOVE THIS FEELIN',22.0,DDP,4.69,537.0,612.0,681.0,681.0,11.0,936329.0,1000000.0,239.0,1.0,227.0,0.0
Like A Star,1058.0,EDP,4.69,1296.0,1425.0,1581.0,1584.0,14.0,950854.0,999970.0,440.0,0.0,528.0,10.0
GLITTER,1180.0,ESP,4.69,1755.0,1895.0,2099.0,2106.0,16.0,955610.0,999930.0,673.0,0.0,702.0,51.0
Catch Our Fire!,819.0,ESP,4.69,1665.0,1995.0,2217.0,2217.0,17.0,905138.0,1000000.0,1808.0,1.0,739.0,56.0
DDR MEGAMIX,810.0,DDP,4.68,1020.0,1193.0,1326.0,1326.0,13.0,923558.0,1000000.0,528.0,1.0,442.0,1.0
Come to Life,734.0,DDP,4.68,989.0,1155.0,1284.0,1284.0,13.0,921284.0,1000000.0,1216.0,1.0,428.0,19.0
Across the nightmare,101.0,CDP,4.68,833.0,966.0,1074.0,1074.0,13.0,928198.0,1000000.0,428.0,1.0,358.0,0.0
Shiny World,388.0,EDP,4.68,840.0,974.0,1083.0,1083.0,14.0,927884.0,1000000.0,684.0,1.0,361.0,0.0
Arrabbiata,228.0,BDP,4.67,686.0,839.0,933.0,933.0,12.0,902378.0,1000000.0,635.0,4.0,311.0,1.0
osaka EVOLVED -毎度、おおきに！- (TYPE1),459.0,BSP,4.67,667.0,766.0,852.0,852.0,11.0,927662.0,1000000.0,447.0,1.0,284.0,22.0
チカラ,218.0,EDP,4.67,917.0,1036.0,1151.0,1152.0,13.0,939814.0,999990.0,694.0,0.0,384.0,0.0
VANESSA,396.0,ESP,4.67,1237.0,1460.0,1623.0,1623.0,16.0,917765.0,1000000.0,2281.0,1.0,541.0,9.0
Spanish Snowy Dance,545.0,DDP,4.67,1017.0,1188.0,1320.0,1320.0,11.0,923276.0,1000000.0,385.0,1.0,440.0,9.0
8000000,666.0,ESP,4.66,1212.0,1428.0,1587.0,1587.0,14.0,919938.0,1000000.0,2049.0,1.0,529.0,1.0
Find The Way,506.0,EDP,4.66,913.0,1061.0,1179.0,1179.0,12.0,925060.0,1000000.0,496.0,1.0,393.0,13.0
ウサテイ,1068.0,EDP,4.66,1057.0,1201.0,1334.0,1335.0,14.0,935342.0,999990.0,541.0,0.0,445.0,16.0
DoLL,157.0,CDP,4.65,1192.0,1323.0,1468.0,1470.0,14.0,943872.0,999980.0,843.0,0.0,490.0,36.0
tokyoEVOLVED (TYPE1),462.0,ESP,4.64,1213.0,1428.0,1587.0,1587.0,16.0,919722.0,1000000.0,1741.0,1.0,529.0,6.0
LONG TRAIN RUNNIN' (20th Anniversary Mix),858.0,EDP,4.63,842.0,912.0,1011.0,1014.0,13.0,957451.0,999970.0,442.0,0.0,338.0,11.0
Not Alone,1217.0,DDP,4.63,896.0,985.0,1093.0,1095.0,13.0,952421.0,999980.0,210.0,0.0,365.0,0.0
Worst Plan,1074.0,EDP,4.62,1371.0,1463.0,1618.0,1626.0,15.0,963249.0,999920.0,378.0,0.0,542.0,18.0
Splash Gold,878.0,BDP,4.62,809.0,980.0,1089.0,1089.0,11.0,905097.0,1000000.0,554.0,3.0,363.0,13.0
CANDY☆(X-Special),280.0,CDP,4.62,864.0,1028.0,1143.0,1143.0,13.0,907934.0,1000000.0,640.0,2.0,381.0,40.0
Lose Your Sense,1158.0,DSP,4.62,1187.0,1317.0,1462.0,1464.0,13.0,945831.0,999980.0,560.0,0.0,488.0,18.0
Squeeze,577.0,ESP,4.61,1124.0,1317.0,1464.0,1464.0,15.0,921147.0,1000000.0,2037.0,1.0,488.0,11.0
Elemental Creation,536.0,ESP,4.61,1825.0,2189.0,2433.0,2433.0,17.0,907799.0,1000000.0,2399.0,1.0,811.0,22.0
tokyoEVOLVED (TYPE1),462.0,DSP,4.6,877.0,1015.0,1128.0,1128.0,13.0,926432.0,1000000.0,811.0,1.0,376.0,15.0
SISYPHUS,1226.0,DSP,4.6,1122.0,1242.0,1378.0,1380.0,14.0,946574.0,999980.0,857.0,0.0,460.0,25.0
chaos eater,635.0,ESP,4.6,1350.0,1595.0,1773.0,1773.0,16.0,917931.0,1000000.0,1977.0,1.0,591.0,3.0
革命,96.0,CDP,4.59,720.0,828.0,921.0,921.0,11.0,931931.0,1000000.0,404.0,1.0,307.0,2.0
Fascination MAXX,160.0,BSP,4.59,609.0,758.0,843.0,843.0,11.0,891994.0,1000000.0,1013.0,7.0,281.0,9.0
SABER WING,310.0,CSP,4.58,1078.0,1258.0,1398.0,1398.0,13.0,912791.0,1000000.0,1328.0,1.0,466.0,77.0
Valkyrie dimension,395.0,DSP,4.58,1100.0,1285.0,1428.0,1428.0,15.0,919691.0,1000000.0,2285.0,1.0,476.0,32.0
La Se&ntilde;orita,20.0,EDP,4.58,970.0,1128.0,1254.0,1254.0,13.0,926723.0,1000000.0,660.0,1.0,418.0,0.0
PARANOiA (kskst mix),487.0,ESP,4.57,1650.0,1965.0,2184.0,2184.0,17.0,907999.0,1000000.0,2229.0,1.0,728.0,57.0
The History of the Future,905.0,DDP,4.56,1170.0,1266.0,1403.0,1407.0,14.0,956766.0,999960.0,538.0,0.0,469.0,21.0
TRIP MACHINE CLIMAX(X-Special),327.0,CDP,4.56,833.0,961.0,1068.0,1068.0,14.0,928247.0,1000000.0,517.0,1.0,356.0,15.0
メンタンピンドラドラ,1194.0,ESP,4.56,1212.0,1422.0,1581.0,1581.0,16.0,917497.0,1000000.0,785.0,1.0,527.0,31.0
NGO,250.0,BSP,4.56,472.0,553.0,615.0,615.0,10.0,922956.0,1000000.0,490.0,3.0,205.0,2.0
TRIP MACHINE (xac nanoglide mix),484.0,ESP,4.56,1490.0,1765.0,1962.0,1962.0,16.0,909367.0,1000000.0,1803.0,1.0,654.0,64.0
perditus&dagger;paradisus,1110.0,DDP,4.56,1375.0,1471.0,1628.0,1635.0,14.0,961646.0,999930.0,287.0,0.0,545.0,22.0
嘆きの樹,614.0,ESP,4.55,1516.0,1841.0,2046.0,2046.0,16.0,902635.0,1000000.0,2494.0,2.0,682.0,16.0
SUPER SAMURAI,315.0,DDP,4.54,883.0,1020.0,1134.0,1134.0,12.0,928083.0,1000000.0,347.0,1.0,378.0,9.0
Euphoric Fragmentation,1235.0,ESP,4.53,1690.0,1895.0,2104.0,2106.0,16.0,940506.0,999980.0,500.0,0.0,702.0,24.0
PRANA,555.0,DDP,4.52,890.0,1028.0,1143.0,1143.0,11.0,927634.0,1000000.0,464.0,1.0,381.0,12.0
Prey,809.0,DSP,4.51,1138.0,1328.0,1476.0,1476.0,15.0,923096.0,1000000.0,2010.0,1.0,492.0,11.0
Fascination MAXX,160.0,DSP,4.51,896.0,1090.0,1212.0,1212.0,13.0,903832.0,1000000.0,1810.0,4.0,404.0,7.0
Follow Tomorrow,609.0,EDP,4.5,964.0,1117.0,1242.0,1242.0,12.0,926513.0,1000000.0,897.0,1.0,414.0,10.0
Vertigo,989.0,DDP,4.49,958.0,1023.0,1132.0,1137.0,12.0,963182.0,999950.0,189.0,0.0,379.0,14.0
Right on time (Ryu☆Remix),554.0,EDP,4.49,931.0,1047.0,1163.0,1164.0,14.0,941203.0,999990.0,697.0,0.0,388.0,7.0
Dance Dance Revolution(X-Special),284.0,CDP,4.49,931.0,1047.0,1163.0,1164.0,13.0,936947.0,999990.0,502.0,0.0,388.0,35.0
The legend of MAX,135.0,ESP,4.49,1164.0,1358.0,1509.0,1509.0,15.0,924565.0,1000000.0,2444.0,1.0,503.0,3.0
POSSESSION(EDP Live Mix),634.0,DDP,4.49,993.0,1150.0,1278.0,1278.0,12.0,922374.0,1000000.0,729.0,1.0,426.0,39.0
STULTI,529.0,ESP,4.48,1247.0,1460.0,1623.0,1623.0,15.0,920796.0,1000000.0,2097.0,1.0,541.0,16.0
腐れ外道とチョコレゐト,854.0,CSP,4.48,1648.0,1952.0,2169.0,2169.0,17.0,913133.0,1000000.0,1437.0,1.0,723.0,33.0
PERSIAN LAND,1096.0,EDP,4.48,1677.0,1795.0,1987.0,1995.0,15.0,961612.0,999920.0,315.0,0.0,665.0,17.0
冥,404.0,DSP,4.48,1048.0,1217.0,1353.0,1353.0,11.0,925673.0,1000000.0,1592.0,1.0,451.0,8.0
MUTEKI BUFFALO,969.0,ESP,4.48,1140.0,1328.0,1476.0,1476.0,15.0,924918.0,1000000.0,1434.0,1.0,492.0,3.0
月光蝶,221.0,EDP,4.47,710.0,810.0,900.0,900.0,11.0,935748.0,1000000.0,373.0,1.0,300.0,2.0
INSERTiON,57.0,EDP,4.46,765.0,853.0,947.0,948.0,12.0,946642.0,999990.0,412.0,0.0,316.0,0.0
HARD BRAIN,964.0,EDP,4.46,1642.0,1809.0,2007.0,2010.0,15.0,948507.0,999970.0,741.0,0.0,670.0,26.0
アルストロメリア (walk with you remix),456.0,CDP,4.45,895.0,1031.0,1146.0,1146.0,13.0,923948.0,1000000.0,643.0,1.0,382.0,41.0
PARANOiA-Respect-,190.0,ESP,4.45,1321.0,1547.0,1719.0,1719.0,16.0,920475.0,1000000.0,2141.0,1.0,573.0,18.0
PARANOIA survivor,126.0,DSP,4.45,805.0,923.0,1026.0,1026.0,11.0,932942.0,1000000.0,578.0,1.0,342.0,2.0
Avenger,857.0,DSP,4.45,1239.0,1447.0,1608.0,1608.0,14.0,923871.0,1000000.0,1718.0,1.0,536.0,2.0
Emera,743.0,CSP,4.45,1416.0,1665.0,1851.0,1851.0,17.0,914089.0,1000000.0,2100.0,1.0,617.0,54.0
MAKE IT BETTER (So-REAL Mix),476.0,CDP,4.45,580.0,656.0,729.0,729.0,12.0,926427.0,1000000.0,309.0,1.0,243.0,51.0
Afterimage d'automne,894.0,EDP,4.44,1059.0,1228.0,1365.0,1365.0,15.0,925750.0,1000000.0,575.0,1.0,455.0,13.0
恋する☆宇宙戦争っ!!,747.0,DDP,4.43,1199.0,1398.0,1554.0,1554.0,13.0,921397.0,1000000.0,893.0,1.0,518.0,27.0
New York EVOLVED (Type B),466.0,DDP,4.42,979.0,1101.0,1223.0,1224.0,13.0,940111.0,999990.0,334.0,0.0,408.0,16.0
neko＊neko,670.0,CDP,4.42,1039.0,1169.0,1298.0,1299.0,13.0,939426.0,999990.0,556.0,0.0,433.0,18.0
out of focus,751.0,DDP,4.41,651.0,780.0,867.0,867.0,12.0,908353.0,1000000.0,681.0,4.0,289.0,19.0
First Time,820.0,ESP,4.41,1044.0,1209.0,1344.0,1344.0,15.0,927179.0,1000000.0,1850.0,1.0,448.0,8.0
Flow,161.0,EDP,4.41,731.0,834.0,927.0,927.0,11.0,935675.0,1000000.0,322.0,1.0,309.0,2.0
DROP OUT,34.0,DDP,4.41,670.0,799.0,888.0,888.0,9.0,915129.0,1000000.0,283.0,3.0,296.0,0.0
ANTI ANTHEM,1029.0,ESP,4.41,1424.0,1671.0,1857.0,1857.0,15.0,914235.0,1000000.0,1419.0,1.0,619.0,64.0
Glitter Flatter Scatter,1092.0,ESP,4.4,1688.0,1995.0,2217.0,2217.0,17.0,915636.0,1000000.0,840.0,1.0,739.0,18.0
SABER WING (satellite silhouette remix),588.0,EDP,4.4,919.0,1058.0,1176.0,1176.0,12.0,928383.0,1000000.0,452.0,1.0,392.0,19.0
Hopeful,745.0,EDP,4.4,1033.0,1163.0,1292.0,1293.0,13.0,940165.0,999990.0,695.0,0.0,431.0,10.0
Kilonova,1149.0,DDP,4.4,1361.0,1509.0,1675.0,1677.0,13.0,944300.0,999980.0,276.0,0.0,559.0,40.0
StrayedCatz,740.0,DDP,4.39,767.0,896.0,996.0,996.0,12.0,922893.0,1000000.0,795.0,2.0,332.0,10.0
Pluto,252.0,begSP,4.39,212.0,264.0,294.0,294.0,6.0,893924.0,1000000.0,337.0,13.0,98.0,0.0
snow prism,488.0,EDP,4.39,971.0,1120.0,1245.0,1245.0,12.0,927884.0,1000000.0,460.0,1.0,415.0,17.0
BREAKING THE FUTURE,1188.0,BSP,4.38,833.0,955.0,1062.0,1062.0,10.0,927584.0,1000000.0,312.0,1.0,354.0,31.0
RЁVOLUTIФN,553.0,CSP,4.38,1808.0,2141.0,2379.0,2379.0,17.0,914765.0,1000000.0,2156.0,1.0,793.0,16.0
Grip &amp; Break down !!,680.0,EDP,4.38,1012.0,1196.0,1329.0,1329.0,13.0,918674.0,1000000.0,894.0,2.0,443.0,1.0
DEADLOCK -Out Of Reach-,966.0,DDP,4.38,1311.0,1431.0,1587.0,1590.0,13.0,951358.0,999970.0,434.0,0.0,530.0,39.0
CHAOS Terror-Tech Mix,814.0,DSP,4.38,942.0,1125.0,1251.0,1251.0,12.0,910825.0,1000000.0,1830.0,3.0,417.0,16.0
リリーゼと炎龍レーヴァテイン,1098.0,DDP,4.38,1201.0,1358.0,1508.0,1509.0,13.0,938904.0,999990.0,454.0,0.0,503.0,6.0
Chinese Snowy Dance,556.0,DDP,4.38,881.0,1012.0,1125.0,1125.0,12.0,928249.0,1000000.0,512.0,1.0,375.0,26.0
Grip &amp; Break down !!,680.0,DDP,4.37,801.0,985.0,1095.0,1095.0,10.0,899828.0,1000000.0,655.0,5.0,365.0,1.0
Last Card,941.0,DDP,4.37,1132.0,1312.0,1458.0,1458.0,12.0,926807.0,1000000.0,493.0,1.0,486.0,8.0
PRANA＋REVOLUTIONARY ADDICT (U1 DJ Mix),646.0,ESP,4.36,1717.0,2027.0,2253.0,2253.0,17.0,916902.0,1000000.0,2026.0,1.0,751.0,8.0
コンフェイト＊コンチェルト,1240.0,EDP,4.36,1504.0,1593.0,1760.0,1770.0,14.0,965957.0,999900.0,113.0,0.0,590.0,21.0
Unreality,1095.0,EDP,4.35,1288.0,1404.0,1557.0,1560.0,14.0,953920.0,999970.0,402.0,0.0,520.0,18.0
SABER WING (Akira Ishihara Headshot mix),311.0,ESP,4.35,1091.0,1263.0,1404.0,1404.0,15.0,924549.0,1000000.0,2283.0,1.0,468.0,29.0
On The Break,300.0,DDP,4.34,690.0,783.0,870.0,870.0,11.0,937762.0,1000000.0,325.0,1.0,290.0,5.0
Boss Rush,787.0,DSP,4.33,1287.0,1533.0,1704.0,1704.0,14.0,911589.0,1000000.0,1938.0,2.0,568.0,23.0
tokyoEVOLVED (TYPE2),463.0,ESP,4.33,1226.0,1425.0,1584.0,1584.0,16.0,925691.0,1000000.0,1490.0,1.0,528.0,6.0
ランカーキラーガール,904.0,ESP,4.32,1462.0,1711.0,1902.0,1902.0,17.0,919890.0,1000000.0,1727.0,1.0,634.0,23.0
First Time,820.0,DDP,4.32,720.0,818.0,909.0,909.0,11.0,936808.0,1000000.0,380.0,1.0,303.0,7.0
Starlight Fantasia (Endorphins Mix),647.0,ESP,4.32,1459.0,1706.0,1896.0,1896.0,15.0,921449.0,1000000.0,1951.0,1.0,632.0,14.0
Flip Flap,1179.0,EDP,4.31,1025.0,1101.0,1220.0,1224.0,14.0,960309.0,999960.0,280.0,0.0,408.0,18.0
DIABLOSIS::N&#x101;ga,1215.0,ESP,4.31,1714.0,1911.0,2122.0,2124.0,17.0,939287.0,999980.0,370.0,0.0,708.0,70.0
Red Cape Theorem,977.0,EDP,4.31,1215.0,1339.0,1486.0,1488.0,13.0,949332.0,999980.0,424.0,0.0,496.0,18.0
AA,146.0,EDP,4.31,867.0,993.0,1104.0,1104.0,13.0,933808.0,1000000.0,1024.0,1.0,368.0,2.0
RED ZONE,198.0,DDP,4.3,554.0,675.0,750.0,750.0,8.0,903756.0,1000000.0,254.0,5.0,250.0,6.0
bag,104.0,DSP,4.3,470.0,561.0,624.0,624.0,11.0,914998.0,1000000.0,752.0,6.0,208.0,0.0
True Blue,571.0,ESP,4.29,1419.0,1657.0,1842.0,1842.0,16.0,922700.0,1000000.0,2401.0,1.0,614.0,10.0
Healing Vision ～Angelic mix～,63.0,EDP,4.29,1076.0,1271.0,1413.0,1413.0,14.0,919051.0,1000000.0,1027.0,2.0,471.0,0.0
White Stream,1257.0,ESP,4.29,1737.0,1881.0,2086.0,2091.0,16.0,957027.0,999950.0,198.0,0.0,697.0,10.0
Horatio,291.0,CSP,4.28,1133.0,1309.0,1455.0,1455.0,15.0,922472.0,1000000.0,1844.0,1.0,485.0,49.0
Saturn,256.0,EDP,4.28,856.0,953.0,1058.0,1059.0,13.0,938104.0,999990.0,466.0,0.0,353.0,54.0
The World Ends Now,886.0,ESP,4.28,1477.0,1725.0,1917.0,1917.0,16.0,922102.0,1000000.0,1703.0,1.0,639.0,14.0
TRIP MACHINE survivor,136.0,EDP,4.28,823.0,939.0,1044.0,1044.0,12.0,935467.0,1000000.0,345.0,1.0,348.0,1.0
HAPPY☆LUCKY☆YEAPPY,639.0,DSP,4.27,887.0,1036.0,1152.0,1152.0,13.0,923253.0,1000000.0,1519.0,2.0,384.0,8.0
Nostalgia Is Lost,612.0,ESP,4.27,1458.0,1701.0,1890.0,1890.0,15.0,920962.0,1000000.0,2086.0,1.0,630.0,31.0
パ&rarr;ピ&rarr;プ&rarr;Yeah!,667.0,EDP,4.27,898.0,1028.0,1143.0,1143.0,13.0,933131.0,1000000.0,1233.0,1.0,381.0,5.0
Firestorm,919.0,CSP,4.27,1274.0,1514.0,1683.0,1683.0,16.0,897151.0,1000000.0,1346.0,2.0,561.0,130.0
PARANOiA-Respect-,190.0,DSP,4.27,1009.0,1185.0,1317.0,1317.0,12.0,917557.0,1000000.0,1037.0,2.0,439.0,26.0
斑咲花,1116.0,ESP,4.27,1497.0,1749.0,1944.0,1944.0,16.0,917499.0,1000000.0,815.0,1.0,648.0,54.0
Flow (True Style),162.0,ESP,4.26,731.0,845.0,939.0,939.0,12.0,929464.0,1000000.0,1033.0,2.0,313.0,2.0
走れメロンパン,1247.0,EDP,4.26,1092.0,1161.0,1284.0,1290.0,14.0,964210.0,999940.0,127.0,0.0,430.0,26.0
Dance Floor,285.0,EDP,4.26,614.0,693.0,771.0,771.0,10.0,934437.0,1000000.0,301.0,1.0,257.0,26.0
Spanish Snowy Dance,545.0,ESP,4.26,1485.0,1733.0,1926.0,1926.0,15.0,918924.0,1000000.0,2130.0,1.0,642.0,46.0
smooooch･&forall;･,390.0,EDP,4.25,933.0,1093.0,1215.0,1215.0,12.0,921115.0,1000000.0,850.0,2.0,405.0,13.0
伐折羅-vajra-,1182.0,ESP,4.25,1479.0,1725.0,1917.0,1917.0,16.0,923156.0,1000000.0,736.0,1.0,639.0,9.0
Ishtar,749.0,CSP,4.25,1381.0,1606.0,1785.0,1785.0,16.0,911744.0,1000000.0,1990.0,1.0,595.0,114.0
DDR MEGAMIX,810.0,ESP,4.24,1419.0,1652.0,1836.0,1836.0,15.0,924816.0,1000000.0,1997.0,1.0,612.0,3.0
snow prism,488.0,CSP,4.24,1304.0,1512.0,1680.0,1680.0,16.0,925992.0,1000000.0,2071.0,1.0,560.0,13.0
MAX.(period),641.0,BSP,4.24,778.0,939.0,1044.0,1044.0,12.0,907852.0,1000000.0,1047.0,5.0,348.0,5.0
惑星☆ロリポップ,1135.0,EDP,4.24,1316.0,1452.0,1612.0,1614.0,15.0,945446.0,999980.0,481.0,0.0,538.0,49.0
ORCA,837.0,BSP,4.24,575.0,688.0,765.0,765.0,9.0,908466.0,1000000.0,1032.0,6.0,255.0,17.0
Squeeze,577.0,DDP,4.23,702.0,815.0,906.0,906.0,10.0,924909.0,1000000.0,268.0,2.0,302.0,13.0
Triple Cross,1032.0,ESP,4.23,1521.0,1819.0,2022.0,2022.0,17.0,910753.0,1000000.0,1360.0,2.0,674.0,10.0
シュレーディンガーの猫,817.0,DDP,4.22,971.0,1112.0,1236.0,1236.0,12.0,931470.0,1000000.0,790.0,1.0,412.0,15.0
地方創生☆チクワクティクス,674.0,EDP,4.21,911.0,1015.0,1127.0,1128.0,13.0,946220.0,999990.0,739.0,0.0,376.0,4.0
murmur twins,187.0,EDP,4.2,724.0,837.0,930.0,930.0,11.0,929895.0,1000000.0,458.0,2.0,310.0,0.0
虹色,224.0,CDP,4.19,975.0,1117.0,1242.0,1242.0,13.0,932459.0,1000000.0,557.0,1.0,414.0,8.0
朧 (dj TAKA Remix),793.0,EDP,4.19,971.0,1136.0,1263.0,1263.0,13.0,920083.0,1000000.0,999.0,2.0,421.0,23.0
LOVE THIS FEELIN',22.0,EDP,4.19,578.0,650.0,723.0,723.0,12.0,942987.0,1000000.0,355.0,1.0,241.0,0.0
HAPPY☆ANGEL,168.0,CSP,4.19,1454.0,1690.0,1878.0,1878.0,16.0,922457.0,1000000.0,1070.0,1.0,626.0,33.0
"BLUE FOG, SILVER BULLET.",1222.0,DDP,4.19,1062.0,1139.0,1262.0,1266.0,12.0,960669.0,999960.0,342.0,0.0,422.0,21.0
Poppin' Soda,1007.0,ESP,4.18,1395.0,1655.0,1839.0,1839.0,15.0,915530.0,1000000.0,1465.0,2.0,613.0,6.0
最小三倍完全数,887.0,BSP,4.18,632.0,745.0,828.0,828.0,11.0,919602.0,1000000.0,779.0,4.0,276.0,6.0
隅田川夏恋歌,428.0,DDP,4.18,846.0,1001.0,1113.0,1113.0,9.0,918441.0,1000000.0,689.0,3.0,371.0,0.0
ナイト・オブ・ナイツ (Ryu☆Remix),923.0,DDP,4.17,1427.0,1576.0,1750.0,1752.0,13.0,949217.0,999980.0,607.0,0.0,584.0,5.0
ナイト・オブ・ナイツ,677.0,EDP,4.17,1331.0,1541.0,1713.0,1713.0,15.0,927019.0,1000000.0,1209.0,1.0,571.0,8.0
CHOCOLATE PHILOSOPHY,776.0,CDP,4.17,966.0,1104.0,1227.0,1227.0,12.0,933713.0,1000000.0,691.0,1.0,409.0,8.0
華爛漫 -Flowers-,220.0,EDP,4.15,859.0,977.0,1086.0,1086.0,11.0,936727.0,1000000.0,1256.0,1.0,362.0,3.0
Puberty Dysthymia,806.0,DSP,4.15,1190.0,1371.0,1524.0,1524.0,13.0,918687.0,1000000.0,1594.0,1.0,508.0,88.0
LOVE&hearts;SHINE,124.0,EDP,4.15,801.0,928.0,1032.0,1032.0,11.0,926943.0,1000000.0,726.0,2.0,344.0,7.0
ナナイロライト,1246.0,EDP,4.15,1212.0,1274.0,1406.0,1416.0,14.0,970138.0,999900.0,116.0,0.0,472.0,8.0
Flow (True Style),162.0,DDP,4.14,578.0,664.0,738.0,738.0,9.0,930691.0,1000000.0,178.0,2.0,246.0,9.0
ドーパミン,661.0,DSP,4.14,1064.0,1242.0,1380.0,1380.0,13.0,923579.0,1000000.0,1925.0,2.0,460.0,8.0
SURVIVAL AT THE END OF THE UNIVERSE,1186.0,DDP,4.14,1271.0,1341.0,1482.0,1491.0,14.0,968814.0,999910.0,205.0,0.0,497.0,3.0
PARANOiA Revolution,479.0,BDP,4.13,720.0,842.0,936.0,936.0,10.0,922689.0,1000000.0,780.0,3.0,312.0,9.0
PARANOIA survivor MAX,127.0,BSP,4.13,592.0,702.0,780.0,780.0,9.0,918070.0,1000000.0,307.0,4.0,260.0,2.0
ノルエピネフリン,953.0,DDP,4.12,960.0,1034.0,1146.0,1149.0,11.0,958976.0,999970.0,258.0,0.0,383.0,22.0
ナイト・オブ・ナイツ,677.0,CSP,4.12,1675.0,1952.0,2169.0,2169.0,16.0,923216.0,1000000.0,2139.0,1.0,723.0,11.0
Monkey Business,525.0,DDP,4.11,884.0,1044.0,1161.0,1161.0,10.0,912672.0,1000000.0,744.0,3.0,387.0,34.0
Get Back Up!,413.0,EDP,4.11,729.0,823.0,915.0,915.0,12.0,937198.0,1000000.0,419.0,1.0,305.0,18.0
Stella Sinistra,567.0,ESP,4.11,1089.0,1247.0,1386.0,1386.0,15.0,930913.0,1000000.0,1935.0,1.0,462.0,19.0
Second Heaven,385.0,DDP,4.1,573.0,677.0,753.0,753.0,9.0,918202.0,1000000.0,349.0,4.0,251.0,5.0
Next Phase,1004.0,EDP,4.1,1381.0,1501.0,1665.0,1668.0,15.0,955272.0,999970.0,400.0,0.0,556.0,17.0
桜,141.0,ESP,4.09,1054.0,1206.0,1341.0,1341.0,13.0,933777.0,1000000.0,2190.0,1.0,447.0,1.0
DYNAMITE RAVE,18.0,CDP,4.09,779.0,882.0,981.0,981.0,12.0,939356.0,1000000.0,512.0,1.0,327.0,0.0
MARS WAR 3,247.0,EDP,4.09,852.0,988.0,1098.0,1098.0,13.0,925596.0,1000000.0,522.0,2.0,366.0,16.0
Squeeze,577.0,DSP,4.08,651.0,793.0,882.0,882.0,9.0,898985.0,1000000.0,435.0,6.0,294.0,22.0
MAXX UNLIMITED,84.0,ESP,4.08,1426.0,1649.0,1833.0,1833.0,16.0,922041.0,1000000.0,2272.0,1.0,611.0,56.0
魔理沙は大変なものを盗んでいきました,678.0,EDP,4.08,1139.0,1306.0,1452.0,1452.0,12.0,931377.0,1000000.0,1124.0,1.0,484.0,10.0
ずっとみつめていて (Ryu☆Remix),502.0,EDP,4.08,788.0,891.0,990.0,990.0,12.0,939067.0,1000000.0,831.0,1.0,330.0,8.0
桜,141.0,CSP,4.08,848.0,963.0,1071.0,1071.0,11.0,937816.0,1000000.0,1144.0,1.0,357.0,1.0
New York EVOLVED (Type C),467.0,DSP,4.08,969.0,1104.0,1227.0,1227.0,13.0,935370.0,1000000.0,850.0,1.0,409.0,7.0
I'm so Happy,359.0,DDP,4.07,624.0,745.0,828.0,828.0,8.0,911680.0,1000000.0,441.0,5.0,276.0,11.0
Let's DANCE aROUND!!,1066.0,ESP,4.07,1110.0,1271.0,1413.0,1413.0,14.0,920232.0,1000000.0,1048.0,1.0,471.0,92.0
Rave in the Shell,1204.0,DSP,4.06,983.0,1120.0,1245.0,1245.0,12.0,934382.0,1000000.0,394.0,1.0,415.0,12.0
Ha･lle･lu･jah,696.0,EDP,4.06,820.0,945.0,1050.0,1050.0,12.0,930370.0,1000000.0,1153.0,2.0,350.0,7.0
"Help me, ERINNNNNN!!",681.0,DDP,4.06,619.0,739.0,822.0,822.0,9.0,913869.0,1000000.0,475.0,5.0,274.0,2.0
Xepher,214.0,DDP,4.06,754.0,901.0,1002.0,1002.0,10.0,912955.0,1000000.0,399.0,4.0,334.0,5.0
放課後ストライド,703.0,DDP,4.06,915.0,1063.0,1182.0,1182.0,11.0,925843.0,1000000.0,602.0,2.0,394.0,7.0
PARANOiA Rebirth,23.0,DDP,4.06,749.0,866.0,963.0,963.0,11.0,929573.0,1000000.0,273.0,2.0,321.0,0.0
PANIC HOLIC,956.0,ESP,4.05,1417.0,1636.0,1818.0,1818.0,16.0,927647.0,1000000.0,1494.0,1.0,606.0,16.0
Wowie Zowie!,1089.0,EDP,4.05,1026.0,1098.0,1217.0,1221.0,14.0,963184.0,999960.0,289.0,0.0,407.0,6.0
EGOISM 440,640.0,begSP,4.05,564.0,707.0,786.0,786.0,9.0,891014.0,1000000.0,749.0,12.0,262.0,1.0
ポリリズム,332.0,EDP,4.04,830.0,899.0,997.0,999.0,11.0,957002.0,999980.0,118.0,0.0,333.0,17.0
New Decade,369.0,BDP,4.04,823.0,931.0,1035.0,1035.0,11.0,933662.0,1000000.0,590.0,1.0,345.0,34.0
Get Your Wish,1108.0,EDP,4.04,928.0,1053.0,1170.0,1170.0,14.0,936425.0,1000000.0,283.0,1.0,390.0,12.0
BRILLIANT 2U(K.O.G G3 MIX),71.0,CDP,4.04,638.0,715.0,795.0,795.0,9.0,943591.0,1000000.0,392.0,1.0,265.0,2.0
Magnetic,548.0,CSP,4.03,1698.0,1973.0,2193.0,2193.0,17.0,917358.0,1000000.0,2151.0,1.0,731.0,86.0
"Acid,Tribal &amp; Dance (DDR EDITION)",1122.0,EDP,4.03,1007.0,1147.0,1275.0,1275.0,14.0,934668.0,1000000.0,340.0,1.0,425.0,12.0
Across the nightmare,101.0,DDP,4.02,665.0,747.0,831.0,831.0,11.0,940835.0,1000000.0,288.0,1.0,277.0,10.0
actualization of self (weaponized),1033.0,EDP,4.02,1407.0,1622.0,1803.0,1803.0,16.0,928853.0,1000000.0,349.0,1.0,601.0,8.0
Black Emperor,1077.0,DDP,4.02,1239.0,1422.0,1581.0,1581.0,14.0,931013.0,1000000.0,329.0,1.0,527.0,9.0
siberite,689.0,EDP,4.02,1118.0,1247.0,1385.0,1386.0,14.0,945407.0,999990.0,707.0,0.0,462.0,3.0
BAD GIRLS,473.0,CDP,4.02,639.0,680.0,753.0,756.0,11.0,966689.0,999970.0,73.0,0.0,252.0,0.0
Summer fantasy (Darwin remix),663.0,CDP,4.02,701.0,788.0,876.0,876.0,13.0,914711.0,1000000.0,548.0,1.0,292.0,113.0
SABER WING,310.0,BDP,4.02,638.0,756.0,840.0,840.0,8.0,916130.0,1000000.0,270.0,4.0,280.0,9.0
Dummy,350.0,EDP,4.02,787.0,888.0,987.0,987.0,11.0,939919.0,1000000.0,490.0,1.0,329.0,7.0
SABER WING (Akira Ishihara Headshot mix),311.0,DSP,4.02,846.0,990.0,1101.0,1101.0,12.0,922042.0,1000000.0,1109.0,3.0,367.0,10.0
Waiting 4 u,330.0,EDP,4.01,837.0,947.0,1053.0,1053.0,12.0,938775.0,1000000.0,425.0,1.0,351.0,5.0
Dance With The Dead,1254.0,DDP,4.01,846.0,877.0,963.0,975.0,12.0,974438.0,999880.0,57.0,0.0,325.0,16.0
cachaca,151.0,EDP,4.01,625.0,699.0,777.0,777.0,11.0,942052.0,1000000.0,358.0,1.0,259.0,14.0
轟け！恋のビーンボール！！,579.0,DDP,4.0,853.0,999.0,1110.0,1110.0,11.0,917567.0,1000000.0,641.0,3.0,370.0,31.0
突撃！ガラスのニーソ姫！,659.0,ESP,4.0,1148.0,1336.0,1485.0,1485.0,14.0,923544.0,1000000.0,2365.0,2.0,495.0,18.0
Black Emperor,1077.0,ESP,4.0,1601.0,1852.0,2058.0,2058.0,17.0,926465.0,1000000.0,1050.0,1.0,686.0,15.0
tokyoEVOLVED (TYPE3),464.0,DSP,3.99,834.0,942.0,1047.0,1047.0,13.0,938075.0,1000000.0,648.0,1.0,349.0,15.0
UNBELIEVABLE (Sparky remix),430.0,DDP,3.99,890.0,1026.0,1140.0,1140.0,12.0,924996.0,1000000.0,864.0,2.0,380.0,34.0
スカーレット警察のゲットーパトロール24時,1145.0,EDP,3.99,1129.0,1258.0,1397.0,1398.0,15.0,942773.0,999990.0,426.0,0.0,466.0,29.0
tokyoEVOLVED (TYPE1),462.0,BDP,3.99,500.0,567.0,630.0,630.0,9.0,937396.0,1000000.0,164.0,2.0,210.0,6.0
Vanquish The Ghost,799.0,DSP,3.98,890.0,1050.0,1167.0,1167.0,12.0,914397.0,1000000.0,1374.0,4.0,389.0,29.0
Freeze,352.0,CDP,3.97,787.0,907.0,1008.0,1008.0,13.0,918084.0,1000000.0,319.0,2.0,336.0,64.0
Skywalking,842.0,DDP,3.97,980.0,1112.0,1236.0,1236.0,12.0,936772.0,1000000.0,345.0,1.0,412.0,8.0
キヤロラ衛星の軌跡,1146.0,DDP,3.97,1083.0,1206.0,1340.0,1341.0,12.0,941154.0,999990.0,360.0,0.0,447.0,42.0
Sweet Rain,547.0,DDP,3.97,751.0,893.0,993.0,993.0,9.0,914653.0,1000000.0,383.0,4.0,331.0,9.0
IMANOGUILTS,591.0,DDP,3.96,984.0,1117.0,1242.0,1242.0,11.0,937165.0,1000000.0,465.0,1.0,414.0,3.0
PUNISHER,569.0,DDP,3.96,918.0,1039.0,1155.0,1155.0,11.0,936217.0,1000000.0,372.0,1.0,385.0,19.0
ちくわパフェだよ☆ＣＫＰ,561.0,DDP,3.96,718.0,839.0,933.0,933.0,9.0,922489.0,1000000.0,354.0,3.0,311.0,11.0
New Era,862.0,ESP,3.96,1617.0,1868.0,2076.0,2076.0,17.0,926688.0,1000000.0,1711.0,1.0,692.0,18.0
Fascination ～eternal love mix～,159.0,BSP,3.95,671.0,793.0,882.0,882.0,11.0,917780.0,1000000.0,788.0,5.0,294.0,6.0
Chronos,439.0,EDP,3.94,925.0,1047.0,1164.0,1164.0,12.0,936525.0,1000000.0,644.0,1.0,388.0,18.0
お米の美味しい炊き方、そしてお米を食べることによるその効果。,531.0,ESP,3.93,1599.0,1844.0,2049.0,2049.0,16.0,928926.0,1000000.0,2318.0,1.0,683.0,6.0
カゲロウ,216.0,EDP,3.92,659.0,753.0,837.0,837.0,9.0,934965.0,1000000.0,310.0,2.0,279.0,4.0
CaptivAte～誓い～,233.0,EDP,3.92,1058.0,1174.0,1304.0,1305.0,13.0,946012.0,999990.0,566.0,0.0,435.0,16.0
Rave Accelerator,972.0,ESP,3.91,1419.0,1628.0,1809.0,1809.0,16.0,930239.0,1000000.0,1344.0,1.0,603.0,20.0
MANA,1099.0,DDP,3.91,1018.0,1206.0,1341.0,1341.0,11.0,913869.0,1000000.0,384.0,3.0,447.0,24.0
夢幻ノ光,225.0,EDP,3.91,827.0,950.0,1056.0,1056.0,11.0,928636.0,1000000.0,591.0,2.0,352.0,23.0
Be a Hero!,765.0,ESP,3.9,1877.0,2176.0,2418.0,2418.0,17.0,922127.0,1000000.0,2084.0,1.0,806.0,52.0
Realize,998.0,EDP,3.9,997.0,1104.0,1226.0,1227.0,14.0,946695.0,999990.0,455.0,0.0,409.0,20.0
GAIA,535.0,DDP,3.9,1130.0,1285.0,1428.0,1428.0,13.0,935074.0,1000000.0,639.0,1.0,476.0,14.0
Chronos,439.0,DDP,3.9,621.0,729.0,810.0,810.0,8.0,914601.0,1000000.0,298.0,4.0,270.0,32.0
neko＊neko,670.0,EDP,3.9,909.0,1026.0,1140.0,1140.0,12.0,938680.0,1000000.0,658.0,1.0,380.0,15.0
恋の氷結おてんば湯けむりチルノ温泉,1144.0,DDP,3.89,977.0,1080.0,1199.0,1200.0,12.0,948789.0,999990.0,206.0,0.0,400.0,9.0
華爛漫 -Flowers-,220.0,DDP,3.89,599.0,720.0,801.0,801.0,7.0,910995.0,1000000.0,560.0,7.0,267.0,1.0
Second Heaven,385.0,EDP,3.89,863.0,1007.0,1119.0,1119.0,11.0,923996.0,1000000.0,554.0,3.0,373.0,7.0
tokyoEVOLVED (TYPE3),464.0,BDP,3.89,462.0,510.0,567.0,567.0,9.0,948596.0,1000000.0,138.0,1.0,189.0,9.0
お米の美味しい炊き方、そしてお米を食べることによるその効果。,531.0,DDP,3.88,1232.0,1406.0,1563.0,1563.0,12.0,934220.0,1000000.0,679.0,1.0,521.0,7.0
サナ・モレッテ・ネ・エンテ,60.0,EDP,3.88,632.0,726.0,807.0,807.0,12.0,932904.0,1000000.0,693.0,3.0,269.0,0.0
SABER WING (Akira Ishihara Headshot mix),311.0,BSP,3.88,714.0,847.0,942.0,942.0,10.0,913533.0,1000000.0,599.0,5.0,314.0,17.0
ALBIDA,1091.0,EDP,3.88,1375.0,1574.0,1749.0,1749.0,16.0,932578.0,1000000.0,327.0,1.0,583.0,9.0
Electronic or Treat!,625.0,ESP,3.88,1216.0,1387.0,1542.0,1542.0,15.0,932877.0,1000000.0,1927.0,1.0,514.0,20.0
ラキラキ,527.0,DDP,3.88,781.0,907.0,1008.0,1008.0,11.0,925177.0,1000000.0,594.0,3.0,336.0,14.0
めうめうぺったんたん！！,495.0,CSP,3.88,1651.0,1903.0,2115.0,2115.0,16.0,926931.0,1000000.0,2210.0,1.0,705.0,29.0
CRAZY&hearts;LOVE,427.0,EDP,3.88,1357.0,1552.0,1725.0,1725.0,15.0,927295.0,1000000.0,805.0,1.0,575.0,56.0
PARANOiA Rebirth,23.0,EDP,3.87,1009.0,1142.0,1269.0,1269.0,13.0,939412.0,1000000.0,539.0,1.0,423.0,0.0
chaplet,1173.0,DSP,3.87,862.0,950.0,1055.0,1056.0,12.0,948073.0,999990.0,817.0,0.0,352.0,24.0
New Era,862.0,DSP,3.86,1298.0,1482.0,1647.0,1647.0,15.0,933982.0,1000000.0,1637.0,1.0,549.0,7.0
London EVOLVED ver.A,468.0,DSP,3.86,777.0,912.0,1014.0,1014.0,11.0,922514.0,1000000.0,717.0,4.0,338.0,1.0
打打打打打打打打打打,693.0,DDP,3.85,847.0,969.0,1077.0,1077.0,11.0,932293.0,1000000.0,954.0,2.0,359.0,12.0
CANDY&#9825;,74.0,EDP,3.85,691.0,796.0,885.0,885.0,10.0,929694.0,1000000.0,724.0,3.0,295.0,8.0
Desert Journey,523.0,EDP,3.84,905.0,1020.0,1134.0,1134.0,12.0,938107.0,1000000.0,469.0,1.0,378.0,20.0
roppongi EVOLVED ver.A,378.0,DDP,3.84,766.0,885.0,984.0,984.0,12.0,922378.0,1000000.0,940.0,3.0,328.0,37.0
PARANOiA Revolution,479.0,BSP,3.84,803.0,945.0,1050.0,1050.0,10.0,920003.0,1000000.0,1264.0,5.0,350.0,8.0
IX,583.0,DSP,3.84,1287.0,1495.0,1662.0,1662.0,14.0,922536.0,1000000.0,2023.0,2.0,554.0,33.0
ホーンテッド★メイドランチ,897.0,DDP,3.84,848.0,972.0,1080.0,1080.0,11.0,931678.0,1000000.0,418.0,2.0,360.0,11.0
雫,454.0,EDP,3.84,1011.0,1144.0,1272.0,1272.0,12.0,932745.0,1000000.0,518.0,1.0,424.0,45.0
AFRONOVA,13.0,DDP,3.83,565.0,656.0,729.0,729.0,9.0,928013.0,1000000.0,348.0,4.0,243.0,0.0
みゅ、みゅ、M&uuml;llる,1163.0,EDP,3.83,1072.0,1152.0,1278.0,1281.0,13.0,958456.0,999970.0,435.0,0.0,427.0,32.0
朝色の紙飛行機,649.0,DDP,3.83,641.0,745.0,828.0,828.0,10.0,923622.0,1000000.0,555.0,4.0,276.0,16.0
Yeah! Yeah!,690.0,EDP,3.83,799.0,896.0,996.0,996.0,12.0,940573.0,1000000.0,584.0,1.0,332.0,18.0
POSSESSION (20th Anniversary Mix),813.0,DSP,3.83,1252.0,1485.0,1650.0,1650.0,14.0,913668.0,1000000.0,2076.0,4.0,550.0,24.0
True Blue,571.0,DDP,3.83,925.0,1042.0,1158.0,1158.0,11.0,940266.0,1000000.0,461.0,1.0,386.0,9.0
New York EVOLVED (Type B),466.0,DSP,3.82,1068.0,1209.0,1344.0,1344.0,13.0,936504.0,1000000.0,966.0,1.0,448.0,18.0
Colors ～for EXTREME～,106.0,CDP,3.81,994.0,1098.0,1220.0,1221.0,13.0,948963.0,999990.0,576.0,0.0,407.0,7.0
TRIP MACHINE PhoeniX,266.0,CSP,3.81,1133.0,1285.0,1428.0,1428.0,15.0,938187.0,1000000.0,1940.0,1.0,476.0,1.0
Prey,809.0,BDP,3.81,832.0,934.0,1038.0,1038.0,11.0,941612.0,1000000.0,577.0,1.0,346.0,12.0
Riot of Color,947.0,ESP,3.81,1272.0,1449.0,1611.0,1611.0,16.0,931475.0,1000000.0,1551.0,1.0,537.0,36.0
Waiting,835.0,EDP,3.81,963.0,1031.0,1143.0,1146.0,13.0,962995.0,999970.0,534.0,0.0,382.0,6.0
GLITTER,1180.0,DDP,3.81,1308.0,1379.0,1525.0,1533.0,12.0,967429.0,999920.0,116.0,0.0,511.0,27.0
Truare!,633.0,ESP,3.81,1298.0,1479.0,1644.0,1644.0,16.0,935062.0,1000000.0,1982.0,1.0,548.0,5.0
PARANOIA survivor,126.0,ESP,3.8,1219.0,1385.0,1539.0,1539.0,15.0,936859.0,1000000.0,2204.0,1.0,513.0,4.0
MAXX UNLIMITED,84.0,DSP,3.8,946.0,1066.0,1185.0,1185.0,13.0,931547.0,1000000.0,1375.0,1.0,395.0,62.0
Une mage blanche,900.0,EDP,3.8,1248.0,1360.0,1510.0,1512.0,13.0,950956.0,999980.0,409.0,0.0,504.0,48.0
漆黒のスペシャルプリンセスサンデー,673.0,EDP,3.8,1156.0,1282.0,1424.0,1425.0,13.0,946175.0,999990.0,611.0,0.0,475.0,18.0
osaka EVOLVED -毎度、おおきに！- (TYPE2),460.0,BSP,3.8,686.0,766.0,852.0,852.0,11.0,941538.0,1000000.0,330.0,1.0,284.0,22.0
KEEP ON MOVIN',8.0,EDP,3.79,389.0,442.0,492.0,492.0,10.0,938187.0,1000000.0,670.0,4.0,164.0,0.0
A Brighter Day,338.0,CDP,3.79,942.0,1082.0,1203.0,1203.0,12.0,928405.0,1000000.0,625.0,2.0,401.0,24.0
MAX 300 (Super-Max-Me Mix),181.0,ESP,3.79,1524.0,1744.0,1938.0,1938.0,15.0,927212.0,1000000.0,2235.0,1.0,646.0,60.0
Healing Vision ～Angelic mix～,63.0,DDP,3.79,873.0,1017.0,1131.0,1131.0,10.0,925702.0,1000000.0,500.0,3.0,377.0,0.0
魔法のたまご ～心菜 ELECTRO POP edition～,686.0,EDP,3.79,779.0,872.0,969.0,969.0,11.0,944593.0,1000000.0,684.0,1.0,323.0,3.0
Valkyrie dimension,395.0,begSP,3.79,589.0,720.0,801.0,801.0,9.0,899388.0,1000000.0,788.0,11.0,267.0,14.0
JOKER,539.0,CSP,3.78,1082.0,1223.0,1359.0,1359.0,14.0,936860.0,1000000.0,1793.0,1.0,453.0,22.0
C-C-C-N-N-N,1214.0,ESP,3.78,1223.0,1317.0,1461.0,1464.0,15.0,958748.0,999970.0,735.0,0.0,488.0,23.0
Trill auf G,888.0,ESP,3.77,1610.0,1844.0,2049.0,2049.0,16.0,930961.0,1000000.0,1758.0,1.0,683.0,17.0
You You You,1127.0,EDP,3.77,1034.0,1120.0,1243.0,1245.0,13.0,957798.0,999980.0,309.0,0.0,415.0,8.0
Starlight in the Snow,917.0,EDP,3.77,1111.0,1206.0,1339.0,1341.0,14.0,954248.0,999980.0,532.0,0.0,447.0,30.0
ラクガキスト,596.0,CSP,3.77,1675.0,1922.0,2136.0,2136.0,16.0,931408.0,1000000.0,2282.0,1.0,712.0,2.0
One Sided Love,621.0,CDP,3.77,754.0,918.0,1020.0,1020.0,13.0,881695.0,1000000.0,782.0,9.0,340.0,91.0
SILVER☆DREAM,458.0,ESP,3.76,1320.0,1501.0,1668.0,1668.0,15.0,930497.0,1000000.0,2279.0,1.0,556.0,53.0
TRIP MACHINE(X-Special),328.0,CDP,3.76,658.0,747.0,831.0,831.0,12.0,933731.0,1000000.0,405.0,2.0,277.0,21.0
future gazer,410.0,CDP,3.76,569.0,618.0,686.0,687.0,11.0,944888.0,999990.0,107.0,0.0,229.0,56.0
ORCA,837.0,begSP,3.76,389.0,491.0,546.0,546.0,7.0,885410.0,1000000.0,470.0,17.0,182.0,5.0
CARTOON HEROES (20th Anniversary Mix),853.0,ESP,3.76,1314.0,1495.0,1662.0,1662.0,16.0,935199.0,1000000.0,1561.0,1.0,554.0,8.0
glacia,1087.0,ESP,3.75,1510.0,1725.0,1917.0,1917.0,16.0,932635.0,1000000.0,984.0,1.0,639.0,15.0
PARTY ALL NIGHT(DJ KEN-BOW MIX),993.0,EDP,3.75,1118.0,1185.0,1312.0,1317.0,13.0,965534.0,999950.0,319.0,0.0,439.0,21.0
&Uuml;bertreffen,329.0,EDP,3.74,928.0,1063.0,1182.0,1182.0,14.0,933224.0,1000000.0,738.0,2.0,394.0,3.0
フー・フローツ,550.0,EDP,3.74,1041.0,1174.0,1305.0,1305.0,13.0,939612.0,1000000.0,766.0,1.0,435.0,8.0
TRUE&hearts;LOVE,210.0,EDP,3.74,829.0,945.0,1050.0,1050.0,10.0,936317.0,1000000.0,557.0,2.0,350.0,1.0
幻想系世界修復少女,598.0,DDP,3.74,661.0,780.0,867.0,867.0,9.0,918136.0,1000000.0,375.0,5.0,289.0,10.0
ABSOLUTE,48.0,EDP,3.74,722.0,818.0,909.0,909.0,11.0,939363.0,1000000.0,660.0,2.0,303.0,0.0
天空の華,665.0,DDP,3.74,841.0,942.0,1047.0,1047.0,12.0,943190.0,1000000.0,720.0,1.0,349.0,8.0
幸せになれる隠しコマンドがあるらしい,758.0,DDP,3.73,847.0,977.0,1086.0,1086.0,11.0,926277.0,1000000.0,866.0,3.0,362.0,23.0
Throw Out,1237.0,ESP,3.73,1401.0,1512.0,1677.0,1680.0,15.0,957727.0,999970.0,618.0,0.0,560.0,28.0
tokyoEVOLVED (TYPE2),463.0,DSP,3.72,891.0,999.0,1110.0,1110.0,13.0,941826.0,1000000.0,644.0,1.0,370.0,15.0
タイガーランペイジ,855.0,EDP,3.72,929.0,1044.0,1161.0,1161.0,13.0,938056.0,1000000.0,720.0,1.0,387.0,29.0
Horatio,291.0,ESP,3.72,1227.0,1390.0,1545.0,1545.0,15.0,936925.0,1000000.0,2495.0,1.0,515.0,12.0
Elemental Creation,536.0,DSP,3.72,1509.0,1722.0,1914.0,1914.0,14.0,932192.0,1000000.0,2342.0,1.0,638.0,24.0
タイガーランペイジ,855.0,CSP,3.72,1542.0,1760.0,1956.0,1956.0,17.0,933035.0,1000000.0,1670.0,1.0,652.0,13.0
Aftermath,1037.0,EDP,3.71,1607.0,1838.0,2043.0,2043.0,16.0,932014.0,1000000.0,345.0,1.0,681.0,14.0
Tribe,433.0,EDP,3.71,762.0,850.0,945.0,945.0,10.0,945250.0,1000000.0,552.0,1.0,315.0,5.0
PARANOiA MAX～DIRTY MIX～,10.0,EDP,3.71,859.0,980.0,1089.0,1089.0,11.0,936102.0,1000000.0,499.0,2.0,363.0,0.0
PARANOiA ETERNAL,58.0,DDP,3.71,750.0,855.0,951.0,951.0,11.0,934490.0,1000000.0,251.0,2.0,317.0,8.0
New Millennium,1227.0,BSP,3.71,893.0,1001.0,1113.0,1113.0,12.0,939442.0,1000000.0,761.0,1.0,371.0,26.0
roppongi EVOLVED ver.B,379.0,DDP,3.7,852.0,953.0,1059.0,1059.0,12.0,940441.0,1000000.0,354.0,1.0,353.0,28.0
voltississimo,893.0,ESP,3.7,1546.0,1765.0,1962.0,1962.0,17.0,931090.0,1000000.0,1868.0,1.0,654.0,33.0
Mickey Mouse March(Eurobeat Version),544.0,EDP,3.7,712.0,793.0,882.0,882.0,11.0,946237.0,1000000.0,98.0,1.0,294.0,3.0
クリムゾンゲイト,629.0,DDP,3.7,736.0,855.0,951.0,951.0,9.0,926259.0,1000000.0,206.0,3.0,317.0,5.0
六兆年と一夜物語,726.0,CSP,3.7,1487.0,1695.0,1884.0,1884.0,16.0,930578.0,1000000.0,1680.0,1.0,628.0,46.0
Brazilian Anthem,150.0,EDP,3.7,689.0,780.0,867.0,867.0,10.0,938264.0,1000000.0,384.0,2.0,289.0,7.0
滅亡天使 &dagger; にこきゅっぴん,643.0,DDP,3.69,758.0,877.0,975.0,975.0,9.0,927010.0,1000000.0,295.0,3.0,325.0,12.0
海神,630.0,DDP,3.69,1032.0,1161.0,1290.0,1290.0,12.0,938970.0,1000000.0,860.0,1.0,430.0,24.0
SUNKiSS&hearts;DROP,263.0,CDP,3.69,843.0,972.0,1080.0,1080.0,12.0,930531.0,1000000.0,681.0,3.0,360.0,4.0
Trim,265.0,DSP,3.69,757.0,880.0,978.0,978.0,10.0,924984.0,1000000.0,632.0,4.0,326.0,13.0
SigSig,450.0,DDP,3.69,815.0,955.0,1062.0,1062.0,9.0,919937.0,1000000.0,435.0,4.0,354.0,15.0
Destination,638.0,ESP,3.69,1301.0,1474.0,1638.0,1638.0,15.0,932749.0,1000000.0,2171.0,1.0,546.0,48.0
Cytokinesis,729.0,DSP,3.69,747.0,845.0,939.0,939.0,10.0,938613.0,1000000.0,897.0,2.0,313.0,8.0
Dazzlin' Darlin,345.0,DDP,3.69,680.0,796.0,885.0,885.0,10.0,922510.0,1000000.0,581.0,5.0,295.0,8.0
Glitch Angel,909.0,DDP,3.68,918.0,1007.0,1118.0,1119.0,13.0,951221.0,999990.0,419.0,0.0,373.0,16.0
灼熱Beach Side Bunny,615.0,DDP,3.68,910.0,1061.0,1179.0,1179.0,12.0,924726.0,1000000.0,1029.0,4.0,393.0,7.0
&dagger;渚の小悪魔ラヴリィ～レイディオ&dagger;,557.0,ESP,3.68,1417.0,1611.0,1791.0,1791.0,16.0,933722.0,1000000.0,2394.0,1.0,597.0,24.0
恋時雨,783.0,EDP,3.67,990.0,1090.0,1211.0,1212.0,13.0,950132.0,999990.0,810.0,0.0,404.0,13.0
Blew My Mind,560.0,DSP,3.67,1009.0,1179.0,1311.0,1311.0,12.0,921438.0,1000000.0,1519.0,4.0,437.0,18.0
MAX 300 (Super-Max-Me Mix),181.0,CSP,3.67,1591.0,1814.0,2016.0,2016.0,16.0,928823.0,1000000.0,2236.0,1.0,672.0,62.0
Across the nightmare,101.0,EDP,3.67,739.0,823.0,915.0,915.0,13.0,945936.0,1000000.0,500.0,1.0,305.0,7.0
新蛇姫,1147.0,DSP,3.66,1265.0,1431.0,1590.0,1590.0,14.0,937555.0,1000000.0,827.0,1.0,530.0,15.0
Not Alone,1217.0,ESP,3.66,1320.0,1463.0,1625.0,1626.0,16.0,947803.0,999990.0,661.0,0.0,542.0,3.0
THIS IS MY LAST RESORT ,1051.0,ESP,3.66,1387.0,1574.0,1749.0,1749.0,15.0,936499.0,1000000.0,997.0,1.0,583.0,10.0
London EVOLVED ver.B,469.0,DSP,3.66,907.0,1036.0,1152.0,1152.0,11.0,933775.0,1000000.0,481.0,2.0,384.0,8.0
the beat,1172.0,EDP,3.65,1098.0,1163.0,1288.0,1293.0,14.0,966837.0,999950.0,181.0,0.0,431.0,12.0
"BLUE FOG, SILVER BULLET.",1222.0,ESP,3.65,1536.0,1749.0,1944.0,1944.0,15.0,933435.0,1000000.0,900.0,1.0,648.0,21.0
イーディーエム・ジャンパーズ,675.0,EDP,3.65,894.0,1001.0,1113.0,1113.0,11.0,937145.0,1000000.0,825.0,1.0,371.0,45.0
Daily Lunch Special,582.0,DDP,3.65,969.0,1109.0,1233.0,1233.0,10.0,926381.0,1000000.0,440.0,2.0,411.0,48.0
Engraved Mark,580.0,DDP,3.65,1056.0,1163.0,1292.0,1293.0,13.0,950829.0,999990.0,563.0,0.0,431.0,4.0
bag,104.0,CSP,3.65,908.0,1031.0,1146.0,1146.0,13.0,937682.0,1000000.0,1621.0,2.0,382.0,0.0
Uh-Oh,1013.0,EDP,3.65,1445.0,1606.0,1784.0,1785.0,14.0,945286.0,999990.0,523.0,0.0,595.0,17.0
BRILLIANT 2U,4.0,CDP,3.64,552.0,639.0,711.0,711.0,10.0,926635.0,1000000.0,536.0,5.0,237.0,8.0
You are a Star,399.0,CDP,3.64,911.0,1020.0,1134.0,1134.0,13.0,942679.0,1000000.0,545.0,1.0,378.0,11.0
天ノ弱,725.0,DDP,3.64,703.0,804.0,894.0,894.0,10.0,933534.0,1000000.0,625.0,3.0,298.0,6.0
Sand Blow,637.0,ESP,3.64,1326.0,1501.0,1668.0,1668.0,15.0,935464.0,1000000.0,2033.0,1.0,556.0,29.0
Shine,387.0,CDP,3.64,686.0,761.0,846.0,846.0,12.0,944614.0,1000000.0,323.0,1.0,282.0,21.0
Grand Chariot,738.0,DDP,3.64,926.0,1055.0,1173.0,1173.0,11.0,933373.0,1000000.0,833.0,2.0,391.0,18.0
エンドルフィン,626.0,DDP,3.64,1008.0,1131.0,1257.0,1257.0,12.0,940345.0,1000000.0,781.0,1.0,419.0,21.0
Sweet Rain,547.0,EDP,3.63,1101.0,1263.0,1404.0,1404.0,12.0,930072.0,1000000.0,739.0,2.0,468.0,21.0
Pluto The First,373.0,begSP,3.63,265.0,318.0,354.0,354.0,8.0,911487.0,1000000.0,374.0,14.0,118.0,1.0
No.13,189.0,EDP,3.63,918.0,1047.0,1164.0,1164.0,12.0,935009.0,1000000.0,493.0,2.0,388.0,5.0
TRIP MACHINE CLIMAX,46.0,EDP,3.62,799.0,907.0,1008.0,1008.0,12.0,938575.0,1000000.0,408.0,2.0,336.0,0.0
魔理沙は大変なものを盗んでいきました,678.0,DDP,3.62,807.0,945.0,1050.0,1050.0,10.0,923419.0,1000000.0,677.0,5.0,350.0,1.0
この青空の下で,692.0,EDP,3.62,974.0,1123.0,1248.0,1248.0,11.0,930496.0,1000000.0,1113.0,3.0,416.0,3.0
ビビットストリーム,658.0,EDP,3.62,1129.0,1271.0,1413.0,1413.0,13.0,938340.0,1000000.0,878.0,1.0,471.0,24.0
ROCK THE PARTY,1219.0,DDP,3.62,1296.0,1371.0,1518.0,1524.0,13.0,966192.0,999940.0,271.0,0.0,508.0,25.0
Start a New Day,746.0,CSP,3.61,1369.0,1576.0,1752.0,1752.0,16.0,929686.0,1000000.0,1920.0,2.0,584.0,6.0
SUPER HERO,604.0,EDP,3.61,733.0,828.0,921.0,921.0,13.0,937114.0,1000000.0,662.0,2.0,307.0,16.0
Find You Again,432.0,EDP,3.61,765.0,820.0,910.0,912.0,13.0,962122.0,999980.0,452.0,0.0,304.0,8.0
Shut Up and Dance,714.0,EDP,3.61,656.0,739.0,822.0,822.0,11.0,941291.0,1000000.0,483.0,2.0,274.0,2.0
TAKE ME HIGHER,1156.0,DDP,3.6,818.0,864.0,956.0,960.0,13.0,967867.0,999960.0,209.0,0.0,320.0,15.0
Kill The Night,1233.0,EDP,3.6,1229.0,1282.0,1414.0,1425.0,14.0,971968.0,999890.0,123.0,0.0,475.0,23.0
Take A Step Forward,417.0,EDP,3.6,756.0,864.0,960.0,960.0,12.0,933864.0,1000000.0,721.0,3.0,320.0,9.0
Jetcoaster Windy,968.0,EDP,3.6,1382.0,1503.0,1669.0,1671.0,15.0,956110.0,999980.0,515.0,0.0,557.0,3.0
DYNAMITE RAVE,18.0,EDP,3.6,763.0,893.0,993.0,993.0,11.0,923924.0,1000000.0,622.0,5.0,331.0,0.0
POSSESSION,375.0,ESP,3.6,1448.0,1687.0,1875.0,1875.0,17.0,923250.0,1000000.0,2672.0,3.0,625.0,13.0
SCHWARZSCHILD FIELD,1045.0,ESP,3.59,1500.0,1703.0,1893.0,1893.0,16.0,934332.0,1000000.0,1245.0,1.0,631.0,27.0
A,100.0,CDP,3.59,779.0,882.0,981.0,981.0,13.0,938709.0,1000000.0,576.0,2.0,327.0,3.0
Splash Gold,878.0,BSP,3.59,850.0,985.0,1095.0,1095.0,10.0,926351.0,1000000.0,914.0,4.0,365.0,13.0
The World Ends Now,886.0,DDP,3.58,1115.0,1228.0,1364.0,1365.0,13.0,950053.0,999990.0,523.0,0.0,455.0,13.0
天空の華,665.0,ESP,3.58,1410.0,1620.0,1800.0,1800.0,15.0,930924.0,1000000.0,2440.0,2.0,600.0,5.0
Emera,743.0,ESP,3.58,1269.0,1431.0,1590.0,1590.0,15.0,939056.0,1000000.0,2429.0,1.0,530.0,15.0
Somehow You Found Me,522.0,CSP,3.57,1465.0,1687.0,1875.0,1875.0,16.0,928229.0,1000000.0,2072.0,2.0,625.0,19.0
Sword of Vengeance,1008.0,DDP,3.57,1364.0,1509.0,1676.0,1677.0,13.0,947598.0,999990.0,426.0,0.0,559.0,14.0
City Never Sleeps,946.0,EDP,3.57,1357.0,1501.0,1667.0,1668.0,15.0,947361.0,999990.0,663.0,0.0,556.0,18.0
Sweet Sweet &hearts; Magic,92.0,EDP,3.57,795.0,899.0,999.0,999.0,11.0,939461.0,1000000.0,438.0,2.0,333.0,3.0
future gazer,410.0,EDP,3.57,882.0,939.0,1041.0,1044.0,13.0,965052.0,999970.0,169.0,0.0,348.0,9.0
Ah La La La,508.0,EDP,3.57,738.0,834.0,927.0,927.0,11.0,937631.0,1000000.0,369.0,2.0,309.0,16.0
爆なな☆てすとロイヤー,660.0,DDP,3.57,869.0,1001.0,1113.0,1113.0,10.0,929254.0,1000000.0,478.0,3.0,371.0,11.0
TRIP MACHINE survivor,136.0,DDP,3.57,725.0,804.0,894.0,894.0,11.0,948385.0,1000000.0,203.0,1.0,298.0,2.0
Second Heaven,385.0,CSP,3.56,1141.0,1301.0,1446.0,1446.0,14.0,933968.0,1000000.0,2346.0,2.0,482.0,12.0
Trill auf G,888.0,DDP,3.56,998.0,1117.0,1242.0,1242.0,11.0,941903.0,1000000.0,418.0,1.0,414.0,16.0
B4U,28.0,EDP,3.54,708.0,812.0,903.0,903.0,10.0,933305.0,1000000.0,926.0,4.0,301.0,0.0
Engraved Mark,580.0,ESP,3.54,1334.0,1528.0,1698.0,1698.0,15.0,932691.0,1000000.0,2362.0,2.0,566.0,4.0
ヒマワリ,219.0,EDP,3.54,1025.0,1166.0,1296.0,1296.0,13.0,936264.0,1000000.0,945.0,2.0,432.0,4.0
London EVOLVED ver.A,468.0,ESP,3.54,1027.0,1179.0,1311.0,1311.0,14.0,931782.0,1000000.0,2034.0,3.0,437.0,4.0
Quick Master,194.0,EDP,3.53,655.0,710.0,788.0,789.0,10.0,959090.0,999990.0,390.0,0.0,263.0,1.0
Until the End,447.0,EDP,3.53,955.0,1066.0,1185.0,1185.0,13.0,944398.0,1000000.0,410.0,1.0,395.0,8.0
oarfish,370.0,EDP,3.53,930.0,999.0,1108.0,1110.0,11.0,945169.0,999980.0,393.0,0.0,370.0,118.0
チュッチュ&#9834;マチュピチュ,1115.0,DDP,3.53,828.0,874.0,968.0,972.0,11.0,969118.0,999960.0,404.0,0.0,324.0,2.0
冥,404.0,ESP,3.53,1498.0,1695.0,1884.0,1884.0,16.0,937176.0,1000000.0,2546.0,1.0,628.0,12.0
"Acid,Tribal &amp; Dance (DDR EDITION)",1122.0,ESP,3.53,1028.0,1169.0,1299.0,1299.0,14.0,935407.0,1000000.0,926.0,2.0,433.0,14.0
Freeze,352.0,EDP,3.52,817.0,907.0,1008.0,1008.0,12.0,941290.0,1000000.0,379.0,1.0,336.0,41.0
&Omega;VERSOUL,918.0,CSP,3.52,1587.0,1800.0,2001.0,2001.0,17.0,936215.0,1000000.0,1507.0,1.0,667.0,11.0
Emera,743.0,DDP,3.52,752.0,864.0,960.0,960.0,11.0,929817.0,1000000.0,810.0,4.0,320.0,17.0
Glitch Angel,909.0,ESP,3.52,1425.0,1609.0,1788.0,1788.0,17.0,935318.0,1000000.0,1635.0,1.0,596.0,43.0
革命パッショネイト,845.0,EDP,3.52,1239.0,1341.0,1489.0,1491.0,13.0,957007.0,999980.0,603.0,0.0,497.0,17.0
tokyoEVOLVED (TYPE1),462.0,BSP,3.52,564.0,650.0,723.0,723.0,9.0,929788.0,1000000.0,230.0,4.0,241.0,6.0
Good Sound United,1094.0,BDP,3.51,803.0,891.0,990.0,990.0,9.0,948760.0,1000000.0,364.0,1.0,330.0,1.0
Tell me what to do,515.0,EDP,3.51,982.0,1096.0,1218.0,1218.0,11.0,944833.0,1000000.0,336.0,1.0,406.0,7.0
RISING FIRE HAWK,708.0,DDP,3.5,963.0,1093.0,1215.0,1215.0,11.0,937409.0,1000000.0,721.0,2.0,405.0,5.0
Waiting 4 u,330.0,CDP,3.5,814.0,936.0,1041.0,1041.0,12.0,925716.0,1000000.0,296.0,3.0,347.0,32.0
[ ]DENTITY,1258.0,DSP,3.5,1518.0,1595.0,1764.0,1773.0,14.0,967366.0,999910.0,210.0,0.0,591.0,49.0
ライアーダンス,856.0,DDP,3.5,824.0,915.0,1017.0,1017.0,9.0,945951.0,1000000.0,267.0,1.0,339.0,15.0
If,1005.0,EDP,3.5,1169.0,1263.0,1402.0,1404.0,15.0,958012.0,999980.0,450.0,0.0,468.0,17.0
Show me your moves,812.0,CDP,3.5,1360.0,1474.0,1636.0,1638.0,14.0,953370.0,999980.0,701.0,0.0,546.0,53.0
LOVE IS THE POWER -Re:born-,478.0,EDP,3.49,693.0,766.0,852.0,852.0,11.0,948614.0,1000000.0,526.0,1.0,284.0,8.0
TRIP MACHINE EVOLUTION,480.0,DDP,3.49,952.0,1061.0,1179.0,1179.0,12.0,945604.0,1000000.0,561.0,1.0,393.0,7.0
ロストワンの号哭,727.0,EDP,3.49,1241.0,1395.0,1551.0,1551.0,13.0,941866.0,1000000.0,953.0,1.0,517.0,0.0
Condor,498.0,CSP,3.48,1311.0,1474.0,1638.0,1638.0,15.0,934261.0,1000000.0,2196.0,1.0,546.0,67.0
凛として咲く花の如く,335.0,EDP,3.48,898.0,1026.0,1140.0,1140.0,11.0,931665.0,1000000.0,813.0,3.0,380.0,21.0
Get it,1154.0,ESP,3.47,1404.0,1582.0,1758.0,1758.0,16.0,938730.0,1000000.0,824.0,1.0,586.0,20.0
DDR MEGAMIX,810.0,DSP,3.46,1071.0,1198.0,1332.0,1332.0,13.0,944200.0,1000000.0,1374.0,1.0,444.0,3.0
Illegal Function Call,731.0,BSP,3.46,819.0,982.0,1092.0,1092.0,10.0,911634.0,1000000.0,796.0,9.0,364.0,3.0
Din Don Dan,593.0,CDP,3.45,907.0,1009.0,1122.0,1122.0,12.0,945968.0,1000000.0,865.0,1.0,374.0,8.0
STERLING SILVER (U1 overground mix),733.0,DDP,3.45,849.0,972.0,1080.0,1080.0,11.0,933047.0,1000000.0,388.0,3.0,360.0,8.0
dirty digital,348.0,EDP,3.45,614.0,675.0,750.0,750.0,11.0,951914.0,1000000.0,320.0,1.0,250.0,7.0
Electric Dance System Music,706.0,DDP,3.45,740.0,850.0,945.0,945.0,10.0,930102.0,1000000.0,546.0,4.0,315.0,13.0
Give Me,868.0,CSP,3.44,1406.0,1584.0,1761.0,1761.0,16.0,939683.0,1000000.0,952.0,1.0,587.0,10.0
Follow Tomorrow,609.0,DDP,3.44,639.0,731.0,813.0,813.0,8.0,931919.0,1000000.0,447.0,4.0,271.0,11.0
Go For The Top,485.0,ESP,3.44,1253.0,1406.0,1563.0,1563.0,15.0,939597.0,1000000.0,2329.0,1.0,521.0,28.0
Seule,438.0,EDP,3.44,781.0,880.0,978.0,978.0,12.0,939199.0,1000000.0,257.0,2.0,326.0,13.0
ポラリスノウタ,1239.0,EDP,3.44,1195.0,1269.0,1406.0,1410.0,13.0,965007.0,999960.0,237.0,0.0,470.0,22.0
彼方のリフレシア,999.0,EDP,3.43,1334.0,1414.0,1567.0,1572.0,14.0,963604.0,999950.0,502.0,0.0,524.0,47.0
阿波おどり -Awaodori- やっぱり踊りはやめられない,616.0,BSP,3.43,676.0,756.0,840.0,840.0,9.0,936158.0,1000000.0,475.0,2.0,280.0,43.0
凛として咲く花の如く,335.0,DDP,3.43,575.0,677.0,753.0,753.0,7.0,916157.0,1000000.0,352.0,7.0,251.0,19.0
ちゅ～いん☆バニー,592.0,EDP,3.43,747.0,839.0,933.0,933.0,11.0,940973.0,1000000.0,460.0,2.0,311.0,10.0
御千手メディテーション,607.0,ESP,3.43,1393.0,1566.0,1740.0,1740.0,15.0,939769.0,1000000.0,2192.0,1.0,580.0,20.0
Ha･lle･lu･jah,696.0,DDP,3.43,607.0,696.0,774.0,774.0,9.0,932016.0,1000000.0,694.0,5.0,258.0,8.0
Megalara Garuda,1088.0,ESP,3.42,1638.0,1814.0,2015.0,2016.0,17.0,946732.0,999990.0,1056.0,0.0,672.0,18.0
Starlight Fantasia (Endorphins Mix),647.0,DDP,3.42,998.0,1112.0,1236.0,1236.0,12.0,944766.0,1000000.0,376.0,1.0,412.0,14.0
女々しくて,409.0,CSP,3.42,721.0,796.0,885.0,885.0,10.0,927370.0,1000000.0,301.0,1.0,295.0,106.0
Teleportation,1079.0,EDP,3.42,1143.0,1277.0,1419.0,1419.0,15.0,944079.0,1000000.0,415.0,1.0,473.0,8.0
STILL IN MY HEART,59.0,EDP,3.42,647.0,745.0,828.0,828.0,9.0,931947.0,1000000.0,505.0,5.0,276.0,0.0
JOMANDA,613.0,BSP,3.41,621.0,729.0,810.0,810.0,8.0,919413.0,1000000.0,409.0,7.0,270.0,15.0
SWEET HOME PARTY,899.0,DSP,3.41,796.0,880.0,978.0,978.0,12.0,948209.0,1000000.0,915.0,1.0,326.0,12.0
Helios,841.0,ESP,3.41,1518.0,1711.0,1902.0,1902.0,16.0,935641.0,1000000.0,1777.0,1.0,634.0,47.0
BALLAD THE FEATHERS,342.0,EDP,3.41,666.0,745.0,828.0,828.0,11.0,945417.0,1000000.0,399.0,2.0,276.0,0.0
IMANOGUILTS,591.0,CSP,3.41,1461.0,1644.0,1827.0,1827.0,15.0,940794.0,1000000.0,2164.0,1.0,609.0,3.0
POSSESSION (20th Anniversary Mix),813.0,BDP,3.41,1057.0,1179.0,1311.0,1311.0,11.0,942774.0,1000000.0,701.0,1.0,437.0,22.0
リリーゼと炎龍レーヴァテイン,1098.0,ESP,3.4,1568.0,1768.0,1965.0,1965.0,16.0,938850.0,1000000.0,1102.0,1.0,655.0,12.0
spring pony,1174.0,DDP,3.4,929.0,1031.0,1146.0,1146.0,12.0,947790.0,1000000.0,335.0,1.0,382.0,2.0
不沈艦CANDY,403.0,EDP,3.39,1278.0,1431.0,1590.0,1590.0,14.0,942071.0,1000000.0,949.0,1.0,530.0,16.0
I'm an Albatraoz,872.0,EDP,3.39,776.0,842.0,935.0,936.0,11.0,955784.0,999990.0,501.0,0.0,312.0,17.0
Elemental Creation,536.0,BSP,3.39,1080.0,1247.0,1386.0,1386.0,11.0,926545.0,1000000.0,1369.0,4.0,462.0,24.0
冥,404.0,BSP,3.39,600.0,707.0,786.0,786.0,7.0,919608.0,1000000.0,636.0,9.0,262.0,7.0
妖隠し -あやかしかくし-,656.0,DDP,3.39,1101.0,1247.0,1386.0,1386.0,12.0,935498.0,1000000.0,977.0,2.0,462.0,24.0
nightbird lost wing,494.0,ESP,3.38,1221.0,1385.0,1539.0,1539.0,14.0,936027.0,1000000.0,2051.0,2.0,513.0,17.0
Cosy Catastrophe,755.0,DSP,3.38,1030.0,1174.0,1305.0,1305.0,13.0,933988.0,1000000.0,1827.0,3.0,435.0,13.0
アルストロメリア (walk with you remix),456.0,CSP,3.38,1083.0,1223.0,1359.0,1359.0,13.0,932731.0,1000000.0,1913.0,2.0,453.0,54.0
Concertino in Blue,1106.0,DSP,3.38,853.0,899.0,995.0,999.0,12.0,969322.0,999960.0,501.0,0.0,333.0,10.0
ドーパミン,661.0,BDP,3.38,793.0,926.0,1029.0,1029.0,10.0,924398.0,1000000.0,580.0,6.0,343.0,4.0
Arrabbiata,228.0,DSP,3.38,887.0,1017.0,1131.0,1131.0,13.0,933236.0,1000000.0,1277.0,4.0,377.0,1.0
紅焔,489.0,CSP,3.37,1523.0,1714.0,1905.0,1905.0,15.0,938059.0,1000000.0,2218.0,1.0,635.0,31.0
Pierce The Sky,372.0,DDP,3.36,941.0,1061.0,1179.0,1179.0,11.0,936047.0,1000000.0,484.0,2.0,393.0,33.0
PUT YOUR FAITH IN ME (Jazzy Groove),477.0,CDP,3.36,593.0,650.0,723.0,723.0,11.0,952363.0,1000000.0,279.0,1.0,241.0,7.0
Sand Blow,637.0,DDP,3.36,987.0,1096.0,1218.0,1218.0,12.0,947034.0,1000000.0,363.0,1.0,406.0,7.0
Unreal,268.0,DSP,3.36,726.0,828.0,921.0,921.0,12.0,935742.0,1000000.0,759.0,4.0,307.0,0.0
LOVE THIS FEELIN',22.0,BDP,3.36,512.0,577.0,642.0,642.0,10.0,941795.0,1000000.0,211.0,3.0,214.0,0.0
Last Card,941.0,DSP,3.36,1143.0,1309.0,1455.0,1455.0,12.0,932712.0,1000000.0,1131.0,3.0,485.0,5.0
プレインエイジア -PHQ remix-,791.0,DDP,3.36,920.0,1050.0,1167.0,1167.0,10.0,931415.0,1000000.0,498.0,3.0,389.0,25.0
Haunted Rhapsody,414.0,EDP,3.36,918.0,1034.0,1149.0,1149.0,13.0,939722.0,1000000.0,497.0,2.0,383.0,13.0
PARANOiA,1.0,DSP,3.35,648.0,742.0,825.0,825.0,9.0,934545.0,1000000.0,694.0,5.0,275.0,0.0
AA,146.0,DDP,3.35,647.0,742.0,825.0,825.0,10.0,933573.0,1000000.0,621.0,5.0,275.0,2.0
アルストロメリア (walk with you remix),456.0,DDP,3.35,659.0,772.0,858.0,858.0,8.0,921988.0,1000000.0,653.0,8.0,286.0,9.0
e-motion,6.0,EDP,3.35,415.0,461.0,513.0,513.0,11.0,942228.0,1000000.0,474.0,3.0,171.0,17.0
MIDNIGHT SPECIAL,183.0,DDP,3.35,616.0,688.0,765.0,765.0,10.0,943577.0,1000000.0,212.0,2.0,255.0,11.0
Beautiful Dream,500.0,DDP,3.35,707.0,815.0,906.0,906.0,9.0,929506.0,1000000.0,515.0,5.0,302.0,9.0
MIDNIGHT SPECIAL,183.0,EDP,3.35,681.0,761.0,846.0,846.0,12.0,943918.0,1000000.0,321.0,2.0,282.0,8.0
ロールプレイングゲーム,781.0,EDP,3.35,1340.0,1447.0,1606.0,1608.0,14.0,958816.0,999980.0,1081.0,0.0,536.0,11.0
GAIA,535.0,ESP,3.35,1607.0,1809.0,2010.0,2010.0,16.0,940850.0,1000000.0,2339.0,1.0,670.0,0.0
Straight Oath,501.0,CSP,3.34,1421.0,1595.0,1773.0,1773.0,15.0,937762.0,1000000.0,2001.0,1.0,591.0,47.0
Straight Oath,501.0,DDP,3.34,800.0,899.0,999.0,999.0,11.0,941123.0,1000000.0,241.0,2.0,333.0,10.0
sola,546.0,EDP,3.34,1055.0,1174.0,1305.0,1305.0,12.0,944753.0,1000000.0,442.0,1.0,435.0,18.0
DEAD END,16.0,DSP,3.34,789.0,909.0,1011.0,1011.0,10.0,931223.0,1000000.0,859.0,5.0,337.0,0.0
Good Sound United,1094.0,BSP,3.34,803.0,912.0,1014.0,1014.0,9.0,937636.0,1000000.0,471.0,3.0,338.0,1.0
PARANOiA,1.0,BDP,3.33,597.0,685.0,762.0,762.0,8.0,933202.0,1000000.0,415.0,5.0,254.0,0.0
The Island Song,518.0,CSP,3.33,900.0,996.0,1107.0,1107.0,13.0,946904.0,1000000.0,1410.0,1.0,369.0,19.0
STEP MACHINE,950.0,DDP,3.32,950.0,1034.0,1148.0,1149.0,12.0,954552.0,999990.0,310.0,0.0,383.0,20.0
bass 2 bass,695.0,EDP,3.32,911.0,1009.0,1122.0,1122.0,12.0,948942.0,1000000.0,1030.0,1.0,374.0,1.0
SABER WING,310.0,DSP,3.32,884.0,1023.0,1137.0,1137.0,10.0,923469.0,1000000.0,703.0,5.0,379.0,33.0
パーフェクトイーター,1210.0,ESP,3.32,1644.0,1884.0,2094.0,2094.0,17.0,929896.0,1000000.0,832.0,2.0,698.0,26.0
Flow (True Style),162.0,CSP,3.32,879.0,985.0,1095.0,1095.0,13.0,943768.0,1000000.0,1346.0,2.0,365.0,1.0
RЁVOLUTIФN,553.0,EDP,3.32,1372.0,1536.0,1707.0,1707.0,14.0,942361.0,1000000.0,824.0,1.0,569.0,14.0
WILD RUSH,47.0,EDP,3.31,597.0,653.0,726.0,726.0,11.0,954875.0,1000000.0,361.0,1.0,242.0,0.0
Ace out,879.0,EDP,3.31,1077.0,1198.0,1332.0,1332.0,13.0,946156.0,1000000.0,673.0,1.0,444.0,7.0
Sephirot,739.0,EDP,3.31,1077.0,1215.0,1350.0,1350.0,13.0,939767.0,1000000.0,849.0,2.0,450.0,8.0
Arrabbiata,228.0,ESP,3.31,1069.0,1223.0,1359.0,1359.0,15.0,933897.0,1000000.0,2260.0,4.0,453.0,1.0
PARANOiA ETERNAL,58.0,BSP,3.3,532.0,639.0,711.0,711.0,8.0,911821.0,1000000.0,245.0,9.0,237.0,0.0
tokyoEVOLVED (TYPE2),463.0,BDP,3.3,563.0,615.0,684.0,684.0,9.0,953568.0,1000000.0,131.0,1.0,228.0,8.0
Dance Partay,622.0,EDP,3.3,715.0,799.0,888.0,888.0,11.0,944242.0,1000000.0,299.0,2.0,296.0,8.0
Your Angel,400.0,EDP,3.3,890.0,1001.0,1113.0,1113.0,11.0,940793.0,1000000.0,364.0,2.0,371.0,8.0
actualization of self (weaponized),1033.0,ESP,3.29,1494.0,1703.0,1893.0,1893.0,16.0,934177.0,1000000.0,1106.0,2.0,631.0,8.0
嘆きの樹,614.0,BDP,3.29,741.0,847.0,942.0,942.0,8.0,926701.0,1000000.0,473.0,4.0,314.0,40.0
insist,1164.0,DDP,3.29,941.0,1007.0,1117.0,1119.0,12.0,962062.0,999980.0,188.0,0.0,373.0,19.0
Saturn,256.0,DDP,3.29,581.0,672.0,747.0,747.0,9.0,925717.0,1000000.0,199.0,5.0,249.0,16.0
PARANOiA ～HADES～,251.0,BSP,3.29,812.0,923.0,1026.0,1026.0,11.0,937142.0,1000000.0,1139.0,4.0,342.0,1.0
Pump Pump Pump,1059.0,EDP,3.29,1355.0,1433.0,1588.0,1593.0,15.0,966336.0,999950.0,459.0,0.0,531.0,24.0
Dance Dance Revolution,108.0,EDP,3.29,831.0,931.0,1035.0,1035.0,12.0,944380.0,1000000.0,631.0,2.0,345.0,0.0
"Help me, ERINNNNNN!!",681.0,EDP,3.29,820.0,926.0,1029.0,1029.0,12.0,940533.0,1000000.0,889.0,3.0,343.0,2.0
び,926.0,DDP,3.28,1249.0,1393.0,1548.0,1548.0,12.0,944065.0,1000000.0,569.0,1.0,516.0,16.0
最小三倍完全数,887.0,begSP,3.28,273.0,324.0,360.0,360.0,5.0,918299.0,1000000.0,237.0,13.0,120.0,0.0
TRIP MACHINE～luv mix～,26.0,DDP,3.28,595.0,677.0,753.0,753.0,10.0,937598.0,1000000.0,318.0,4.0,251.0,0.0
Urban Life,1236.0,ESP,3.28,1447.0,1517.0,1678.0,1686.0,15.0,971005.0,999920.0,541.0,0.0,562.0,5.0
Never See You Again,985.0,DDP,3.27,1162.0,1293.0,1437.0,1437.0,12.0,944280.0,1000000.0,355.0,1.0,479.0,23.0
Destination,638.0,DSP,3.27,996.0,1131.0,1257.0,1257.0,12.0,931140.0,1000000.0,1153.0,3.0,419.0,46.0
からふるぱすてる,551.0,DDP,3.27,740.0,847.0,942.0,942.0,9.0,927922.0,1000000.0,345.0,4.0,314.0,30.0
New Millennium,1227.0,BDP,3.26,893.0,969.0,1076.0,1077.0,12.0,954778.0,999990.0,310.0,0.0,359.0,26.0
I'm so Happy,359.0,CSP,3.26,1315.0,1487.0,1653.0,1653.0,16.0,937169.0,1000000.0,2481.0,2.0,551.0,16.0
D2R (&quot;FREEZE&quot; Special),234.0,CDP,3.26,525.0,572.0,636.0,636.0,12.0,942439.0,1000000.0,591.0,1.0,212.0,54.0
PARANOiA (kskst mix),487.0,DDP,3.25,1172.0,1341.0,1491.0,1491.0,13.0,931858.0,1000000.0,731.0,3.0,497.0,14.0
PARANOIA survivor,126.0,BSP,3.25,559.0,634.0,705.0,705.0,9.0,938229.0,1000000.0,265.0,4.0,235.0,2.0
隅田川夏恋歌,428.0,CSP,3.25,1450.0,1644.0,1827.0,1827.0,16.0,935312.0,1000000.0,2416.0,2.0,609.0,24.0
CANDY (UFO mix),1128.0,EDP,3.25,1253.0,1328.0,1472.0,1476.0,14.0,966183.0,999960.0,268.0,0.0,492.0,16.0
パ&rarr;ピ&rarr;プ&rarr;Yeah!,667.0,DDP,3.25,493.0,567.0,630.0,630.0,8.0,929656.0,1000000.0,765.0,9.0,210.0,11.0
鏡花水月楼 (DDR EDITION),1080.0,EDP,3.23,1171.0,1301.0,1446.0,1446.0,15.0,946706.0,1000000.0,322.0,1.0,482.0,6.0
Plan 8,628.0,DDP,3.23,1032.0,1161.0,1290.0,1290.0,11.0,939450.0,1000000.0,530.0,2.0,430.0,21.0
Fly away,163.0,EDP,3.23,745.0,818.0,909.0,909.0,11.0,952657.0,1000000.0,391.0,1.0,303.0,6.0
ミライプリズム,644.0,EDP,3.23,838.0,945.0,1050.0,1050.0,11.0,938198.0,1000000.0,763.0,3.0,350.0,19.0
BREAKING THE FUTURE,1188.0,BDP,3.23,852.0,939.0,1044.0,1044.0,10.0,947007.0,1000000.0,152.0,1.0,348.0,29.0
The Lonely Streets,620.0,CDP,3.23,600.0,672.0,747.0,747.0,12.0,939260.0,1000000.0,451.0,3.0,249.0,25.0
B4U(B4 ZA BEAT MIX),69.0,CDP,3.23,571.0,631.0,702.0,702.0,10.0,948290.0,1000000.0,582.0,2.0,234.0,8.0
灼熱Beach Side Bunny,615.0,ESP,3.23,1448.0,1655.0,1839.0,1839.0,15.0,931182.0,1000000.0,2651.0,3.0,613.0,27.0
DOWNER &amp; UPPER,884.0,CDP,3.23,694.0,788.0,876.0,876.0,10.0,912125.0,1000000.0,435.0,4.0,292.0,102.0
SigSig,450.0,CDP,3.23,856.0,988.0,1098.0,1098.0,10.0,921728.0,1000000.0,479.0,5.0,366.0,46.0
恋はどう？モロ◎波動OK☆方程式！！,572.0,DSP,3.23,896.0,1036.0,1152.0,1152.0,11.0,925699.0,1000000.0,1039.0,6.0,384.0,21.0
AM-3P (&quot;CHAOS&quot; Special),227.0,CSP,3.22,750.0,845.0,939.0,939.0,14.0,941308.0,1000000.0,2044.0,4.0,313.0,4.0
CRAZY&hearts;LOVE,427.0,ESP,3.22,1339.0,1541.0,1713.0,1713.0,15.0,924702.0,1000000.0,2212.0,4.0,571.0,53.0
CURUS,156.0,EDP,3.22,754.0,850.0,945.0,945.0,12.0,941636.0,1000000.0,532.0,3.0,315.0,0.0
バンブーソード・ガール,597.0,ESP,3.22,1529.0,1711.0,1902.0,1902.0,15.0,940904.0,1000000.0,2333.0,1.0,634.0,28.0
PARANOiA MAX～DIRTY MIX～,10.0,DDP,3.22,752.0,839.0,933.0,933.0,12.0,946302.0,1000000.0,447.0,2.0,311.0,0.0
Abyss,49.0,DDP,3.22,551.0,629.0,699.0,699.0,8.0,936504.0,1000000.0,288.0,5.0,233.0,0.0
さよならトリップ ～夏陽 EDM edition～,684.0,DDP,3.22,656.0,742.0,825.0,825.0,9.0,935742.0,1000000.0,565.0,4.0,275.0,20.0
Sweet Sweet &hearts; Magic,92.0,DDP,3.21,561.0,639.0,711.0,711.0,8.0,936520.0,1000000.0,202.0,4.0,237.0,2.0
TRIP MACHINE PhoeniX,266.0,ESP,3.21,966.0,1090.0,1212.0,1212.0,15.0,940269.0,1000000.0,2070.0,3.0,404.0,1.0
Remain,632.0,BDP,3.21,491.0,542.0,603.0,603.0,9.0,950323.0,1000000.0,222.0,2.0,201.0,3.0
Tohoku EVOLVED,471.0,DSP,3.21,1206.0,1341.0,1491.0,1491.0,14.0,946760.0,1000000.0,2158.0,1.0,497.0,2.0
StrayedCatz,740.0,ESP,3.21,1128.0,1250.0,1389.0,1389.0,13.0,947206.0,1000000.0,2148.0,1.0,463.0,12.0
チョコレートスマイル,657.0,EDP,3.2,935.0,1058.0,1176.0,1176.0,12.0,937456.0,1000000.0,819.0,3.0,392.0,15.0
BLACK JACKAL,889.0,DDP,3.2,945.0,1044.0,1161.0,1161.0,11.0,948834.0,1000000.0,589.0,1.0,387.0,11.0
Idola,599.0,ESP,3.2,1641.0,1838.0,2043.0,2043.0,16.0,940497.0,1000000.0,2400.0,1.0,681.0,28.0
FIRE,241.0,EDP,3.19,915.0,1009.0,1122.0,1122.0,12.0,947453.0,1000000.0,324.0,1.0,374.0,24.0
DIGITALIZER,954.0,ESP,3.19,1530.0,1709.0,1899.0,1899.0,17.0,942656.0,1000000.0,1564.0,1.0,633.0,20.0
Nostalgia Is Lost,612.0,DDP,3.19,972.0,1093.0,1215.0,1215.0,11.0,937473.0,1000000.0,280.0,2.0,405.0,34.0
めうめうぺったんたん！！,495.0,DDP,3.18,816.0,942.0,1047.0,1047.0,9.0,929351.0,1000000.0,377.0,5.0,349.0,7.0
ドーパミン,661.0,BSP,3.18,825.0,969.0,1077.0,1077.0,10.0,921747.0,1000000.0,1070.0,10.0,359.0,3.0
Fascination MAXX,160.0,begSP,3.18,229.0,272.0,303.0,303.0,6.0,917002.0,1000000.0,409.0,20.0,101.0,0.0
In The Breeze,662.0,DSP,3.18,545.0,626.0,696.0,696.0,9.0,931542.0,1000000.0,466.0,7.0,232.0,6.0
エンドルフィン,626.0,ESP,3.18,1426.0,1590.0,1767.0,1767.0,15.0,944702.0,1000000.0,2464.0,1.0,589.0,9.0
放課後ストライド,703.0,DSP,3.17,985.0,1131.0,1257.0,1257.0,10.0,929745.0,1000000.0,1056.0,5.0,419.0,19.0
未完成ノ蒸氣驅動乙女 (DDR Edition),898.0,DSP,3.17,1211.0,1344.0,1494.0,1494.0,13.0,943972.0,1000000.0,1392.0,1.0,498.0,34.0
冥,404.0,BDP,3.17,675.0,774.0,861.0,861.0,7.0,931940.0,1000000.0,356.0,5.0,287.0,7.0
Bombay Bomb,510.0,DDP,3.17,781.0,882.0,981.0,981.0,10.0,940539.0,1000000.0,380.0,3.0,327.0,0.0
MOON,186.0,EDP,3.17,792.0,899.0,999.0,999.0,10.0,937620.0,1000000.0,543.0,4.0,333.0,3.0
SUPER SAMURAI,315.0,DSP,3.17,945.0,1085.0,1206.0,1206.0,12.0,932344.0,1000000.0,889.0,5.0,402.0,2.0
ベィスドロップ・フリークス,723.0,DDP,3.17,793.0,899.0,999.0,999.0,10.0,937612.0,1000000.0,680.0,4.0,333.0,8.0
The Wind of Gold,552.0,DDP,3.17,722.0,818.0,909.0,909.0,10.0,936320.0,1000000.0,466.0,4.0,303.0,15.0
Astrogazer,728.0,ESP,3.17,1438.0,1603.0,1782.0,1782.0,15.0,944483.0,1000000.0,2568.0,1.0,594.0,8.0
Poseidon,254.0,ESP,3.17,742.0,823.0,915.0,915.0,11.0,947687.0,1000000.0,1393.0,2.0,305.0,7.0
Boom Boom Dollar (Red Monster Mix),474.0,CDP,3.16,592.0,645.0,717.0,717.0,11.0,949937.0,1000000.0,95.0,1.0,239.0,32.0
ミッドナイト☆WAR,895.0,EDP,3.16,1294.0,1390.0,1543.0,1545.0,14.0,960025.0,999980.0,809.0,0.0,515.0,20.0
She is my wife,386.0,DSP,3.16,490.0,585.0,651.0,651.0,7.0,907559.0,1000000.0,363.0,12.0,217.0,21.0
Afterimage d'automne,894.0,DDP,3.16,830.0,912.0,1014.0,1014.0,11.0,948844.0,1000000.0,352.0,1.0,338.0,25.0
KHAMEN BREAK,608.0,ESP,3.16,1552.0,1757.0,1953.0,1953.0,16.0,936630.0,1000000.0,2284.0,2.0,651.0,15.0
SABER WING (satellite silhouette remix),588.0,CDP,3.16,1157.0,1260.0,1400.0,1401.0,14.0,953597.0,999990.0,778.0,0.0,467.0,23.0
ラクガキスト,596.0,DDP,3.16,914.0,1034.0,1149.0,1149.0,10.0,938783.0,1000000.0,442.0,3.0,383.0,6.0
春風ブローインウィンド,786.0,ESP,3.16,1429.0,1630.0,1812.0,1812.0,15.0,931620.0,1000000.0,2118.0,3.0,604.0,31.0
tokyoEVOLVED (TYPE3),464.0,BSP,3.16,466.0,526.0,585.0,585.0,9.0,938883.0,1000000.0,178.0,4.0,195.0,9.0
Dead Heat,827.0,DDP,3.15,637.0,726.0,807.0,807.0,10.0,934519.0,1000000.0,382.0,5.0,269.0,9.0
Diamond Night,516.0,EDP,3.15,771.0,845.0,939.0,939.0,11.0,952164.0,1000000.0,326.0,1.0,313.0,13.0
Come to Life,734.0,ESP,3.15,1518.0,1733.0,1926.0,1926.0,16.0,931416.0,1000000.0,2556.0,3.0,642.0,31.0
La receta,364.0,EDP,3.15,847.0,931.0,1035.0,1035.0,11.0,948328.0,1000000.0,283.0,1.0,345.0,29.0
VANESSA,396.0,DSP,3.14,820.0,928.0,1032.0,1032.0,11.0,936207.0,1000000.0,964.0,4.0,344.0,17.0
BE LOVIN,105.0,DDP,3.14,576.0,648.0,720.0,720.0,10.0,942123.0,1000000.0,353.0,4.0,240.0,3.0
Far east nightbird kors k Remix -DDR edit ver-,736.0,DDP,3.14,784.0,872.0,969.0,969.0,11.0,945461.0,1000000.0,469.0,2.0,323.0,14.0
PUNISHER,569.0,EDP,3.14,1290.0,1433.0,1593.0,1593.0,14.0,945115.0,1000000.0,780.0,1.0,531.0,21.0
roppongi EVOLVED ver.C,380.0,ESP,3.14,1243.0,1379.0,1533.0,1533.0,15.0,945646.0,1000000.0,2080.0,1.0,511.0,21.0
Cosy Catastrophe,755.0,BSP,3.14,731.0,834.0,927.0,927.0,9.0,934124.0,1000000.0,942.0,6.0,309.0,9.0
Get Back Up!,413.0,DDP,3.13,615.0,696.0,774.0,774.0,10.0,935905.0,1000000.0,307.0,4.0,258.0,18.0
I/O,441.0,EDP,3.13,947.0,1044.0,1161.0,1161.0,12.0,948639.0,1000000.0,842.0,1.0,387.0,19.0
Dispersion Star,575.0,EDP,3.13,923.0,999.0,1109.0,1110.0,14.0,955312.0,999990.0,530.0,0.0,370.0,33.0
LOVE &amp; JOY -Risk Junk MIX-,540.0,ESP,3.13,1352.0,1503.0,1671.0,1671.0,13.0,945054.0,1000000.0,265.0,1.0,557.0,16.0
CHAOS Terror-Tech Mix,814.0,BDP,3.13,598.0,672.0,747.0,747.0,8.0,939717.0,1000000.0,527.0,4.0,249.0,16.0
Wake Me Up,716.0,DDP,3.13,681.0,764.0,849.0,849.0,9.0,943697.0,1000000.0,312.0,3.0,283.0,2.0
DESTINY,77.0,EDP,3.13,837.0,918.0,1020.0,1020.0,11.0,953095.0,1000000.0,452.0,1.0,340.0,4.0
Surrender (PureFocus remix),1192.0,EDP,3.13,922.0,966.0,1069.0,1074.0,14.0,969865.0,999950.0,167.0,0.0,358.0,25.0
Trigger,326.0,BSP,3.13,621.0,707.0,786.0,786.0,9.0,935531.0,1000000.0,350.0,5.0,262.0,6.0
チルノのパーフェクトさんすう教室 (EDM REMIX),676.0,DDP,3.13,733.0,823.0,915.0,915.0,11.0,940591.0,1000000.0,406.0,3.0,305.0,14.0
BRIDAL FESTIVAL !!!,984.0,DDP,3.13,862.0,947.0,1053.0,1053.0,11.0,949542.0,1000000.0,365.0,1.0,351.0,21.0
キケンな果実,549.0,DDP,3.13,752.0,866.0,963.0,963.0,9.0,924708.0,1000000.0,299.0,5.0,321.0,33.0
Scarlet Moon,653.0,EDP,3.12,1015.0,1136.0,1263.0,1263.0,12.0,943614.0,1000000.0,840.0,2.0,421.0,6.0
Kill The Night,1233.0,CSP,3.12,1634.0,1763.0,1957.0,1959.0,16.0,957762.0,999980.0,430.0,0.0,653.0,27.0
L'amour et la libert&eacute;(Darwin &amp; DJ Silver remix),246.0,EDP,3.12,889.0,977.0,1086.0,1086.0,12.0,949482.0,1000000.0,391.0,1.0,362.0,22.0
デッドボヲルdeホームラン,576.0,ESP,3.12,1077.0,1190.0,1323.0,1323.0,13.0,947958.0,1000000.0,2105.0,1.0,441.0,17.0
Sacred Oath,382.0,EDP,3.12,853.0,961.0,1068.0,1068.0,11.0,934427.0,1000000.0,486.0,3.0,356.0,43.0
Star Gate Heaven,204.0,EDP,3.12,696.0,780.0,867.0,867.0,11.0,944185.0,1000000.0,387.0,3.0,289.0,1.0
MAX 360,815.0,BSP,3.12,1235.0,1387.0,1542.0,1542.0,12.0,941404.0,1000000.0,1694.0,2.0,514.0,8.0
CG Project,343.0,EDP,3.11,806.0,904.0,1005.0,1005.0,13.0,941503.0,1000000.0,742.0,3.0,335.0,12.0
B4U (&quot;VOLTAGE&quot; Special),229.0,CSP,3.11,900.0,990.0,1101.0,1101.0,14.0,952104.0,1000000.0,2295.0,1.0,367.0,0.0
Boom Boom Dollar (Red Monster Mix),474.0,EDP,3.11,538.0,575.0,638.0,639.0,10.0,964989.0,999990.0,93.0,0.0,213.0,0.0
I Love You,911.0,ESP,3.11,1650.0,1868.0,2076.0,2076.0,16.0,936196.0,1000000.0,1676.0,2.0,692.0,19.0
Bad Apple!! feat. nomico,679.0,EDP,3.11,1067.0,1177.0,1308.0,1308.0,11.0,945739.0,1000000.0,1170.0,1.0,436.0,40.0
Unreal,268.0,ESP,3.11,956.0,1074.0,1194.0,1194.0,15.0,942788.0,1000000.0,2052.0,3.0,398.0,0.0
GRADIUSIC CYBER ～AMD G5 MIX～,19.0,DDP,3.1,759.0,831.0,924.0,924.0,11.0,954506.0,1000000.0,387.0,1.0,308.0,0.0
HAPPY☆ANGEL,168.0,EDP,3.1,863.0,985.0,1095.0,1095.0,11.0,935107.0,1000000.0,786.0,5.0,365.0,2.0
Samurai Shogun vs. Master Ninja,636.0,DDP,3.1,886.0,972.0,1080.0,1080.0,12.0,952762.0,1000000.0,348.0,1.0,360.0,5.0
テレキャスタービーボーイ,1036.0,EDP,3.09,1014.0,1117.0,1242.0,1242.0,12.0,941545.0,1000000.0,592.0,1.0,414.0,70.0
Trigger,326.0,BDP,3.09,505.0,569.0,633.0,633.0,7.0,940629.0,1000000.0,205.0,4.0,211.0,5.0
GENOM SCREAMS,7.0,DDP,3.09,546.0,607.0,675.0,675.0,11.0,948242.0,1000000.0,395.0,3.0,225.0,0.0
VOLAQUAS,1150.0,DSP,3.09,1699.0,1833.0,2035.0,2037.0,15.0,955622.0,999980.0,935.0,0.0,679.0,56.0
AWAKE,652.0,EDP,3.09,1130.0,1266.0,1407.0,1407.0,13.0,940252.0,1000000.0,811.0,2.0,469.0,29.0
Poseidon,254.0,DSP,3.09,554.0,610.0,678.0,678.0,9.0,952421.0,1000000.0,299.0,2.0,226.0,1.0
bass 2 bass,695.0,DDP,3.09,643.0,731.0,813.0,813.0,10.0,937580.0,1000000.0,781.0,6.0,271.0,1.0
突撃！ガラスのニーソ姫！,659.0,DDP,3.08,872.0,982.0,1092.0,1092.0,11.0,936436.0,1000000.0,543.0,3.0,364.0,32.0
桜,141.0,BSP,3.08,549.0,634.0,705.0,705.0,7.0,928811.0,1000000.0,406.0,8.0,235.0,7.0
灼熱 Pt.2 Long Train Running,1025.0,DDP,3.08,1242.0,1331.0,1477.0,1479.0,13.0,962291.0,999980.0,539.0,0.0,493.0,10.0
Raspberry&#9825;Heart(English version),255.0,CDP,3.08,804.0,893.0,993.0,993.0,12.0,947802.0,1000000.0,482.0,2.0,331.0,0.0
i feel ...,83.0,EDP,3.08,818.0,896.0,996.0,996.0,12.0,953735.0,1000000.0,393.0,1.0,332.0,3.0
Cosy Catastrophe,755.0,BDP,3.08,740.0,828.0,921.0,921.0,10.0,942806.0,1000000.0,607.0,3.0,307.0,9.0
Condor,498.0,DDP,3.08,667.0,747.0,831.0,831.0,9.0,939524.0,1000000.0,310.0,3.0,277.0,22.0
In The Breeze,662.0,DDP,3.08,551.0,623.0,693.0,693.0,9.0,937894.0,1000000.0,370.0,5.0,231.0,8.0
DEAD END,16.0,DDP,3.08,709.0,804.0,894.0,894.0,9.0,939035.0,1000000.0,317.0,4.0,298.0,0.0
Dazzlin' Darlin,345.0,EDP,3.08,859.0,955.0,1062.0,1062.0,12.0,946644.0,1000000.0,843.0,2.0,354.0,6.0
MITOれて！いばらきっしゅだ～りん,590.0,EDP,3.07,1068.0,1177.0,1308.0,1308.0,13.0,949944.0,1000000.0,304.0,1.0,436.0,11.0
AFRONOVA(FROM NONSTOP MEGAMIX),67.0,CDP,3.07,864.0,972.0,1080.0,1080.0,10.0,941923.0,1000000.0,470.0,3.0,360.0,5.0
SHION,698.0,DSP,3.07,917.0,1039.0,1155.0,1155.0,10.0,938494.0,1000000.0,881.0,4.0,385.0,3.0
CAN'T STOP FALLIN' IN LOVE,31.0,EDP,3.07,739.0,807.0,897.0,897.0,12.0,955599.0,1000000.0,575.0,1.0,299.0,0.0
革命パッショネイト,845.0,DDP,3.07,844.0,963.0,1071.0,1071.0,9.0,932460.0,1000000.0,323.0,4.0,357.0,19.0
Skywalking,842.0,ESP,3.06,1406.0,1560.0,1734.0,1734.0,15.0,945202.0,1000000.0,1767.0,1.0,578.0,24.0
Broken,1183.0,EDP,3.06,1061.0,1150.0,1277.0,1278.0,13.0,953893.0,999990.0,269.0,0.0,426.0,42.0
Dancer in the flare,724.0,DDP,3.06,595.0,666.0,741.0,741.0,11.0,944255.0,1000000.0,621.0,4.0,247.0,1.0
輪廻転生,769.0,DDP,3.05,1069.0,1196.0,1329.0,1329.0,11.0,943405.0,1000000.0,451.0,2.0,443.0,10.0
New Era,862.0,BDP,3.05,803.0,891.0,990.0,990.0,11.0,946892.0,1000000.0,440.0,2.0,330.0,13.0
Last Twilight,955.0,DDP,3.05,1325.0,1420.0,1576.0,1578.0,13.0,960219.0,999980.0,341.0,0.0,526.0,30.0
Cytokinesis,729.0,BDP,3.05,464.0,521.0,579.0,579.0,8.0,938952.0,1000000.0,293.0,5.0,193.0,15.0
JOMANDA,613.0,BDP,3.05,665.0,745.0,828.0,828.0,8.0,940452.0,1000000.0,230.0,3.0,276.0,21.0
B4U,28.0,DDP,3.05,530.0,607.0,675.0,675.0,8.0,934643.0,1000000.0,513.0,8.0,225.0,0.0
ALPACORE,901.0,DDP,3.04,882.0,980.0,1089.0,1089.0,12.0,947589.0,1000000.0,505.0,2.0,363.0,2.0
び,926.0,ESP,3.04,1835.0,2049.0,2277.0,2277.0,17.0,942933.0,1000000.0,1801.0,1.0,759.0,16.0
Astrogazer,728.0,DDP,3.04,843.0,934.0,1038.0,1038.0,12.0,949241.0,1000000.0,996.0,2.0,346.0,0.0
POSSESSION(EDP Live Mix),634.0,ESP,3.04,1408.0,1606.0,1785.0,1785.0,16.0,932665.0,1000000.0,2545.0,4.0,595.0,21.0
mathematical good-bye,1218.0,DDP,3.04,1392.0,1517.0,1685.0,1686.0,14.0,949969.0,999990.0,242.0,0.0,562.0,62.0
蒼が消えるとき,961.0,EDP,3.04,1041.0,1161.0,1290.0,1290.0,12.0,943091.0,1000000.0,694.0,2.0,430.0,23.0
チルノのパーフェクトさんすう教室 (EDM REMIX),676.0,ESP,3.04,1255.0,1404.0,1560.0,1560.0,13.0,943565.0,1000000.0,1914.0,2.0,520.0,7.0
しゅわスパ大作戦☆,1231.0,EDP,3.03,1407.0,1460.0,1611.0,1623.0,14.0,971312.0,999880.0,145.0,0.0,541.0,62.0
TRIP MACHINE PhoeniX,266.0,DSP,3.03,683.0,766.0,852.0,852.0,12.0,943581.0,1000000.0,789.0,4.0,284.0,1.0
Ability,1175.0,EDP,3.03,1353.0,1498.0,1665.0,1665.0,16.0,944185.0,1000000.0,276.0,1.0,555.0,45.0
Do The Evolution,585.0,EDP,3.03,888.0,974.0,1083.0,1083.0,13.0,950837.0,1000000.0,653.0,1.0,361.0,20.0
A,100.0,EDP,3.03,768.0,866.0,963.0,963.0,11.0,940662.0,1000000.0,579.0,4.0,321.0,3.0
CRAZY&hearts;LOVE,427.0,DSP,3.03,1112.0,1271.0,1413.0,1413.0,12.0,927266.0,1000000.0,1330.0,5.0,471.0,52.0
RED ZONE,198.0,DSP,3.02,570.0,675.0,750.0,750.0,8.0,917339.0,1000000.0,530.0,14.0,250.0,6.0
on the bounce,299.0,DDP,3.02,671.0,750.0,834.0,834.0,9.0,943732.0,1000000.0,302.0,3.0,278.0,9.0
サイカ,1035.0,EDP,3.02,616.0,669.0,744.0,744.0,11.0,955648.0,1000000.0,348.0,1.0,248.0,11.0
sola,546.0,DDP,3.02,683.0,766.0,852.0,852.0,9.0,936508.0,1000000.0,198.0,3.0,284.0,33.0
Across the nightmare,101.0,BDP,3.02,488.0,553.0,615.0,615.0,8.0,939686.0,1000000.0,199.0,5.0,205.0,0.0
恋閃繚乱,491.0,CSP,3.02,1238.0,1368.0,1521.0,1521.0,15.0,947130.0,1000000.0,2194.0,1.0,507.0,24.0
PRANA＋REVOLUTIONARY ADDICT (U1 DJ Mix),646.0,BSP,3.02,848.0,963.0,1071.0,1071.0,9.0,935242.0,1000000.0,375.0,4.0,357.0,14.0
Remain,632.0,BSP,3.01,479.0,534.0,594.0,594.0,9.0,945713.0,1000000.0,333.0,4.0,198.0,4.0
Uranus,269.0,EDP,3.01,841.0,947.0,1053.0,1053.0,11.0,940853.0,1000000.0,298.0,3.0,351.0,7.0
ちくわパフェだよ☆ＣＫＰ,561.0,EDP,3.01,949.0,1055.0,1173.0,1173.0,12.0,946057.0,1000000.0,679.0,2.0,391.0,8.0
Take A Step Forward,417.0,DDP,3.01,578.0,650.0,723.0,723.0,10.0,936507.0,1000000.0,566.0,5.0,241.0,25.0
&AElig;THER,587.0,BSP,3.0,933.0,1074.0,1194.0,1194.0,9.0,926954.0,1000000.0,959.0,7.0,398.0,26.0
IF YOU WERE HERE (L.E.D.-G STYLE REMIX),358.0,DSP,3.0,838.0,936.0,1041.0,1041.0,10.0,944036.0,1000000.0,112.0,2.0,347.0,9.0
腐れ外道とチョコレゐト,854.0,ESP,3.0,1528.0,1695.0,1884.0,1884.0,15.0,945185.0,1000000.0,1812.0,1.0,628.0,25.0
御伽噺に幕切れを,933.0,DDP,3.0,878.0,961.0,1068.0,1068.0,10.0,950959.0,1000000.0,316.0,1.0,356.0,26.0
紅焔,489.0,EDP,3.0,1020.0,1120.0,1245.0,1245.0,12.0,950196.0,1000000.0,608.0,1.0,415.0,20.0
SP-TRIP MACHINE～JUNGLE MIX～,12.0,DDP,3.0,540.0,612.0,681.0,681.0,9.0,938795.0,1000000.0,235.0,5.0,227.0,0.0
PARANOIA EVOLUTION,43.0,DDP,3.0,662.0,739.0,822.0,822.0,10.0,945848.0,1000000.0,300.0,3.0,274.0,0.0
"Reach The Sky, Without you",771.0,BDP,2.99,779.0,888.0,987.0,987.0,10.0,934046.0,1000000.0,722.0,6.0,329.0,14.0
Beautiful Dream,500.0,CSP,2.99,1471.0,1630.0,1812.0,1812.0,15.0,942187.0,1000000.0,2390.0,1.0,604.0,62.0
Sector,1167.0,ESP,2.99,1426.0,1579.0,1755.0,1755.0,16.0,945757.0,1000000.0,846.0,1.0,585.0,30.0
ホメ猫☆センセーション,655.0,DDP,2.99,869.0,974.0,1083.0,1083.0,10.0,943411.0,1000000.0,573.0,3.0,361.0,3.0
You,512.0,EDP,2.99,608.0,675.0,750.0,750.0,10.0,940303.0,1000000.0,317.0,3.0,250.0,36.0
Angelic Jelly,737.0,DDP,2.98,858.0,966.0,1074.0,1074.0,10.0,940490.0,1000000.0,929.0,4.0,358.0,9.0
ちくわパフェだよ☆ＣＫＰ,561.0,DSP,2.98,732.0,839.0,933.0,933.0,9.0,931797.0,1000000.0,649.0,7.0,311.0,11.0
Vanquish The Ghost,799.0,BSP,2.98,613.0,729.0,810.0,810.0,8.0,910016.0,1000000.0,631.0,16.0,270.0,24.0
恋,1009.0,EDP,2.98,760.0,853.0,948.0,948.0,11.0,939488.0,1000000.0,636.0,4.0,316.0,21.0
Avenger,857.0,BDP,2.98,725.0,815.0,906.0,906.0,10.0,942463.0,1000000.0,505.0,4.0,302.0,3.0
paparazzi,1018.0,ESP,2.98,1570.0,1741.0,1935.0,1935.0,15.0,945509.0,1000000.0,1297.0,1.0,645.0,23.0
The Island Song,518.0,EDP,2.97,495.0,542.0,603.0,603.0,9.0,954318.0,1000000.0,258.0,2.0,201.0,1.0
大見解,144.0,DSP,2.97,649.0,753.0,837.0,837.0,8.0,925974.0,1000000.0,443.0,9.0,279.0,10.0
最終鬼畜妹フランドール・Ｓ,922.0,ESP,2.97,1874.0,2087.0,2319.0,2319.0,16.0,942687.0,1000000.0,1578.0,1.0,773.0,36.0
Abyss,49.0,EDP,2.97,749.0,834.0,927.0,927.0,11.0,947133.0,1000000.0,594.0,3.0,309.0,0.0
voltississimo,893.0,BDP,2.96,839.0,931.0,1035.0,1035.0,9.0,944503.0,1000000.0,285.0,2.0,345.0,26.0
SPECIAL SUMMER CAMPAIGN!,617.0,DDP,2.96,775.0,845.0,939.0,939.0,12.0,952898.0,1000000.0,319.0,1.0,313.0,24.0
SCHWARZSCHILD FIELD,1045.0,DDP,2.96,1048.0,1150.0,1278.0,1278.0,13.0,952475.0,1000000.0,312.0,1.0,426.0,6.0
Bad Apple!! feat. nomico,679.0,DDP,2.96,779.0,882.0,981.0,981.0,9.0,930164.0,1000000.0,661.0,5.0,327.0,47.0
熱情のサパデアード,847.0,DDP,2.95,762.0,842.0,936.0,936.0,10.0,947612.0,1000000.0,350.0,2.0,312.0,17.0
SUPER SAMURAI,315.0,ESP,2.95,1277.0,1425.0,1584.0,1584.0,15.0,942351.0,1000000.0,2119.0,2.0,528.0,27.0
LEADING CYBER,39.0,EDP,2.95,880.0,963.0,1071.0,1071.0,13.0,954594.0,1000000.0,410.0,1.0,357.0,0.0
No.13,189.0,DDP,2.95,661.0,747.0,831.0,831.0,9.0,939645.0,1000000.0,202.0,4.0,277.0,2.0
夏色DIARY -DDR mix-,668.0,DDP,2.95,924.0,1034.0,1149.0,1149.0,11.0,943973.0,1000000.0,684.0,3.0,383.0,6.0
大見解,144.0,DDP,2.95,651.0,745.0,828.0,828.0,8.0,932892.0,1000000.0,268.0,6.0,276.0,8.0
No Life Queen [DJ Command Remix],931.0,EDP,2.94,1521.0,1657.0,1841.0,1842.0,14.0,954340.0,999990.0,615.0,0.0,614.0,15.0
東京神話,945.0,DSP,2.94,1265.0,1395.0,1551.0,1551.0,13.0,949248.0,1000000.0,1533.0,1.0,517.0,13.0
Din Don Dan,593.0,DDP,2.94,545.0,634.0,705.0,705.0,7.0,925739.0,1000000.0,454.0,11.0,235.0,6.0
STULTI,529.0,DSP,2.94,876.0,985.0,1095.0,1095.0,12.0,937469.0,1000000.0,846.0,4.0,365.0,30.0
GENOM SCREAMS,7.0,BDP,2.94,465.0,526.0,585.0,585.0,9.0,940387.0,1000000.0,394.0,7.0,195.0,0.0
SP-TRIP MACHINE～JUNGLE MIX～,12.0,EDP,2.94,610.0,675.0,750.0,750.0,10.0,950517.0,1000000.0,488.0,3.0,250.0,0.0
Bombay Bomb,510.0,EDP,2.94,1083.0,1188.0,1320.0,1320.0,12.0,953193.0,1000000.0,554.0,1.0,440.0,0.0
voltississimo,893.0,DSP,2.94,1200.0,1320.0,1467.0,1467.0,13.0,948738.0,1000000.0,1326.0,1.0,489.0,28.0
Chronos,439.0,DSP,2.94,612.0,693.0,771.0,771.0,8.0,932363.0,1000000.0,486.0,6.0,257.0,28.0
Lachryma《Re:Queen&rsquo;M》,920.0,BDP,2.93,735.0,820.0,912.0,912.0,9.0,941074.0,1000000.0,375.0,3.0,304.0,27.0
.59,27.0,DDP,2.93,544.0,610.0,678.0,678.0,8.0,944153.0,1000000.0,178.0,4.0,226.0,0.0
Snow Garland Fairy,1155.0,ESP,2.93,1467.0,1622.0,1803.0,1803.0,17.0,948417.0,1000000.0,978.0,1.0,601.0,6.0
Mermaid girl,431.0,DDP,2.93,609.0,710.0,789.0,789.0,7.0,924574.0,1000000.0,377.0,10.0,263.0,7.0
Romancing Layer,584.0,DDP,2.93,709.0,788.0,876.0,876.0,11.0,945934.0,1000000.0,494.0,3.0,292.0,11.0
"Reach The Sky, Without you",771.0,DSP,2.93,1141.0,1301.0,1446.0,1446.0,14.0,932922.0,1000000.0,2126.0,6.0,482.0,21.0
Brazilian Anthem,150.0,DDP,2.93,508.0,569.0,633.0,633.0,8.0,941415.0,1000000.0,173.0,4.0,211.0,10.0
*ハロー、プラネット。,824.0,EDP,2.93,1042.0,1158.0,1287.0,1287.0,13.0,945304.0,1000000.0,709.0,2.0,429.0,19.0
ENDYMION,756.0,begSP,2.93,672.0,783.0,870.0,870.0,9.0,923097.0,1000000.0,1137.0,15.0,290.0,14.0
リスペク風神,1143.0,EDP,2.93,1558.0,1636.0,1812.0,1818.0,15.0,968226.0,999940.0,395.0,0.0,606.0,39.0
Silly Love,924.0,DDP,2.93,994.0,1088.0,1209.0,1209.0,11.0,951854.0,1000000.0,416.0,1.0,403.0,20.0
恋愛観測,748.0,DDP,2.92,854.0,961.0,1068.0,1068.0,10.0,939442.0,1000000.0,558.0,4.0,356.0,17.0
PARANOIA EVOLUTION,43.0,EDP,2.92,784.0,864.0,960.0,960.0,13.0,951705.0,1000000.0,513.0,2.0,320.0,0.0
Go For The Top,485.0,DSP,2.91,905.0,999.0,1110.0,1110.0,12.0,948508.0,1000000.0,1237.0,2.0,370.0,16.0
IMANOGUILTS,591.0,ESP,2.91,1402.0,1547.0,1719.0,1719.0,14.0,950027.0,1000000.0,2149.0,1.0,573.0,3.0
RЁVOLUTIФN,553.0,DDP,2.91,1057.0,1188.0,1320.0,1320.0,11.0,936562.0,1000000.0,445.0,3.0,440.0,44.0
花は折りたし梢は高し,959.0,DDP,2.91,715.0,777.0,864.0,864.0,9.0,953749.0,1000000.0,247.0,1.0,288.0,23.0
ちゅ～いん☆バニー,592.0,CSP,2.9,934.0,1053.0,1170.0,1170.0,13.0,929706.0,1000000.0,1402.0,5.0,390.0,71.0
heron,493.0,DDP,2.9,645.0,729.0,810.0,810.0,9.0,936677.0,1000000.0,273.0,5.0,270.0,17.0
STULTI,529.0,BSP,2.9,585.0,669.0,744.0,744.0,9.0,930774.0,1000000.0,332.0,7.0,248.0,18.0
Get it,1154.0,DDP,2.9,1026.0,1077.0,1193.0,1197.0,12.0,970196.0,999960.0,213.0,0.0,399.0,14.0
CANDY☆,61.0,EDP,2.9,709.0,796.0,885.0,885.0,11.0,941989.0,1000000.0,838.0,5.0,295.0,8.0
ラクガキスト,596.0,DSP,2.9,913.0,1039.0,1155.0,1155.0,10.0,936461.0,1000000.0,893.0,6.0,385.0,2.0
Right on time (Ryu☆Remix),554.0,DDP,2.9,632.0,718.0,798.0,798.0,9.0,935189.0,1000000.0,320.0,6.0,266.0,12.0
CELEBRATE NITE(EURO TRANCE STYLE),75.0,CDP,2.9,721.0,783.0,870.0,870.0,10.0,958027.0,1000000.0,401.0,1.0,290.0,2.0
on the bounce,299.0,CSP,2.9,1209.0,1355.0,1506.0,1506.0,16.0,941241.0,1000000.0,2141.0,3.0,502.0,20.0
Far east nightbird,735.0,DDP,2.9,806.0,912.0,1014.0,1014.0,10.0,938193.0,1000000.0,569.0,5.0,338.0,9.0
Good Looking,1010.0,DDP,2.9,972.0,1063.0,1182.0,1182.0,12.0,954257.0,1000000.0,292.0,1.0,394.0,1.0
PARANOiA KCET ～clean mix～,9.0,DDP,2.89,697.0,780.0,867.0,867.0,10.0,944820.0,1000000.0,412.0,4.0,289.0,0.0
Healing Vision(X-Special),290.0,CSP,2.89,1219.0,1355.0,1506.0,1506.0,14.0,942650.0,1000000.0,1839.0,2.0,502.0,40.0
初音ミクの消失,760.0,CSP,2.89,1803.0,2000.0,2223.0,2223.0,15.0,945997.0,1000000.0,2368.0,1.0,741.0,12.0
HANIPAGANDA,1229.0,DDP,2.89,1121.0,1179.0,1307.0,1311.0,12.0,967331.0,999960.0,74.0,0.0,437.0,36.0
stoic (EXTREME version),131.0,EDP,2.89,815.0,899.0,999.0,999.0,12.0,951509.0,1000000.0,503.0,2.0,333.0,0.0
天ノ弱,725.0,BDP,2.89,485.0,553.0,615.0,615.0,7.0,935164.0,1000000.0,469.0,9.0,205.0,6.0
Racing with Time (NAOKI's 999 remix),1190.0,EDP,2.89,1208.0,1279.0,1419.0,1422.0,15.0,966970.0,999970.0,166.0,0.0,474.0,11.0
恋の氷結おてんば湯けむりチルノ温泉,1144.0,DSP,2.89,992.0,1085.0,1206.0,1206.0,12.0,953299.0,1000000.0,494.0,1.0,402.0,11.0
Glitter Flatter Scatter,1092.0,DSP,2.89,1316.0,1449.0,1611.0,1611.0,14.0,950183.0,1000000.0,795.0,1.0,537.0,8.0
EMOTiON TRiPPER,1221.0,EDP,2.88,1351.0,1444.0,1603.0,1605.0,14.0,962377.0,999980.0,224.0,0.0,535.0,19.0
GUILTY DIAMONDS,930.0,EDP,2.88,1263.0,1368.0,1520.0,1521.0,14.0,955371.0,999990.0,604.0,0.0,507.0,32.0
Amalgamation,429.0,DDP,2.88,809.0,901.0,1002.0,1002.0,10.0,944580.0,1000000.0,516.0,3.0,334.0,13.0
I-W-U (I Want U),1208.0,ESP,2.87,1795.0,2019.0,2244.0,2244.0,17.0,935395.0,1000000.0,843.0,2.0,748.0,65.0
BRILLIANT 2U(Orchestra Groove),5.0,CDP,2.87,774.0,874.0,972.0,972.0,12.0,940702.0,1000000.0,558.0,5.0,324.0,0.0
チルノのパーフェクトさんすう教室 (EDM REMIX),676.0,DSP,2.86,741.0,826.0,918.0,918.0,10.0,945602.0,1000000.0,796.0,4.0,306.0,6.0
デッドボヲルdeホームラン,576.0,DDP,2.86,630.0,715.0,795.0,795.0,8.0,931294.0,1000000.0,315.0,6.0,265.0,29.0
灼熱 Pt.2 Long Train Running,1025.0,ESP,2.86,1781.0,1973.0,2193.0,2193.0,16.0,944931.0,1000000.0,1426.0,1.0,731.0,35.0
Dance Celebration,282.0,EDP,2.85,758.0,823.0,915.0,915.0,11.0,956750.0,1000000.0,305.0,1.0,305.0,7.0
Sakura Mirage,664.0,DDP,2.85,851.0,939.0,1044.0,1044.0,11.0,947363.0,1000000.0,415.0,2.0,348.0,22.0
"Blind Justice ～Torn souls, Hurt Faiths ～",230.0,EDP,2.85,871.0,969.0,1077.0,1077.0,12.0,944964.0,1000000.0,763.0,3.0,359.0,17.0
Another Phase,526.0,ESP,2.85,1381.0,1560.0,1734.0,1734.0,15.0,938853.0,1000000.0,2397.0,4.0,578.0,5.0
MANA,1099.0,ESP,2.85,1499.0,1692.0,1881.0,1881.0,15.0,937122.0,1000000.0,1100.0,3.0,627.0,25.0
PARANOiA MAX～DIRTY MIX～,10.0,BDP,2.85,666.0,739.0,822.0,822.0,10.0,948673.0,1000000.0,328.0,3.0,274.0,0.0
Right on time (Ryu☆Remix),554.0,CSP,2.85,679.0,772.0,858.0,858.0,13.0,921015.0,1000000.0,1732.0,11.0,286.0,69.0
PARANOiA Revolution,479.0,DSP,2.85,1249.0,1406.0,1563.0,1563.0,14.0,939942.0,1000000.0,2548.0,4.0,521.0,11.0
Mermaid girl,431.0,CDP,2.85,857.0,953.0,1059.0,1059.0,12.0,942808.0,1000000.0,587.0,3.0,353.0,30.0
nightbird lost wing,494.0,DDP,2.85,842.0,950.0,1056.0,1056.0,10.0,936861.0,1000000.0,293.0,4.0,352.0,25.0
MAX LOVE,367.0,CDP,2.84,1360.0,1441.0,1599.0,1602.0,13.0,966770.0,999970.0,608.0,0.0,534.0,5.0
TIERRA BUENA,207.0,EDP,2.84,587.0,648.0,720.0,720.0,11.0,951525.0,1000000.0,332.0,3.0,240.0,1.0
1998 (Sparky 2006),1050.0,EDP,2.84,1162.0,1255.0,1394.0,1395.0,14.0,958638.0,999990.0,316.0,0.0,465.0,13.0
Find The Way,506.0,DDP,2.84,757.0,850.0,945.0,945.0,10.0,940879.0,1000000.0,323.0,4.0,315.0,13.0
CENTAUR,154.0,DDP,2.84,533.0,583.0,648.0,648.0,9.0,954380.0,1000000.0,146.0,2.0,216.0,5.0
Another Phase,526.0,DDP,2.84,827.0,918.0,1020.0,1020.0,11.0,947379.0,1000000.0,632.0,3.0,340.0,7.0
MAX 300,65.0,BSP,2.84,635.0,718.0,798.0,798.0,9.0,939756.0,1000000.0,841.0,8.0,266.0,2.0
AWAKE,652.0,CSP,2.84,1560.0,1768.0,1965.0,1965.0,16.0,934433.0,1000000.0,2272.0,4.0,655.0,33.0
Rejoin,807.0,DDP,2.84,908.0,1012.0,1125.0,1125.0,11.0,941381.0,1000000.0,544.0,3.0,375.0,32.0
Healing Vision,56.0,DDP,2.84,655.0,742.0,825.0,825.0,8.0,939323.0,1000000.0,221.0,5.0,275.0,0.0
ありふれたせかいせいふく,822.0,EDP,2.84,1037.0,1117.0,1241.0,1242.0,14.0,959915.0,999990.0,764.0,0.0,414.0,9.0
BREDLI,1148.0,ESP,2.84,1652.0,1825.0,2028.0,2028.0,16.0,945371.0,1000000.0,1039.0,1.0,676.0,49.0
Destination,638.0,BDP,2.84,667.0,745.0,828.0,828.0,9.0,941842.0,1000000.0,357.0,4.0,276.0,21.0
TWINKLE&#9825;HEART,455.0,CDP,2.84,742.0,855.0,951.0,951.0,11.0,910238.0,1000000.0,572.0,9.0,317.0,88.0
Adularia,611.0,DDP,2.84,699.0,788.0,876.0,876.0,9.0,939311.0,1000000.0,384.0,5.0,292.0,13.0
三毛猫ロック,142.0,ESP,2.84,797.0,866.0,963.0,963.0,12.0,956033.0,1000000.0,1565.0,1.0,321.0,9.0
Crazy Control,344.0,CDP,2.83,681.0,737.0,819.0,819.0,12.0,959610.0,1000000.0,367.0,1.0,273.0,0.0
SOUL CRASH,259.0,EDP,2.83,945.0,1031.0,1146.0,1146.0,12.0,954772.0,1000000.0,378.0,1.0,382.0,9.0
&dagger;渚の小悪魔ラヴリィ～レイディオ&dagger;,557.0,CDP,2.83,786.0,877.0,975.0,975.0,9.0,926417.0,1000000.0,814.0,4.0,325.0,97.0
DoLL,157.0,EDP,2.83,1003.0,1109.0,1233.0,1233.0,12.0,944631.0,1000000.0,674.0,2.0,411.0,37.0
この子の七つのお祝いに,217.0,DSP,2.83,777.0,874.0,972.0,972.0,10.0,940750.0,1000000.0,635.0,5.0,324.0,8.0
ｍｅｍｏｒｙ／／ＤＡＴＡＭＯＳＨＥＲ,1224.0,BSP,2.82,751.0,815.0,906.0,906.0,9.0,957796.0,1000000.0,678.0,1.0,302.0,4.0
She is my wife,386.0,DDP,2.82,499.0,569.0,633.0,633.0,7.0,930049.0,1000000.0,231.0,7.0,211.0,22.0
HEART BEAT FORMULA (Vinyl Mix),645.0,DDP,2.82,758.0,834.0,927.0,927.0,11.0,948178.0,1000000.0,267.0,2.0,309.0,25.0
ZEPHYRANTHES,741.0,DDP,2.82,1089.0,1217.0,1353.0,1353.0,11.0,941870.0,1000000.0,942.0,3.0,451.0,25.0
SEDUCTION(Vocal Remix),202.0,EDP,2.82,898.0,1001.0,1113.0,1113.0,12.0,945932.0,1000000.0,437.0,3.0,371.0,1.0
stomp to my beat,475.0,EDP,2.82,503.0,542.0,603.0,603.0,9.0,961560.0,1000000.0,78.0,1.0,201.0,0.0
PRANA＋REVOLUTIONARY ADDICT (U1 DJ Mix),646.0,DSP,2.82,1216.0,1333.0,1482.0,1482.0,13.0,952519.0,1000000.0,1277.0,1.0,494.0,5.0
Silent Hill,24.0,EDP,2.81,648.0,723.0,804.0,804.0,11.0,946035.0,1000000.0,731.0,5.0,268.0,0.0
FLOWER,457.0,CSP,2.81,1491.0,1660.0,1845.0,1845.0,15.0,944025.0,1000000.0,2449.0,2.0,615.0,20.0
Wow Wow VENUS,563.0,EDP,2.81,924.0,1020.0,1134.0,1134.0,12.0,947776.0,1000000.0,472.0,2.0,378.0,20.0
Monkey Business,525.0,ESP,2.81,1113.0,1247.0,1386.0,1386.0,13.0,941805.0,1000000.0,2364.0,4.0,462.0,17.0
CRAZY&hearts;LOVE,427.0,DDP,2.81,1111.0,1244.0,1383.0,1383.0,12.0,936226.0,1000000.0,560.0,3.0,461.0,58.0
回レ！雪月花,566.0,EDP,2.81,758.0,839.0,933.0,933.0,12.0,948587.0,1000000.0,770.0,3.0,311.0,7.0
SILVER☆DREAM,458.0,DDP,2.81,879.0,969.0,1077.0,1077.0,12.0,947955.0,1000000.0,501.0,2.0,359.0,25.0
ノルエピネフリン,953.0,ESP,2.81,1448.0,1593.0,1770.0,1770.0,14.0,949154.0,1000000.0,1394.0,1.0,590.0,28.0
Get On Da Floor,840.0,EDP,2.8,814.0,885.0,984.0,984.0,11.0,955001.0,1000000.0,513.0,1.0,328.0,18.0
POSSESSION (20th Anniversary Mix),813.0,BSP,2.8,1022.0,1152.0,1281.0,1281.0,11.0,939454.0,1000000.0,1360.0,5.0,427.0,11.0
DREAMING-ING!!,764.0,EDP,2.8,946.0,1053.0,1170.0,1170.0,12.0,946709.0,1000000.0,647.0,3.0,390.0,4.0
voltississimo,893.0,BSP,2.8,831.0,931.0,1035.0,1035.0,9.0,939772.0,1000000.0,497.0,4.0,345.0,27.0
The Night Away (MK Remix),682.0,EDP,2.8,963.0,1063.0,1182.0,1182.0,12.0,947695.0,1000000.0,641.0,2.0,394.0,20.0
Theory of Eternity,393.0,CDP,2.8,792.0,901.0,1002.0,1002.0,11.0,925424.0,1000000.0,416.0,6.0,334.0,59.0
starmine,618.0,DDP,2.8,873.0,963.0,1071.0,1071.0,11.0,946773.0,1000000.0,367.0,2.0,357.0,27.0
Feelings Won't Fade(Extend Trance Mix),240.0,EDP,2.8,999.0,1090.0,1212.0,1212.0,12.0,954383.0,1000000.0,440.0,1.0,404.0,9.0
Let's DANCE aROUND!!,1066.0,DDP,2.79,874.0,950.0,1056.0,1056.0,11.0,946799.0,1000000.0,226.0,1.0,352.0,69.0
BUTTERFLY (20th Anniversary Mix),869.0,EDP,2.79,1217.0,1333.0,1482.0,1482.0,12.0,950714.0,1000000.0,720.0,1.0,494.0,26.0
シュレーディンガーの猫,817.0,ESP,2.79,1464.0,1611.0,1791.0,1791.0,15.0,950310.0,1000000.0,2126.0,1.0,597.0,10.0
INSERTiON,57.0,ESP,2.79,905.0,1009.0,1122.0,1122.0,13.0,946114.0,1000000.0,1540.0,4.0,374.0,0.0
倉野川音頭,718.0,DDP,2.79,543.0,602.0,669.0,669.0,8.0,948052.0,1000000.0,325.0,4.0,223.0,8.0
Flow (Jammin' Ragga Mix),242.0,ESP,2.79,815.0,901.0,1002.0,1002.0,13.0,945821.0,1000000.0,1211.0,3.0,334.0,25.0
Helios,841.0,DDP,2.78,1036.0,1147.0,1275.0,1275.0,12.0,947089.0,1000000.0,375.0,2.0,425.0,18.0
New Decade,369.0,DSP,2.78,1056.0,1185.0,1317.0,1317.0,14.0,936929.0,1000000.0,2269.0,5.0,439.0,45.0
BREDLI,1148.0,EDP,2.77,1399.0,1536.0,1707.0,1707.0,16.0,948392.0,1000000.0,350.0,1.0,569.0,43.0
Step This Way,1027.0,ESP,2.77,1489.0,1638.0,1821.0,1821.0,16.0,950589.0,1000000.0,1091.0,1.0,607.0,7.0
Deep tenDon Reflex,1063.0,ESP,2.77,1437.0,1579.0,1755.0,1755.0,15.0,947874.0,1000000.0,1298.0,1.0,585.0,45.0
neko＊neko,670.0,DDP,2.77,686.0,766.0,852.0,852.0,9.0,943393.0,1000000.0,311.0,4.0,284.0,11.0
Votum stellarum -forest #25 DDR RMX-,273.0,EDP,2.77,777.0,842.0,936.0,936.0,12.0,958727.0,1000000.0,410.0,1.0,312.0,0.0
ORION.78(AMeuro-MIX),42.0,EDP,2.77,633.0,704.0,783.0,783.0,9.0,947778.0,1000000.0,393.0,4.0,261.0,0.0
MANA,1099.0,DSP,2.77,1096.0,1233.0,1371.0,1371.0,11.0,938480.0,1000000.0,732.0,4.0,457.0,24.0
Right Time Right Way,861.0,DDP,2.77,955.0,1055.0,1173.0,1173.0,12.0,947525.0,1000000.0,352.0,2.0,391.0,21.0
Empathetic,534.0,DDP,2.77,1043.0,1155.0,1284.0,1284.0,11.0,947482.0,1000000.0,257.0,2.0,428.0,11.0
I Want To Do This Keep,949.0,DDP,2.77,933.0,1015.0,1128.0,1128.0,12.0,955330.0,1000000.0,472.0,1.0,376.0,14.0
ALL MY HEART -この恋に、わたしの全てを賭ける-,694.0,EDP,2.76,971.0,1071.0,1191.0,1191.0,13.0,950128.0,1000000.0,729.0,2.0,397.0,6.0
KIMONO&hearts;PRINCESS,361.0,ESP,2.76,1310.0,1471.0,1635.0,1635.0,15.0,938712.0,1000000.0,2498.0,4.0,545.0,35.0
KISS KISS KISS,120.0,EDP,2.76,861.0,947.0,1053.0,1053.0,12.0,949271.0,1000000.0,429.0,2.0,351.0,19.0
MAXX UNLIMITED,84.0,BSP,2.76,659.0,731.0,813.0,813.0,10.0,938323.0,1000000.0,641.0,4.0,271.0,49.0
GIRIGILI門前雀羅,245.0,EDP,2.76,874.0,950.0,1056.0,1056.0,12.0,957194.0,1000000.0,430.0,1.0,352.0,4.0
Illegal Function Call,731.0,DSP,2.76,1193.0,1304.0,1449.0,1449.0,13.0,954014.0,1000000.0,1474.0,1.0,483.0,6.0
S・A・G・A,309.0,EDP,2.75,869.0,966.0,1074.0,1074.0,13.0,946926.0,1000000.0,414.0,3.0,358.0,5.0
Blue Rain,279.0,EDP,2.75,786.0,869.0,966.0,966.0,11.0,947826.0,1000000.0,647.0,3.0,322.0,15.0
ever snow,419.0,EDP,2.75,930.0,1023.0,1137.0,1137.0,11.0,950992.0,1000000.0,623.0,2.0,379.0,8.0
Destiny lovers,109.0,EDP,2.75,784.0,850.0,945.0,945.0,12.0,956863.0,1000000.0,471.0,1.0,315.0,13.0
HyperTwist,938.0,DDP,2.75,956.0,1063.0,1182.0,1182.0,12.0,945796.0,1000000.0,699.0,3.0,394.0,12.0
Neutrino,752.0,BSP,2.75,509.0,569.0,633.0,633.0,9.0,942264.0,1000000.0,876.0,8.0,211.0,11.0
いーあるふぁんくらぶ,784.0,EDP,2.74,894.0,990.0,1101.0,1101.0,12.0,941713.0,1000000.0,963.0,3.0,367.0,47.0
初音ミクの消失,760.0,BDP,2.74,935.0,1063.0,1182.0,1182.0,10.0,935336.0,1000000.0,527.0,6.0,394.0,12.0
A Geisha's Dream,276.0,EDP,2.74,860.0,963.0,1071.0,1071.0,11.0,941348.0,1000000.0,946.0,5.0,357.0,16.0
ZETA～素数の世界と超越者～,401.0,DDP,2.73,877.0,988.0,1098.0,1098.0,9.0,939556.0,1000000.0,218.0,4.0,366.0,13.0
ECSTASY (midnight blue mix),80.0,CDP,2.73,613.0,661.0,735.0,735.0,11.0,958254.0,1000000.0,337.0,1.0,245.0,16.0
La Se&ntilde;orita Virtual,21.0,EDP,2.73,871.0,966.0,1074.0,1074.0,12.0,948844.0,1000000.0,575.0,3.0,358.0,0.0
MAKE A JAM!,719.0,EDP,2.73,721.0,799.0,888.0,888.0,11.0,949497.0,1000000.0,765.0,4.0,296.0,0.0
女々しくて,409.0,ESP,2.73,749.0,810.0,900.0,900.0,11.0,958684.0,1000000.0,260.0,1.0,300.0,9.0
London EVOLVED ver.C,470.0,DSP,2.72,953.0,1066.0,1185.0,1185.0,11.0,944319.0,1000000.0,672.0,4.0,395.0,4.0
TYPH&Oslash;N,1041.0,DSP,2.72,1381.0,1514.0,1683.0,1683.0,14.0,951904.0,1000000.0,1096.0,1.0,561.0,13.0
CHAOS Terror-Tech Mix,814.0,BSP,2.72,610.0,693.0,771.0,771.0,8.0,933220.0,1000000.0,946.0,11.0,257.0,19.0
TWINKLE&#9825;HEART,455.0,EDP,2.72,915.0,1023.0,1137.0,1137.0,11.0,941824.0,1000000.0,564.0,4.0,379.0,23.0
この子の七つのお祝いに,217.0,ESP,2.72,1143.0,1247.0,1386.0,1386.0,14.0,955032.0,1000000.0,2090.0,1.0,462.0,4.0
繚乱ヒットチャート,453.0,DDP,2.72,731.0,818.0,909.0,909.0,8.0,940795.0,1000000.0,219.0,4.0,303.0,23.0
ちくわパフェだよ☆ＣＫＰ,561.0,BDP,2.72,534.0,604.0,672.0,672.0,7.0,937545.0,1000000.0,292.0,7.0,224.0,10.0
Blew My Mind,560.0,BDP,2.71,752.0,839.0,933.0,933.0,9.0,942619.0,1000000.0,351.0,4.0,311.0,19.0
Samurai Shogun vs. Master Ninja,636.0,ESP,2.71,1446.0,1603.0,1782.0,1782.0,14.0,945759.0,1000000.0,2024.0,2.0,594.0,22.0
Children of the Beat,514.0,EDP,2.71,905.0,1004.0,1116.0,1116.0,10.0,945554.0,1000000.0,496.0,3.0,372.0,21.0
Evans,994.0,DSP,2.71,1217.0,1344.0,1494.0,1494.0,14.0,949082.0,1000000.0,1442.0,2.0,498.0,8.0
御千手メディテーション,607.0,DDP,2.71,990.0,1077.0,1197.0,1197.0,12.0,954643.0,1000000.0,469.0,1.0,399.0,21.0
激アツ☆マジヤバ☆チアガール,671.0,EDP,2.71,936.0,1042.0,1158.0,1158.0,12.0,946408.0,1000000.0,1002.0,4.0,386.0,3.0
Healing-D-Vision,169.0,BSP,2.71,692.0,769.0,855.0,855.0,9.0,944625.0,1000000.0,399.0,4.0,285.0,18.0
Tohoku EVOLVED,471.0,BSP,2.71,826.0,923.0,1026.0,1026.0,10.0,944909.0,1000000.0,806.0,5.0,342.0,2.0
量子の海のリントヴルム,1090.0,BDP,2.7,716.0,785.0,873.0,873.0,9.0,949978.0,1000000.0,211.0,2.0,291.0,23.0
ようこそジャパリパークへ,768.0,CDP,2.7,530.0,602.0,669.0,669.0,13.0,936692.0,1000000.0,1016.0,14.0,223.0,6.0
朧 (dj TAKA Remix),793.0,DDP,2.7,724.0,818.0,909.0,909.0,9.0,937131.0,1000000.0,537.0,7.0,303.0,19.0
DANCERUSH STARDOM ANTHEM,942.0,EDP,2.7,883.0,958.0,1065.0,1065.0,11.0,956662.0,1000000.0,474.0,1.0,355.0,12.0
We're so Happy,991.0,ESP,2.7,1709.0,1903.0,2115.0,2115.0,16.0,944989.0,1000000.0,1495.0,2.0,705.0,7.0
鋳鉄の檻,1014.0,EDP,2.7,1220.0,1333.0,1482.0,1482.0,14.0,953020.0,1000000.0,504.0,1.0,494.0,17.0
Back In Your Arms,507.0,EDP,2.7,765.0,837.0,930.0,930.0,10.0,953458.0,1000000.0,386.0,2.0,310.0,10.0
Programmed Universe,407.0,ESP,2.7,905.0,999.0,1110.0,1110.0,12.0,949411.0,1000000.0,1334.0,3.0,370.0,12.0
Poseidon(kors k mix),374.0,EDP,2.69,942.0,1034.0,1149.0,1149.0,13.0,951745.0,1000000.0,626.0,2.0,383.0,10.0
Wake Me Up,716.0,DSP,2.69,685.0,774.0,861.0,861.0,9.0,939642.0,1000000.0,475.0,7.0,287.0,2.0
aftershock!!,339.0,EDP,2.69,1092.0,1190.0,1323.0,1323.0,13.0,954545.0,1000000.0,541.0,1.0,441.0,14.0
Wolf's Rain,1062.0,EDP,2.69,1054.0,1147.0,1275.0,1275.0,14.0,956160.0,1000000.0,413.0,1.0,425.0,4.0
SUPER SUMMER SALE,808.0,DDP,2.69,1100.0,1225.0,1362.0,1362.0,12.0,944983.0,1000000.0,619.0,3.0,454.0,12.0
女言葉の消失,651.0,EDP,2.69,1050.0,1142.0,1269.0,1269.0,12.0,955423.0,1000000.0,630.0,1.0,423.0,14.0
ユメブキ,1024.0,ESP,2.69,1355.0,1482.0,1647.0,1647.0,15.0,953699.0,1000000.0,1309.0,1.0,549.0,4.0
INNOCENCE OF SILENCE,172.0,ESP,2.68,749.0,823.0,915.0,915.0,12.0,951439.0,1000000.0,1196.0,3.0,305.0,9.0
Xepher,214.0,DSP,2.68,814.0,931.0,1035.0,1035.0,10.0,933121.0,1000000.0,818.0,10.0,345.0,9.0
Neutrino,752.0,BDP,2.68,508.0,561.0,624.0,624.0,9.0,947621.0,1000000.0,530.0,5.0,208.0,12.0
IN BETWEEN,789.0,DDP,2.68,851.0,945.0,1050.0,1050.0,12.0,942685.0,1000000.0,783.0,4.0,350.0,35.0
First Time,820.0,DSP,2.68,753.0,839.0,933.0,933.0,11.0,945513.0,1000000.0,869.0,5.0,311.0,8.0
A Geisha's Dream,276.0,DDP,2.68,605.0,675.0,750.0,750.0,9.0,944804.0,1000000.0,543.0,6.0,250.0,10.0
DROP OUT,34.0,BSP,2.68,475.0,540.0,600.0,600.0,8.0,937960.0,1000000.0,332.0,10.0,200.0,0.0
HEART BEAT FORMULA,448.0,DDP,2.68,872.0,958.0,1065.0,1065.0,10.0,952205.0,1000000.0,296.0,2.0,355.0,5.0
SPECIAL SUMMER CAMPAIGN!,617.0,ESP,2.68,1315.0,1452.0,1614.0,1614.0,15.0,947366.0,1000000.0,2082.0,2.0,538.0,25.0
スーパー戦湯ババンバーン,1021.0,DDP,2.67,1054.0,1147.0,1275.0,1275.0,11.0,952650.0,1000000.0,288.0,1.0,425.0,36.0
STULTI,529.0,BDP,2.67,618.0,688.0,765.0,765.0,9.0,942475.0,1000000.0,204.0,4.0,255.0,23.0
Truare!,633.0,DSP,2.67,935.0,1034.0,1149.0,1149.0,11.0,949157.0,1000000.0,670.0,3.0,383.0,5.0
B4U (The Acolyte mix),1047.0,EDP,2.67,868.0,928.0,1031.0,1032.0,13.0,962119.0,999990.0,215.0,0.0,344.0,17.0
Pluto Relinquish,253.0,begSP,2.67,111.0,126.0,141.0,141.0,5.0,935336.0,1000000.0,443.0,29.0,47.0,0.0
ABSOLUTE,48.0,DSP,2.67,605.0,680.0,756.0,756.0,8.0,943384.0,1000000.0,465.0,7.0,252.0,0.0
TSUGARU,93.0,DSP,2.67,587.0,648.0,720.0,720.0,9.0,949768.0,1000000.0,357.0,4.0,240.0,8.0
Adularia,611.0,EDP,2.67,985.0,1082.0,1203.0,1203.0,13.0,951289.0,1000000.0,835.0,2.0,401.0,11.0
&Omega;VERSOUL,918.0,DDP,2.66,992.0,1077.0,1197.0,1197.0,12.0,956211.0,1000000.0,432.0,1.0,399.0,13.0
Give Me,868.0,ESP,2.66,1390.0,1536.0,1707.0,1707.0,15.0,948983.0,1000000.0,1763.0,2.0,569.0,4.0
ベビーステップ,849.0,EDP,2.66,1111.0,1209.0,1344.0,1344.0,12.0,953223.0,1000000.0,525.0,1.0,448.0,29.0
SMASH,1201.0,DDP,2.66,1075.0,1169.0,1299.0,1299.0,12.0,955148.0,1000000.0,104.0,1.0,433.0,18.0
DXY!,53.0,EDP,2.66,811.0,901.0,1002.0,1002.0,12.0,947813.0,1000000.0,602.0,4.0,334.0,0.0
M.A.Y.U.,650.0,DDP,2.66,597.0,669.0,744.0,744.0,8.0,943302.0,1000000.0,193.0,5.0,248.0,3.0
Dance Partay,622.0,CDP,2.65,746.0,815.0,906.0,906.0,12.0,952179.0,1000000.0,371.0,2.0,302.0,20.0
The legend of MAX,135.0,BDP,2.65,592.0,661.0,735.0,735.0,8.0,945525.0,1000000.0,256.0,5.0,245.0,3.0
HYENA,570.0,DDP,2.65,830.0,918.0,1020.0,1020.0,10.0,947220.0,1000000.0,324.0,3.0,340.0,20.0
Anti-Matter,341.0,DSP,2.64,1190.0,1309.0,1455.0,1455.0,14.0,947316.0,1000000.0,2274.0,2.0,485.0,41.0
倉野川音頭,718.0,DSP,2.64,540.0,602.0,669.0,669.0,7.0,945411.0,1000000.0,515.0,7.0,223.0,6.0
怒れる大きな白い馬,223.0,ESP,2.64,864.0,950.0,1056.0,1056.0,11.0,951678.0,1000000.0,1498.0,3.0,352.0,5.0
Midnight Amaretto,944.0,ESP,2.64,1090.0,1185.0,1317.0,1317.0,14.0,955523.0,1000000.0,1588.0,1.0,439.0,15.0
ライアーダンス,856.0,ESP,2.64,1110.0,1220.0,1356.0,1356.0,13.0,950120.0,1000000.0,1494.0,2.0,452.0,21.0
三毛猫ロック,142.0,DSP,2.64,546.0,610.0,678.0,678.0,8.0,945283.0,1000000.0,310.0,6.0,226.0,4.0
Determination,744.0,DSP,2.63,625.0,699.0,777.0,777.0,8.0,936539.0,1000000.0,394.0,6.0,259.0,38.0
London EVOLVED ver.A,468.0,BSP,2.63,592.0,666.0,741.0,741.0,8.0,940198.0,1000000.0,260.0,6.0,247.0,10.0
Death by Glamour,1212.0,DDP,2.63,1142.0,1277.0,1419.0,1419.0,11.0,929950.0,1000000.0,211.0,3.0,473.0,109.0
Get Your Wish,1108.0,ESP,2.63,999.0,1112.0,1236.0,1236.0,14.0,945489.0,1000000.0,921.0,4.0,412.0,11.0
IF YOU WERE HERE (L.E.D.-G STYLE REMIX),358.0,DDP,2.63,918.0,982.0,1091.0,1092.0,11.0,963021.0,999990.0,90.0,0.0,364.0,9.0
Straight Oath,501.0,ESP,2.63,1146.0,1269.0,1410.0,1410.0,13.0,948002.0,1000000.0,1384.0,3.0,470.0,10.0
Chronos (walk with you remix),794.0,DDP,2.63,956.0,1058.0,1176.0,1176.0,10.0,948035.0,1000000.0,498.0,3.0,392.0,10.0
STILL IN MY HEART(MOMO MIX),90.0,CDP,2.63,885.0,969.0,1077.0,1077.0,12.0,954175.0,1000000.0,530.0,2.0,359.0,2.0
melody H4CKER,1260.0,ESP,2.63,1466.0,1560.0,1732.0,1734.0,15.0,965015.0,999980.0,204.0,0.0,578.0,5.0
Diamond Dust,408.0,EDP,2.62,687.0,758.0,843.0,843.0,11.0,945874.0,1000000.0,648.0,4.0,281.0,26.0
Over The &ldquo;Period&rdquo;,648.0,begSP,2.62,649.0,734.0,816.0,816.0,8.0,930590.0,1000000.0,934.0,11.0,272.0,40.0
Dream Machine,287.0,EDP,2.62,805.0,880.0,978.0,978.0,11.0,954357.0,1000000.0,308.0,2.0,326.0,5.0
TRIP MACHINE,2.0,DDP,2.62,521.0,580.0,645.0,645.0,10.0,947863.0,1000000.0,381.0,6.0,215.0,0.0
ACE FOR ACES,757.0,BDP,2.62,767.0,901.0,1002.0,1002.0,7.0,917539.0,1000000.0,682.0,17.0,334.0,21.0
Anthurium,1054.0,EDP,2.62,993.0,1077.0,1197.0,1197.0,13.0,957448.0,1000000.0,468.0,1.0,399.0,8.0
POSSESSION(EDP Live Mix),634.0,BDP,2.61,806.0,888.0,987.0,987.0,9.0,943271.0,1000000.0,484.0,3.0,329.0,51.0
Hyper Bomb,937.0,DDP,2.61,810.0,893.0,993.0,993.0,11.0,947940.0,1000000.0,424.0,3.0,331.0,20.0
Phlox,1168.0,ESP,2.61,1451.0,1563.0,1736.0,1737.0,15.0,958619.0,999990.0,815.0,0.0,579.0,23.0
ANNIVERSARY &there4;∵&there4; &larr;&darr;&uarr;&rarr;,818.0,ESP,2.61,1651.0,1809.0,2010.0,2010.0,16.0,951834.0,1000000.0,2083.0,1.0,670.0,16.0
ECSTASY,54.0,EDP,2.61,727.0,799.0,888.0,888.0,11.0,953206.0,1000000.0,446.0,3.0,296.0,0.0
黒髪乱れし修羅となりて～凛 edition～,701.0,DDP,2.6,905.0,1017.0,1131.0,1131.0,10.0,940719.0,1000000.0,757.0,6.0,377.0,13.0
"Acid,Tribal &amp; Dance (DDR EDITION)",1122.0,DSP,2.6,746.0,820.0,912.0,912.0,11.0,951824.0,1000000.0,546.0,3.0,304.0,5.0
SMASH,1201.0,ESP,2.6,1714.0,1879.0,2088.0,2088.0,17.0,950548.0,1000000.0,560.0,1.0,696.0,28.0
little steps,1160.0,EDP,2.6,1241.0,1301.0,1442.0,1446.0,15.0,970525.0,999960.0,245.0,0.0,482.0,16.0
雫,454.0,DDP,2.6,773.0,855.0,951.0,951.0,9.0,946543.0,1000000.0,199.0,3.0,317.0,18.0
Beautiful Dream,500.0,EDP,2.6,996.0,1107.0,1230.0,1230.0,12.0,944673.0,1000000.0,881.0,4.0,410.0,24.0
bag,104.0,ESP,2.6,915.0,1031.0,1146.0,1146.0,13.0,941604.0,1000000.0,1925.0,9.0,382.0,0.0
Seasons,425.0,EDP,2.6,954.0,1047.0,1164.0,1164.0,12.0,947926.0,1000000.0,335.0,2.0,388.0,39.0
創世ノート,532.0,ESP,2.6,1258.0,1395.0,1551.0,1551.0,13.0,944364.0,1000000.0,1703.0,3.0,517.0,35.0
Wings of an Angel (Fly With Me),445.0,EDP,2.6,883.0,955.0,1062.0,1062.0,11.0,957731.0,1000000.0,385.0,1.0,354.0,12.0
JET WORLD,119.0,DDP,2.6,562.0,623.0,693.0,693.0,8.0,947673.0,1000000.0,161.0,4.0,231.0,5.0
バンブーソード・ガール,597.0,DSP,2.6,1015.0,1139.0,1266.0,1266.0,11.0,941182.0,1000000.0,1159.0,6.0,422.0,16.0
In the past,939.0,DDP,2.6,967.0,1071.0,1191.0,1191.0,12.0,946745.0,1000000.0,433.0,3.0,397.0,17.0
Qipch&#x101;q,492.0,EDP,2.6,808.0,872.0,969.0,969.0,11.0,958540.0,1000000.0,330.0,1.0,323.0,16.0
放課後ストライド,703.0,ESP,2.6,1519.0,1690.0,1878.0,1878.0,15.0,945541.0,1000000.0,2163.0,3.0,626.0,9.0
サヨナラ・ヘヴン,1103.0,EDP,2.59,1198.0,1255.0,1391.0,1395.0,13.0,971227.0,999960.0,390.0,0.0,465.0,10.0
SABER WING (satellite silhouette remix),588.0,DDP,2.59,576.0,637.0,708.0,708.0,8.0,947585.0,1000000.0,201.0,4.0,236.0,13.0
BLSTR,864.0,ESP,2.59,1539.0,1682.0,1869.0,1869.0,16.0,951241.0,1000000.0,1836.0,1.0,623.0,36.0
鋳鉄の檻,1014.0,DDP,2.59,894.0,1004.0,1116.0,1116.0,10.0,940018.0,1000000.0,362.0,5.0,372.0,20.0
Grip &amp; Break down !!,680.0,DSP,2.59,828.0,958.0,1065.0,1065.0,9.0,928254.0,1000000.0,900.0,15.0,355.0,4.0
Second Heaven,385.0,DSP,2.59,620.0,710.0,789.0,789.0,9.0,932277.0,1000000.0,585.0,13.0,263.0,10.0
朧,691.0,DDP,2.59,786.0,882.0,981.0,981.0,10.0,936157.0,1000000.0,1171.0,8.0,327.0,38.0
なだめスかし Negotiation,979.0,CSP,2.58,1116.0,1212.0,1347.0,1347.0,16.0,956269.0,1000000.0,1015.0,1.0,449.0,13.0
printemps,565.0,DDP,2.58,671.0,742.0,825.0,825.0,10.0,948586.0,1000000.0,304.0,4.0,275.0,7.0
KING,1101.0,DDP,2.58,1151.0,1250.0,1389.0,1389.0,13.0,956782.0,1000000.0,512.0,1.0,463.0,7.0
Electronic Sports Complex,1223.0,DDP,2.58,1174.0,1225.0,1357.0,1362.0,14.0,972120.0,999950.0,313.0,0.0,454.0,17.0
TRIP MACHINE～luv mix～,26.0,BDP,2.58,505.0,564.0,627.0,627.0,9.0,946200.0,1000000.0,220.0,6.0,209.0,0.0
I'm so Happy,359.0,DSP,2.58,663.0,761.0,846.0,846.0,8.0,930725.0,1000000.0,812.0,15.0,282.0,11.0
ハッピーシンセサイザ,704.0,DDP,2.58,550.0,610.0,678.0,678.0,9.0,948042.0,1000000.0,697.0,7.0,226.0,5.0
Dance Celebration,282.0,CDP,2.58,768.0,828.0,921.0,921.0,12.0,955761.0,1000000.0,300.0,1.0,307.0,32.0
滅亡天使 &dagger; にこきゅっぴん,643.0,DSP,2.58,738.0,837.0,930.0,930.0,9.0,936911.0,1000000.0,543.0,9.0,310.0,12.0
BE LOVIN,105.0,EDP,2.57,729.0,799.0,888.0,888.0,12.0,953382.0,1000000.0,564.0,3.0,296.0,5.0
晴天Bon Voyage,528.0,BSP,2.57,514.0,596.0,663.0,663.0,7.0,924222.0,1000000.0,259.0,12.0,221.0,14.0
You are a Star,399.0,EDP,2.57,813.0,877.0,975.0,975.0,12.0,959701.0,1000000.0,511.0,1.0,325.0,7.0
KEEP ON MOVIN' ～DMX MIX～,175.0,EDP,2.57,749.0,807.0,897.0,897.0,12.0,961302.0,1000000.0,379.0,1.0,299.0,2.0
#OurMemories,816.0,EDP,2.57,1019.0,1104.0,1227.0,1227.0,12.0,957504.0,1000000.0,533.0,1.0,409.0,11.0
Complete Game Victory,1202.0,ESP,2.57,1675.0,1833.0,2037.0,2037.0,17.0,951410.0,1000000.0,463.0,1.0,679.0,27.0
海神,630.0,ESP,2.57,1519.0,1687.0,1875.0,1875.0,16.0,944395.0,1000000.0,2489.0,3.0,625.0,29.0
"Blind Justice ～Torn souls, Hurt Faiths ～",230.0,DDP,2.56,640.0,710.0,789.0,789.0,8.0,946020.0,1000000.0,334.0,5.0,263.0,14.0
esrev:eR,586.0,EDP,2.56,933.0,1009.0,1122.0,1122.0,12.0,957717.0,1000000.0,628.0,1.0,374.0,13.0
Poochie,697.0,DSP,2.56,1062.0,1171.0,1302.0,1302.0,12.0,948063.0,1000000.0,1329.0,3.0,434.0,22.0
Such A Feeling,1162.0,EDP,2.56,890.0,928.0,1028.0,1032.0,14.0,972093.0,999960.0,179.0,0.0,344.0,20.0
ACROSS WORLD,537.0,CSP,2.56,1084.0,1201.0,1335.0,1335.0,14.0,945683.0,1000000.0,1924.0,4.0,445.0,26.0
DUAL STRIKER,1117.0,ESP,2.56,1673.0,1830.0,2034.0,2034.0,17.0,951537.0,1000000.0,1019.0,1.0,678.0,26.0
Electronic or Treat!,625.0,DSP,2.55,988.0,1069.0,1188.0,1188.0,12.0,956370.0,1000000.0,818.0,1.0,396.0,25.0
叛逆のディスパレート,960.0,EDP,2.55,1107.0,1185.0,1316.0,1317.0,13.0,961511.0,999990.0,411.0,0.0,439.0,22.0
Music In The Rhythm,249.0,EDP,2.55,944.0,1044.0,1161.0,1161.0,12.0,946560.0,1000000.0,340.0,3.0,387.0,22.0
DROP THE BOMB,17.0,EDP,2.55,729.0,807.0,897.0,897.0,10.0,949778.0,1000000.0,702.0,5.0,299.0,0.0
BURNING HEAT！（3 Option MIX）,73.0,ESP,2.55,1037.0,1123.0,1248.0,1248.0,13.0,958410.0,1000000.0,1819.0,1.0,416.0,5.0
Afterimage d'automne,894.0,ESP,2.54,1174.0,1287.0,1431.0,1431.0,14.0,950723.0,1000000.0,1716.0,2.0,477.0,22.0
AFRONOVA PRIMEVAL,50.0,DDP,2.54,792.0,896.0,996.0,996.0,9.0,940008.0,1000000.0,237.0,6.0,332.0,0.0
KIMONO&hearts;PRINCESS,361.0,BDP,2.54,576.0,666.0,741.0,741.0,8.0,922148.0,1000000.0,625.0,17.0,247.0,27.0
回レ！雪月花,566.0,CSP,2.54,897.0,1001.0,1113.0,1113.0,13.0,942734.0,1000000.0,1821.0,7.0,371.0,20.0
sync (EXTREME version),132.0,CDP,2.54,776.0,866.0,963.0,963.0,11.0,944713.0,1000000.0,368.0,5.0,321.0,8.0
SABER WING (satellite silhouette remix),588.0,DSP,2.54,635.0,704.0,783.0,783.0,9.0,947964.0,1000000.0,394.0,5.0,261.0,6.0
隅田川夏恋歌,428.0,EDP,2.54,1158.0,1279.0,1422.0,1422.0,12.0,949784.0,1000000.0,1181.0,3.0,474.0,0.0
Fleur,1057.0,ESP,2.54,1518.0,1657.0,1842.0,1842.0,16.0,953014.0,1000000.0,1030.0,1.0,614.0,21.0
39,826.0,DDP,2.54,609.0,672.0,747.0,747.0,9.0,949211.0,1000000.0,234.0,4.0,249.0,10.0
Across the nightmare,101.0,CSP,2.54,904.0,985.0,1095.0,1095.0,13.0,956339.0,1000000.0,1648.0,2.0,365.0,0.0
SigSig,450.0,EDP,2.54,1090.0,1204.0,1338.0,1338.0,12.0,947524.0,1000000.0,751.0,3.0,446.0,24.0
Pure Rude,1195.0,ESP,2.53,1736.0,1898.0,2109.0,2109.0,15.0,953309.0,1000000.0,867.0,1.0,703.0,4.0
ようこそジャパリパークへ,768.0,DDP,2.53,736.0,815.0,906.0,906.0,10.0,945374.0,1000000.0,587.0,5.0,302.0,22.0
脳漿炸裂ガール,759.0,EDP,2.52,1309.0,1439.0,1599.0,1599.0,12.0,949009.0,1000000.0,841.0,2.0,533.0,32.0
Let Me Show You,1139.0,EDP,2.52,1408.0,1512.0,1679.0,1680.0,15.0,959790.0,999990.0,368.0,0.0,560.0,27.0
Shine,387.0,EDP,2.52,548.0,610.0,678.0,678.0,9.0,947408.0,1000000.0,266.0,6.0,226.0,1.0
Scorching Moon,200.0,EDP,2.52,743.0,799.0,888.0,888.0,10.0,960229.0,1000000.0,354.0,1.0,296.0,14.0
STERLING SILVER (U1 overground mix),733.0,ESP,2.52,1266.0,1398.0,1554.0,1554.0,14.0,948993.0,1000000.0,2204.0,3.0,518.0,10.0
Programmed Universe,407.0,DDP,2.52,616.0,675.0,750.0,750.0,9.0,951987.0,1000000.0,187.0,3.0,250.0,14.0
MARIA(I believe...),180.0,EDP,2.52,733.0,788.0,876.0,876.0,12.0,960133.0,1000000.0,453.0,1.0,292.0,14.0
second spring storm,602.0,DDP,2.52,807.0,880.0,978.0,978.0,10.0,953179.0,1000000.0,245.0,2.0,326.0,21.0
e-motion,6.0,DDP,2.52,338.0,367.0,408.0,408.0,8.0,958577.0,1000000.0,212.0,4.0,136.0,0.0
Electric Dance System Music,706.0,ESP,2.52,1218.0,1371.0,1524.0,1524.0,14.0,940957.0,1000000.0,2427.0,8.0,508.0,2.0
Crazy Hot,928.0,EDP,2.52,1186.0,1269.0,1409.0,1410.0,13.0,961054.0,999990.0,546.0,0.0,470.0,28.0
ミッドナイト☆WAR,895.0,DDP,2.52,988.0,1090.0,1212.0,1212.0,11.0,948525.0,1000000.0,548.0,3.0,404.0,18.0
Puberty Dysthymia,806.0,BDP,2.51,644.0,702.0,780.0,780.0,8.0,952406.0,1000000.0,563.0,3.0,260.0,23.0
NEPHILIM DELTA,449.0,ESP,2.51,1453.0,1582.0,1758.0,1758.0,14.0,955626.0,1000000.0,2195.0,1.0,586.0,3.0
out of focus,751.0,DSP,2.51,711.0,785.0,873.0,873.0,12.0,946969.0,1000000.0,1437.0,6.0,291.0,19.0
Sector,1167.0,DDP,2.51,1007.0,1088.0,1209.0,1209.0,12.0,955533.0,1000000.0,202.0,1.0,403.0,36.0
FIRE FIRE,351.0,DDP,2.51,669.0,750.0,834.0,834.0,8.0,940365.0,1000000.0,399.0,7.0,278.0,18.0
恋閃繚乱,491.0,EDP,2.51,802.0,880.0,978.0,978.0,11.0,952664.0,1000000.0,490.0,3.0,326.0,8.0
Indigo Nocturne,1255.0,ESP,2.51,1597.0,1663.0,1841.0,1848.0,15.0,972284.0,999930.0,234.0,0.0,616.0,26.0
ALL MY HEART -この恋に、わたしの全てを賭ける-,694.0,DDP,2.51,666.0,745.0,828.0,828.0,9.0,944698.0,1000000.0,443.0,7.0,276.0,4.0
A Brighter Day,338.0,EDP,2.51,752.0,842.0,936.0,936.0,10.0,941727.0,1000000.0,577.0,7.0,312.0,17.0
roppongi EVOLVED ver.B,379.0,ESP,2.5,1233.0,1350.0,1500.0,1500.0,15.0,951527.0,1000000.0,2085.0,2.0,500.0,24.0
フー・フローツ,550.0,DDP,2.5,810.0,896.0,996.0,996.0,9.0,948652.0,1000000.0,372.0,4.0,332.0,7.0
Diamond Night,516.0,CSP,2.5,1119.0,1223.0,1359.0,1359.0,14.0,951915.0,1000000.0,1769.0,2.0,453.0,27.0
KISS KISS KISS 秋葉工房 MIX,362.0,EDP,2.5,955.0,1031.0,1146.0,1146.0,12.0,957845.0,1000000.0,565.0,1.0,382.0,19.0
S!ck,730.0,DSP,2.5,990.0,1093.0,1215.0,1215.0,12.0,946235.0,1000000.0,1544.0,4.0,405.0,33.0
GAIA,535.0,BDP,2.5,872.0,958.0,1065.0,1065.0,10.0,948975.0,1000000.0,480.0,3.0,355.0,25.0
天上の星～黎明記～,452.0,EDP,2.5,876.0,961.0,1068.0,1068.0,12.0,948723.0,1000000.0,686.0,3.0,356.0,33.0
DXY!,53.0,DDP,2.5,671.0,747.0,831.0,831.0,9.0,946820.0,1000000.0,250.0,5.0,277.0,0.0
Time Of Our Lives,715.0,EDP,2.5,730.0,793.0,882.0,882.0,11.0,956517.0,1000000.0,474.0,2.0,294.0,8.0
Believe,709.0,EDP,2.5,821.0,901.0,1002.0,1002.0,11.0,950832.0,1000000.0,475.0,3.0,334.0,15.0
Windy Fairy,564.0,DDP,2.49,852.0,936.0,1041.0,1041.0,11.0,948888.0,1000000.0,523.0,3.0,347.0,26.0
only my railgun,371.0,EDP,2.49,850.0,931.0,1035.0,1035.0,12.0,951746.0,1000000.0,761.0,3.0,345.0,15.0
REVOLUTIONARY ADDICT,481.0,ESP,2.49,1149.0,1279.0,1422.0,1422.0,13.0,943521.0,1000000.0,1550.0,5.0,474.0,25.0
La Se&ntilde;orita Virtual,21.0,DDP,2.49,733.0,804.0,894.0,894.0,10.0,953941.0,1000000.0,328.0,3.0,298.0,0.0
MAXIMIZER,182.0,EDP,2.49,842.0,931.0,1035.0,1035.0,11.0,948136.0,1000000.0,491.0,4.0,345.0,14.0
Monkey Business,525.0,DSP,2.49,952.0,1071.0,1191.0,1191.0,9.0,934598.0,1000000.0,1064.0,8.0,397.0,49.0
アルストロメリア (walk with you remix),456.0,EDP,2.49,895.0,980.0,1089.0,1089.0,12.0,953910.0,1000000.0,1034.0,3.0,363.0,3.0
MEGALOVANIA,1071.0,ESP,2.49,1704.0,1860.0,2067.0,2067.0,16.0,941942.0,1000000.0,1234.0,1.0,689.0,156.0
The legend of MAX,135.0,BSP,2.49,620.0,696.0,774.0,774.0,8.0,943019.0,1000000.0,410.0,8.0,258.0,3.0
BURNIN' THE FLOOR(BLUE FIRE mix),72.0,CDP,2.48,654.0,718.0,798.0,798.0,10.0,953013.0,1000000.0,434.0,4.0,266.0,3.0
灼熱Beach Side Bunny,615.0,DSP,2.48,1031.0,1142.0,1269.0,1269.0,11.0,948185.0,1000000.0,1885.0,5.0,423.0,8.0
革命,96.0,DSP,2.48,606.0,680.0,756.0,756.0,9.0,940162.0,1000000.0,490.0,9.0,252.0,15.0
シュレーディンガーの猫,817.0,BDP,2.48,675.0,742.0,825.0,825.0,9.0,949034.0,1000000.0,460.0,4.0,275.0,21.0
Struggle,654.0,EDP,2.48,1192.0,1306.0,1452.0,1452.0,12.0,952988.0,1000000.0,783.0,2.0,484.0,4.0
Flourish,289.0,EDP,2.48,732.0,810.0,900.0,900.0,10.0,948864.0,1000000.0,489.0,5.0,300.0,8.0
幻想系世界修復少女,598.0,DSP,2.48,792.0,901.0,1002.0,1002.0,9.0,935640.0,1000000.0,653.0,11.0,334.0,7.0
未来（ダ）FUTURE,867.0,EDP,2.48,1267.0,1374.0,1527.0,1527.0,15.0,955978.0,1000000.0,744.0,1.0,509.0,20.0
地方創生☆チクワクティクス,674.0,DDP,2.47,638.0,707.0,786.0,786.0,10.0,948518.0,1000000.0,484.0,6.0,262.0,4.0
DeStRuCtIvE FoRcE,936.0,ESP,2.47,1071.0,1169.0,1299.0,1299.0,13.0,953781.0,1000000.0,1191.0,2.0,433.0,17.0
一途,1138.0,DDP,2.47,1037.0,1120.0,1245.0,1245.0,12.0,959005.0,1000000.0,320.0,1.0,415.0,7.0
ハラショー！おにぎりサーカス団☆,976.0,ESP,2.47,1345.0,1476.0,1641.0,1641.0,14.0,949731.0,1000000.0,1345.0,2.0,547.0,31.0
乙女繚乱 舞い咲き誇れ,642.0,DSP,2.46,918.0,1017.0,1131.0,1131.0,10.0,945686.0,1000000.0,976.0,5.0,377.0,21.0
tokyoEVOLVED (TYPE2),463.0,BSP,2.46,544.0,599.0,666.0,666.0,9.0,950003.0,1000000.0,163.0,4.0,222.0,10.0
INSERTiON,57.0,DDP,2.46,637.0,691.0,768.0,768.0,9.0,958970.0,1000000.0,152.0,2.0,256.0,0.0
roppongi EVOLVED ver.D,381.0,BDP,2.46,658.0,726.0,807.0,807.0,8.0,947969.0,1000000.0,202.0,4.0,269.0,16.0
都会征服Girls☆,1241.0,ESP,2.45,1123.0,1185.0,1315.0,1317.0,13.0,965842.0,999980.0,393.0,0.0,439.0,38.0
Fly away -mix del matador-,243.0,EDP,2.45,940.0,990.0,1099.0,1101.0,13.0,969813.0,999980.0,487.0,0.0,367.0,4.0
District of the Shadows,828.0,ESP,2.45,1384.0,1503.0,1671.0,1671.0,16.0,956072.0,1000000.0,1862.0,1.0,557.0,10.0
革命(X-Special),333.0,CSP,2.45,984.0,1077.0,1197.0,1197.0,14.0,951846.0,1000000.0,2030.0,3.0,399.0,21.0
TRIP MACHINE CLIMAX,46.0,DDP,2.45,661.0,731.0,813.0,813.0,9.0,950131.0,1000000.0,177.0,4.0,271.0,0.0
Summer fantasy (Darwin remix),663.0,CSP,2.44,751.0,828.0,921.0,921.0,11.0,930826.0,1000000.0,876.0,5.0,307.0,99.0
PARANOiA,1.0,BSP,2.44,636.0,712.0,792.0,792.0,8.0,944776.0,1000000.0,627.0,9.0,264.0,0.0
only my railgun,371.0,DDP,2.44,581.0,666.0,741.0,741.0,8.0,924818.0,1000000.0,379.0,13.0,247.0,32.0
New Decade,369.0,BSP,2.44,893.0,1004.0,1116.0,1116.0,11.0,934831.0,1000000.0,1310.0,10.0,372.0,48.0
Horatio,291.0,DDP,2.44,542.0,599.0,666.0,666.0,8.0,947650.0,1000000.0,194.0,5.0,222.0,11.0
ALPACORE,901.0,ESP,2.44,1409.0,1555.0,1728.0,1728.0,16.0,949228.0,1000000.0,1699.0,3.0,576.0,10.0
星屑の夜果て,925.0,DDP,2.44,1280.0,1387.0,1542.0,1542.0,12.0,955370.0,1000000.0,552.0,1.0,514.0,28.0
どきドキ バレンタイン,910.0,EDP,2.44,1253.0,1325.0,1471.0,1473.0,12.0,964279.0,999980.0,503.0,0.0,491.0,49.0
シル・ヴ・プレジデント,1022.0,EDP,2.44,861.0,947.0,1053.0,1053.0,12.0,951002.0,1000000.0,794.0,4.0,351.0,7.0
千年ノ理,790.0,EDP,2.44,1010.0,1125.0,1251.0,1251.0,12.0,945120.0,1000000.0,1053.0,6.0,417.0,8.0
チカラ,218.0,DDP,2.44,689.0,769.0,855.0,855.0,9.0,942815.0,1000000.0,280.0,6.0,285.0,16.0
凛として咲く花の如く ～ひなビタ&#9834; edition～,562.0,EDP,2.43,1081.0,1188.0,1320.0,1320.0,11.0,948924.0,1000000.0,707.0,3.0,440.0,30.0
Urban Life,1236.0,DDP,2.43,928.0,999.0,1110.0,1110.0,11.0,960367.0,1000000.0,93.0,1.0,370.0,11.0
London EVOLVED ver.B,469.0,ESP,2.43,1260.0,1387.0,1542.0,1542.0,14.0,947785.0,1000000.0,1679.0,3.0,514.0,35.0
Bad Apple!! feat. nomico,679.0,DSP,2.42,824.0,912.0,1014.0,1014.0,8.0,941507.0,1000000.0,1132.0,6.0,338.0,49.0
MAX 300,65.0,DSP,2.42,1008.0,1096.0,1218.0,1218.0,12.0,952985.0,1000000.0,1764.0,2.0,406.0,35.0
Last Twilight,955.0,ESP,2.42,1687.0,1836.0,2040.0,2040.0,16.0,953608.0,1000000.0,1434.0,1.0,680.0,30.0
PARANOiA ETERNAL,58.0,BDP,2.42,639.0,704.0,783.0,783.0,9.0,951477.0,1000000.0,190.0,4.0,261.0,0.0
PRANA＋REVOLUTIONARY ADDICT (U1 DJ Mix),646.0,BDP,2.42,830.0,920.0,1023.0,1023.0,9.0,947349.0,1000000.0,218.0,4.0,341.0,9.0
ACROSS WORLD,537.0,CDP,2.42,1076.0,1161.0,1290.0,1290.0,14.0,957549.0,1000000.0,551.0,1.0,430.0,27.0
SCHWARZSCHILD FIELD,1045.0,DSP,2.41,1028.0,1128.0,1254.0,1254.0,13.0,952417.0,1000000.0,835.0,3.0,418.0,6.0
紅焔,489.0,DDP,2.41,752.0,839.0,933.0,933.0,9.0,941910.0,1000000.0,330.0,6.0,311.0,22.0
Fleur,1057.0,DDP,2.41,1140.0,1231.0,1368.0,1368.0,12.0,957479.0,1000000.0,241.0,1.0,456.0,23.0
革命,96.0,DDP,2.41,540.0,591.0,657.0,657.0,8.0,948890.0,1000000.0,242.0,4.0,219.0,26.0
More One Night,770.0,CDP,2.41,831.0,907.0,1008.0,1008.0,12.0,954326.0,1000000.0,732.0,3.0,336.0,10.0
KEEP ON MOVIN',8.0,DDP,2.41,398.0,437.0,486.0,486.0,9.0,954213.0,1000000.0,291.0,6.0,162.0,0.0
Elemental Creation,536.0,begSP,2.41,726.0,842.0,936.0,936.0,8.0,922431.0,1000000.0,618.0,18.0,312.0,27.0
NEPHILIM DELTA,449.0,DDP,2.41,1048.0,1144.0,1272.0,1272.0,12.0,954806.0,1000000.0,381.0,2.0,424.0,4.0
Dance Dance Revolution,108.0,CDP,2.41,838.0,928.0,1032.0,1032.0,11.0,949252.0,1000000.0,538.0,5.0,344.0,0.0
Boom Boom Dollar (Red Monster Mix),474.0,DDP,2.41,388.0,418.0,465.0,465.0,7.0,961566.0,1000000.0,54.0,2.0,155.0,0.0
&dagger;渚の小悪魔ラヴリィ～レイディオ&dagger;,557.0,DSP,2.4,1002.0,1120.0,1245.0,1245.0,11.0,939884.0,1000000.0,1386.0,8.0,415.0,36.0
ANTI ANTHEM,1029.0,BSP,2.4,688.0,756.0,840.0,840.0,9.0,950054.0,1000000.0,566.0,5.0,280.0,16.0
初音ミクの消失,760.0,ESP,2.4,1353.0,1466.0,1629.0,1629.0,13.0,957455.0,1000000.0,1971.0,1.0,543.0,10.0
さよならトリップ ～夏陽 EDM edition～,684.0,EDP,2.4,790.0,866.0,963.0,963.0,11.0,952478.0,1000000.0,972.0,4.0,321.0,10.0
REVOLUTIONARY ADDICT,481.0,DDP,2.4,775.0,866.0,963.0,963.0,9.0,938648.0,1000000.0,187.0,5.0,321.0,37.0
WILD SIDE,499.0,EDP,2.4,881.0,958.0,1065.0,1065.0,11.0,954444.0,1000000.0,381.0,2.0,355.0,22.0
ANTI ANTHEM,1029.0,BDP,2.4,680.0,747.0,831.0,831.0,9.0,950517.0,1000000.0,359.0,4.0,277.0,14.0
Love You More,792.0,DDP,2.4,1086.0,1193.0,1326.0,1326.0,12.0,951906.0,1000000.0,682.0,3.0,442.0,6.0
Come Back To Me,1030.0,ESP,2.4,1224.0,1323.0,1470.0,1470.0,14.0,958695.0,1000000.0,1209.0,1.0,490.0,8.0
Under the Sky,213.0,EDP,2.4,536.0,588.0,654.0,654.0,8.0,952471.0,1000000.0,346.0,5.0,218.0,5.0
We Will Live Together,1134.0,EDP,2.4,1171.0,1236.0,1372.0,1374.0,14.0,968076.0,999980.0,219.0,0.0,458.0,14.0
Anti-Matter,341.0,BSP,2.39,860.0,955.0,1062.0,1062.0,11.0,944643.0,1000000.0,1161.0,7.0,354.0,21.0
BRILLIANT 2U (AKBK MIX),486.0,ESP,2.39,1430.0,1590.0,1767.0,1767.0,15.0,945148.0,1000000.0,2323.0,5.0,589.0,18.0
ロストワンの号哭,727.0,DDP,2.39,891.0,990.0,1101.0,1101.0,10.0,947256.0,1000000.0,698.0,6.0,367.0,1.0
snow prism,488.0,DDP,2.39,711.0,788.0,876.0,876.0,9.0,947466.0,1000000.0,273.0,5.0,292.0,11.0
Environ [De-SYNC] (feat. lythe),1097.0,EDP,2.39,1204.0,1285.0,1427.0,1428.0,15.0,962416.0,999990.0,365.0,0.0,476.0,26.0
exotic ethnic,62.0,DDP,2.39,661.0,731.0,813.0,813.0,9.0,947522.0,1000000.0,275.0,5.0,271.0,13.0
Fly far bounce,750.0,DDP,2.39,584.0,642.0,714.0,714.0,10.0,952033.0,1000000.0,602.0,6.0,238.0,3.0
Our Love,951.0,DDP,2.39,1331.0,1441.0,1602.0,1602.0,12.0,955092.0,1000000.0,447.0,1.0,534.0,36.0
NGO,250.0,begSP,2.39,309.0,351.0,390.0,390.0,6.0,939815.0,1000000.0,228.0,14.0,130.0,0.0
Leaving&hellip;,365.0,EDP,2.39,763.0,826.0,918.0,918.0,11.0,958403.0,1000000.0,403.0,2.0,306.0,7.0
Holic,37.0,DDP,2.38,565.0,626.0,696.0,696.0,8.0,949283.0,1000000.0,246.0,6.0,232.0,0.0
DDR MEGAMIX,810.0,BSP,2.38,791.0,874.0,972.0,972.0,8.0,950192.0,1000000.0,543.0,5.0,324.0,2.0
Love&#9825;Shine わんだふるmix,811.0,EDP,2.38,875.0,950.0,1056.0,1056.0,11.0,956071.0,1000000.0,553.0,2.0,352.0,16.0
The Least 100sec,134.0,ESP,2.38,1069.0,1163.0,1293.0,1293.0,12.0,956426.0,1000000.0,1366.0,2.0,431.0,2.0
Never See You Again,985.0,DSP,2.38,1190.0,1298.0,1443.0,1443.0,12.0,952934.0,1000000.0,938.0,2.0,481.0,23.0
Let's Get Away,421.0,EDP,2.38,973.0,1058.0,1176.0,1176.0,13.0,956463.0,1000000.0,545.0,2.0,392.0,6.0
resonance,377.0,EDP,2.38,822.0,891.0,990.0,990.0,11.0,956840.0,1000000.0,340.0,2.0,330.0,14.0
S・A・G・A,309.0,DDP,2.38,668.0,739.0,822.0,822.0,11.0,947514.0,1000000.0,256.0,5.0,274.0,11.0
桜,141.0,BDP,2.38,579.0,634.0,705.0,705.0,7.0,952882.0,1000000.0,257.0,4.0,235.0,9.0
GRADIUSIC CYBER ～AMD G5 MIX～,19.0,ESP,2.38,922.0,999.0,1110.0,1110.0,13.0,958891.0,1000000.0,1602.0,2.0,370.0,0.0
共犯ヘヴンズコード,1053.0,ESP,2.38,1142.0,1233.0,1371.0,1371.0,13.0,957772.0,1000000.0,955.0,1.0,457.0,20.0
Magnetic,548.0,DSP,2.38,1064.0,1166.0,1296.0,1296.0,11.0,947809.0,1000000.0,948.0,3.0,432.0,49.0
Sky Is The Limit,389.0,EDP,2.38,812.0,880.0,978.0,978.0,11.0,955441.0,1000000.0,464.0,2.0,326.0,25.0
MAKE A JAM!,719.0,DDP,2.38,494.0,540.0,600.0,600.0,8.0,955872.0,1000000.0,334.0,5.0,200.0,0.0
ありふれたせかいせいふく,822.0,DDP,2.37,722.0,796.0,885.0,885.0,10.0,949569.0,1000000.0,467.0,5.0,295.0,12.0
Mermaid girl,431.0,EDP,2.37,821.0,909.0,1011.0,1011.0,11.0,949317.0,1000000.0,834.0,6.0,337.0,1.0
"Help me, ERINNNNNN!!",681.0,DSP,2.37,667.0,753.0,837.0,837.0,9.0,940483.0,1000000.0,837.0,14.0,279.0,3.0
PARANOiA-Respect-,190.0,BSP,2.37,859.0,958.0,1065.0,1065.0,11.0,944373.0,1000000.0,573.0,7.0,355.0,10.0
south,496.0,CSP,2.36,736.0,826.0,918.0,918.0,10.0,929993.0,1000000.0,1026.0,12.0,306.0,66.0
Starlight Fantasia,624.0,DDP,2.36,954.0,1026.0,1140.0,1140.0,11.0,958630.0,1000000.0,383.0,1.0,380.0,30.0
漆黒のスペシャルプリンセスサンデー,673.0,DDP,2.36,979.0,1082.0,1203.0,1203.0,11.0,947469.0,1000000.0,415.0,4.0,401.0,20.0
Cleopatrysm,606.0,ESP,2.36,1430.0,1549.0,1722.0,1722.0,15.0,956538.0,1000000.0,2303.0,1.0,574.0,17.0
色は匂へど散りぬるを,702.0,DDP,2.36,690.0,769.0,855.0,855.0,8.0,945270.0,1000000.0,738.0,9.0,285.0,8.0
MAX 300,65.0,ESP,2.36,1365.0,1498.0,1665.0,1665.0,15.0,952189.0,1000000.0,2882.0,3.0,555.0,2.0
ヤマトなでなで&#9825;かぐや姫,573.0,EDP,2.36,834.0,918.0,1020.0,1020.0,11.0,949435.0,1000000.0,702.0,5.0,340.0,17.0
VALLIS-NERIA,1113.0,ESP,2.36,1694.0,1860.0,2067.0,2067.0,16.0,949634.0,1000000.0,889.0,2.0,689.0,29.0
天ノ弱,725.0,DSP,2.36,752.0,826.0,918.0,918.0,10.0,951927.0,1000000.0,1306.0,6.0,306.0,7.0
Chinese Snowy Dance,556.0,ESP,2.35,1542.0,1698.0,1887.0,1887.0,16.0,947914.0,1000000.0,2185.0,3.0,629.0,35.0
Triple Journey -TAG EDITION-,558.0,DDP,2.35,1019.0,1115.0,1239.0,1239.0,12.0,952061.0,1000000.0,667.0,3.0,413.0,19.0
snow prism,488.0,DSP,2.35,678.0,756.0,840.0,840.0,9.0,945379.0,1000000.0,463.0,8.0,280.0,9.0
きゅん&times;きゅんばっきゅん☆LOVE,683.0,EDP,2.35,1171.0,1285.0,1428.0,1428.0,11.0,952823.0,1000000.0,845.0,3.0,476.0,2.0
"Blind Justice ～Torn souls, Hurt Faiths ～",230.0,DSP,2.35,641.0,718.0,798.0,798.0,8.0,941700.0,1000000.0,516.0,10.0,266.0,14.0
D2R,76.0,DDP,2.35,604.0,669.0,744.0,744.0,8.0,947150.0,1000000.0,269.0,6.0,248.0,10.0
び,926.0,BDP,2.35,835.0,918.0,1020.0,1020.0,9.0,949465.0,1000000.0,379.0,4.0,340.0,22.0
Cosmic Hurricane,490.0,CSP,2.35,1601.0,1765.0,1962.0,1962.0,15.0,945669.0,1000000.0,2197.0,3.0,654.0,55.0
朝色の紙飛行機,649.0,DSP,2.35,625.0,693.0,771.0,771.0,9.0,945721.0,1000000.0,652.0,8.0,257.0,15.0
Flow (True Style),162.0,DSP,2.35,596.0,656.0,729.0,729.0,9.0,951390.0,1000000.0,262.0,5.0,243.0,7.0
Party Lights (Tommie Sunshine's Brooklyn Fire Remix),603.0,EDP,2.35,662.0,707.0,786.0,786.0,11.0,963397.0,1000000.0,243.0,1.0,262.0,10.0
Amalgamation,429.0,CSP,2.35,1240.0,1350.0,1500.0,1500.0,15.0,955509.0,1000000.0,2314.0,2.0,500.0,10.0
heron,493.0,CSP,2.35,855.0,945.0,1050.0,1050.0,13.0,942855.0,1000000.0,1499.0,7.0,350.0,49.0
PUT YOUR FAITH IN ME (Jazzy Groove),477.0,EDP,2.35,499.0,531.0,591.0,591.0,11.0,966377.0,1000000.0,365.0,1.0,197.0,0.0
smooooch･&forall;･,390.0,DDP,2.34,585.0,653.0,726.0,726.0,7.0,941591.0,1000000.0,406.0,9.0,242.0,19.0
IN THE ZONE,420.0,EDP,2.34,624.0,672.0,747.0,747.0,10.0,960707.0,1000000.0,330.0,2.0,249.0,5.0
Go For The Top,485.0,BDP,2.34,633.0,693.0,771.0,771.0,8.0,950963.0,1000000.0,296.0,4.0,257.0,17.0
Boss Rush,787.0,BDP,2.34,851.0,939.0,1044.0,1044.0,10.0,949727.0,1000000.0,561.0,5.0,348.0,7.0
Chronos,439.0,CSP,2.34,1413.0,1530.0,1701.0,1701.0,15.0,955389.0,1000000.0,2380.0,1.0,567.0,35.0
TECH-NOID,707.0,DDP,2.34,705.0,772.0,858.0,858.0,9.0,952637.0,1000000.0,369.0,4.0,286.0,12.0
BROKEN MY HEART,51.0,DDP,2.34,668.0,737.0,819.0,819.0,9.0,951404.0,1000000.0,255.0,5.0,273.0,0.0
True Blue,571.0,DSP,2.34,950.0,1050.0,1167.0,1167.0,11.0,948703.0,1000000.0,1142.0,6.0,389.0,9.0
Sparkle Dreams,1209.0,DDP,2.34,1254.0,1371.0,1524.0,1524.0,13.0,945970.0,1000000.0,282.0,2.0,508.0,79.0
ABSOLUTE,48.0,DDP,2.34,523.0,580.0,645.0,645.0,7.0,949046.0,1000000.0,263.0,7.0,215.0,0.0
IX,583.0,BSP,2.33,936.0,1036.0,1152.0,1152.0,11.0,945036.0,1000000.0,951.0,6.0,384.0,29.0
Rampage Hero,896.0,DDP,2.33,971.0,1044.0,1161.0,1161.0,12.0,960624.0,1000000.0,503.0,1.0,387.0,10.0
炉心融解,785.0,EDP,2.33,1005.0,1104.0,1227.0,1227.0,12.0,952348.0,1000000.0,887.0,4.0,409.0,3.0
think ya better D,25.0,EDP,2.33,672.0,739.0,822.0,822.0,10.0,952644.0,1000000.0,426.0,5.0,274.0,0.0
Red Cape Theorem,977.0,DDP,2.33,793.0,872.0,969.0,969.0,10.0,950985.0,1000000.0,279.0,4.0,323.0,11.0
escape,524.0,EDP,2.32,706.0,772.0,858.0,858.0,10.0,954250.0,1000000.0,376.0,4.0,286.0,5.0
ALGORITHM,798.0,DDP,2.32,794.0,872.0,969.0,969.0,10.0,952422.0,1000000.0,686.0,5.0,323.0,5.0
AI,1028.0,EDP,2.32,1277.0,1379.0,1533.0,1533.0,15.0,953540.0,1000000.0,536.0,1.0,511.0,65.0
Venus,271.0,CDP,2.31,1069.0,1150.0,1278.0,1278.0,13.0,959581.0,1000000.0,325.0,1.0,426.0,20.0
chaos eater,635.0,DSP,2.31,1021.0,1120.0,1245.0,1245.0,12.0,952877.0,1000000.0,1102.0,4.0,415.0,2.0
POSSESSION,375.0,BSP,2.31,964.0,1085.0,1206.0,1206.0,10.0,940200.0,1000000.0,1647.0,13.0,402.0,13.0
天ノ弱,725.0,BSP,2.31,470.0,534.0,594.0,594.0,6.0,937417.0,1000000.0,624.0,19.0,198.0,4.0
I Love You,911.0,DDP,2.31,1273.0,1374.0,1527.0,1527.0,12.0,957893.0,1000000.0,457.0,1.0,509.0,24.0
FUJIMORI -祭- FESTIVAL,610.0,EDP,2.31,906.0,982.0,1092.0,1092.0,12.0,957547.0,1000000.0,548.0,2.0,364.0,8.0
HIGHER(next morning mix),81.0,CDP,2.31,683.0,745.0,828.0,828.0,11.0,955523.0,1000000.0,540.0,4.0,276.0,6.0
Flow,161.0,DDP,2.31,606.0,664.0,738.0,738.0,9.0,952364.0,1000000.0,162.0,4.0,246.0,9.0
BRILLIANT 2U(Orchestra Groove),5.0,DDP,2.3,461.0,504.0,561.0,561.0,8.0,955550.0,1000000.0,281.0,5.0,187.0,0.0
ACE FOR ACES,757.0,BSP,2.3,734.0,891.0,990.0,990.0,7.0,902152.0,1000000.0,1383.0,55.0,330.0,19.0
Cleopatrysm,606.0,DDP,2.3,850.0,928.0,1032.0,1032.0,11.0,953973.0,1000000.0,367.0,3.0,344.0,11.0
KHAMEN BREAK,608.0,DDP,2.3,1051.0,1152.0,1281.0,1281.0,11.0,952315.0,1000000.0,463.0,3.0,427.0,11.0
勇猛無比,1016.0,DDP,2.3,1089.0,1193.0,1326.0,1326.0,11.0,950455.0,1000000.0,477.0,3.0,442.0,28.0
嘆きの樹,614.0,BSP,2.3,776.0,869.0,966.0,966.0,8.0,937821.0,1000000.0,868.0,11.0,322.0,37.0
Love You More,792.0,ESP,2.3,1570.0,1725.0,1917.0,1917.0,16.0,950324.0,1000000.0,2117.0,3.0,639.0,17.0
Gotta Dance,355.0,EDP,2.29,763.0,847.0,942.0,942.0,11.0,944763.0,1000000.0,494.0,7.0,314.0,19.0
きゅん&times;きゅんばっきゅん☆LOVE,683.0,DDP,2.29,922.0,1028.0,1143.0,1143.0,10.0,945408.0,1000000.0,532.0,7.0,381.0,4.0
恋閃繚乱,491.0,DDP,2.29,608.0,669.0,744.0,744.0,8.0,949336.0,1000000.0,250.0,5.0,248.0,16.0
DEAD END,16.0,BDP,2.29,665.0,739.0,822.0,822.0,8.0,947654.0,1000000.0,327.0,7.0,274.0,0.0
CUTIE CHASER(MORNING MIX),107.0,EDP,2.29,494.0,545.0,606.0,606.0,9.0,949904.0,1000000.0,382.0,8.0,202.0,5.0
Leaving&hellip;,365.0,CDP,2.29,956.0,1036.0,1152.0,1152.0,13.0,957113.0,1000000.0,518.0,2.0,384.0,10.0
Taj He Spitz (Tommie Sunshine's Brooklyn Fire Re-Touch),317.0,EDP,2.29,847.0,907.0,1008.0,1008.0,12.0,963303.0,1000000.0,313.0,1.0,336.0,5.0
Dragon Blade,158.0,EDP,2.29,986.0,1071.0,1191.0,1191.0,11.0,957320.0,1000000.0,308.0,2.0,397.0,1.0
恋はどう？モロ◎波動OK☆方程式！！,572.0,BSP,2.29,635.0,715.0,795.0,795.0,7.0,937093.0,1000000.0,416.0,11.0,265.0,23.0
十二星座の聖域,685.0,DDP,2.29,826.0,909.0,1011.0,1011.0,10.0,949537.0,1000000.0,583.0,5.0,337.0,16.0
MAXIMIZER,182.0,DDP,2.28,694.0,772.0,858.0,858.0,9.0,946523.0,1000000.0,211.0,6.0,286.0,7.0
Starry HEAVEN,504.0,CDP,2.28,914.0,980.0,1089.0,1089.0,12.0,962040.0,1000000.0,233.0,1.0,363.0,12.0
晴天Bon Voyage,528.0,DSP,2.28,802.0,874.0,972.0,972.0,9.0,950494.0,1000000.0,379.0,3.0,324.0,38.0
Star Trail,699.0,ESP,2.28,1183.0,1298.0,1443.0,1443.0,13.0,950776.0,1000000.0,1959.0,4.0,481.0,19.0
AM-3P,3.0,DDP,2.28,477.0,523.0,582.0,582.0,9.0,953670.0,1000000.0,293.0,6.0,194.0,0.0
SABER WING (satellite silhouette remix),588.0,ESP,2.28,956.0,1050.0,1167.0,1167.0,12.0,950763.0,1000000.0,1350.0,5.0,389.0,18.0
The Least 100sec,134.0,BSP,2.28,418.0,469.0,522.0,522.0,7.0,941935.0,1000000.0,173.0,9.0,174.0,5.0
六兆年と一夜物語,726.0,DSP,2.28,734.0,823.0,915.0,915.0,9.0,943802.0,1000000.0,834.0,12.0,305.0,2.0
WH1TE RO5E,397.0,ESP,2.28,931.0,1017.0,1131.0,1131.0,13.0,953904.0,1000000.0,1635.0,4.0,377.0,9.0
VEGA,581.0,ESP,2.28,1557.0,1709.0,1899.0,1899.0,14.0,950107.0,1000000.0,2421.0,3.0,633.0,28.0
ずっとみつめていて (Ryu☆Remix),502.0,DDP,2.28,641.0,704.0,783.0,783.0,10.0,950305.0,1000000.0,594.0,6.0,261.0,16.0
輪廻の鴉,1253.0,ESP,2.28,1417.0,1512.0,1679.0,1680.0,14.0,962676.0,999990.0,224.0,0.0,560.0,26.0
THE REASON,521.0,EDP,2.27,742.0,801.0,891.0,891.0,12.0,959281.0,1000000.0,289.0,2.0,297.0,6.0
PARANOIA EVOLUTION(X-Special),302.0,CSP,2.27,948.0,1034.0,1149.0,1149.0,14.0,955815.0,1000000.0,1950.0,4.0,383.0,1.0
.59,27.0,EDP,2.27,699.0,758.0,843.0,843.0,10.0,958583.0,1000000.0,494.0,3.0,281.0,0.0
TRIP MACHINE,2.0,EDP,2.27,646.0,712.0,792.0,792.0,10.0,951775.0,1000000.0,634.0,7.0,264.0,0.0
In The Breeze,662.0,ESP,2.27,771.0,837.0,930.0,930.0,11.0,957097.0,1000000.0,1707.0,4.0,310.0,7.0
SHINY DAYS,981.0,CDP,2.27,948.0,1017.0,1131.0,1131.0,14.0,959784.0,1000000.0,346.0,1.0,377.0,25.0
IX,583.0,BDP,2.27,904.0,985.0,1095.0,1095.0,10.0,953023.0,1000000.0,446.0,3.0,365.0,23.0
ナイト・オブ・ナイツ (Ryu☆Remix),923.0,ESP,2.27,1947.0,2133.0,2370.0,2370.0,16.0,951833.0,1000000.0,1635.0,2.0,790.0,8.0
&Delta;MAX,402.0,BSP,2.26,400.0,440.0,489.0,489.0,5.0,952973.0,1000000.0,570.0,11.0,163.0,0.0
MOON,186.0,DDP,2.26,611.0,675.0,750.0,750.0,8.0,950537.0,1000000.0,236.0,6.0,250.0,3.0
DYNAMITE RAVE,18.0,DDP,2.26,606.0,675.0,750.0,750.0,7.0,947193.0,1000000.0,269.0,8.0,250.0,0.0
IMANOGUILTS,591.0,DSP,2.26,1022.0,1120.0,1245.0,1245.0,11.0,953422.0,1000000.0,943.0,4.0,415.0,3.0
ノープラン・デイズ,1038.0,ESP,2.26,1639.0,1803.0,2004.0,2004.0,16.0,950072.0,1000000.0,1331.0,3.0,668.0,13.0
High School Love,777.0,DDP,2.26,866.0,955.0,1062.0,1062.0,10.0,947705.0,1000000.0,450.0,5.0,354.0,24.0
男々道,222.0,DDP,2.26,659.0,726.0,807.0,807.0,8.0,951704.0,1000000.0,198.0,5.0,269.0,0.0
TRIP MACHINE,2.0,BDP,2.26,492.0,542.0,603.0,603.0,9.0,952302.0,1000000.0,318.0,7.0,201.0,0.0
Colors ～for EXTREME～,106.0,EDP,2.25,813.0,893.0,993.0,993.0,10.0,951559.0,1000000.0,567.0,5.0,331.0,9.0
爆なな☆てすとロイヤー,660.0,BDP,2.25,616.0,696.0,774.0,774.0,7.0,938221.0,1000000.0,310.0,11.0,258.0,10.0
Happy,711.0,EDP,2.25,873.0,953.0,1059.0,1059.0,13.0,954189.0,1000000.0,779.0,4.0,353.0,11.0
invisible rain,778.0,EDP,2.25,685.0,742.0,825.0,825.0,11.0,957617.0,1000000.0,488.0,3.0,275.0,10.0
Hella Deep,995.0,DDP,2.25,841.0,915.0,1017.0,1017.0,10.0,954431.0,1000000.0,370.0,3.0,339.0,18.0
MARS WAR 3,247.0,DDP,2.25,704.0,777.0,864.0,864.0,10.0,949761.0,1000000.0,381.0,6.0,288.0,8.0
チョコレートスマイル,657.0,DDP,2.25,671.0,739.0,822.0,822.0,9.0,950043.0,1000000.0,434.0,6.0,274.0,11.0
Cytokinesis,729.0,BSP,2.25,473.0,526.0,585.0,585.0,8.0,943919.0,1000000.0,433.0,11.0,195.0,15.0
Magnetic,548.0,ESP,2.25,1544.0,1668.0,1854.0,1854.0,15.0,954728.0,1000000.0,2235.0,1.0,618.0,55.0
High &amp; Low,1017.0,ESP,2.25,1554.0,1679.0,1866.0,1866.0,16.0,957392.0,1000000.0,1404.0,1.0,622.0,22.0
Dragon Blade,158.0,BDP,2.24,614.0,672.0,747.0,747.0,9.0,954752.0,1000000.0,158.0,4.0,249.0,1.0
stomp to my beat,475.0,ESP,2.24,611.0,669.0,744.0,744.0,10.0,954707.0,1000000.0,160.0,4.0,248.0,0.0
BROKEN MY HEART,51.0,EDP,2.24,872.0,953.0,1059.0,1059.0,12.0,955421.0,1000000.0,611.0,4.0,353.0,0.0
Sakura Sunrise,384.0,BDP,2.24,638.0,715.0,795.0,795.0,8.0,940464.0,1000000.0,374.0,10.0,265.0,19.0
Synergy For Angels,533.0,DDP,2.24,1005.0,1098.0,1221.0,1221.0,10.0,951224.0,1000000.0,369.0,3.0,407.0,29.0
ちくわパフェだよ☆ＣＫＰ (Yvya Remix),1245.0,CSP,2.23,1701.0,1798.0,1996.0,1998.0,16.0,967057.0,999980.0,381.0,0.0,666.0,13.0
パピポペピプペパ,1043.0,DDP,2.23,1077.0,1177.0,1308.0,1308.0,11.0,951880.0,1000000.0,381.0,3.0,436.0,25.0
nightbird lost wing,494.0,DSP,2.23,879.0,966.0,1074.0,1074.0,10.0,949392.0,1000000.0,629.0,5.0,358.0,24.0
Golden Arrow,916.0,ESP,2.23,1483.0,1625.0,1806.0,1806.0,16.0,950241.0,1000000.0,1615.0,3.0,602.0,35.0
Euphoric Fragmentation,1235.0,DDP,2.23,1115.0,1198.0,1332.0,1332.0,12.0,958855.0,1000000.0,144.0,1.0,444.0,31.0
toy boxer,891.0,ESP,2.23,1433.0,1568.0,1743.0,1743.0,16.0,952964.0,1000000.0,1836.0,3.0,581.0,8.0
ON-DO,1102.0,ESP,2.22,1299.0,1368.0,1519.0,1521.0,14.0,969405.0,999980.0,744.0,0.0,507.0,4.0
Vanquish The Ghost,799.0,BDP,2.22,642.0,712.0,792.0,792.0,8.0,944275.0,1000000.0,389.0,8.0,264.0,21.0
Condor,498.0,DSP,2.22,677.0,745.0,828.0,828.0,9.0,948274.0,1000000.0,549.0,7.0,276.0,22.0
叛逆のディスパレート,960.0,DDP,2.22,893.0,972.0,1080.0,1080.0,11.0,954963.0,1000000.0,304.0,3.0,360.0,14.0
GLOW THE CROWN,1200.0,DDP,2.21,1221.0,1277.0,1416.0,1419.0,14.0,970197.0,999970.0,129.0,0.0,473.0,35.0
Ishtar,749.0,DDP,2.21,815.0,891.0,990.0,990.0,11.0,951493.0,1000000.0,780.0,5.0,330.0,25.0
south,496.0,CDP,2.21,681.0,739.0,822.0,822.0,11.0,941968.0,1000000.0,672.0,4.0,274.0,77.0
DEAD END,16.0,BSP,2.21,509.0,583.0,648.0,648.0,7.0,935152.0,1000000.0,376.0,18.0,216.0,0.0
恋はどう？モロ◎波動OK☆方程式！！,572.0,ESP,2.21,1368.0,1493.0,1659.0,1659.0,14.0,951839.0,1000000.0,2300.0,3.0,553.0,36.0
夢幻ノ光,225.0,DDP,2.21,650.0,712.0,792.0,792.0,8.0,947897.0,1000000.0,295.0,5.0,264.0,30.0
SEDUCTION(Vocal Remix),202.0,DDP,2.21,727.0,804.0,894.0,894.0,8.0,949859.0,1000000.0,168.0,5.0,298.0,1.0
On The Break,300.0,ESP,2.21,957.0,1047.0,1164.0,1164.0,13.0,952370.0,1000000.0,1719.0,5.0,388.0,18.0
ZETA～素数の世界と超越者～,401.0,ESP,2.21,1625.0,1755.0,1950.0,1950.0,15.0,956715.0,1000000.0,2285.0,1.0,650.0,37.0
Shut Up and Dance,714.0,DDP,2.21,544.0,594.0,660.0,660.0,9.0,952943.0,1000000.0,238.0,5.0,220.0,15.0
Raspberry&#9825;Heart(English version),255.0,EDP,2.21,764.0,837.0,930.0,930.0,9.0,951951.0,1000000.0,413.0,5.0,310.0,15.0
Electro Tuned ( the SubS Mix ),55.0,DDP,2.2,612.0,669.0,744.0,744.0,9.0,955449.0,1000000.0,165.0,4.0,248.0,0.0
革命,96.0,ESP,2.2,941.0,1020.0,1134.0,1134.0,12.0,957592.0,1000000.0,1710.0,3.0,378.0,7.0
SUNKiSS&hearts;DROP,263.0,EDP,2.2,847.0,926.0,1029.0,1029.0,11.0,952641.0,1000000.0,858.0,5.0,343.0,18.0
Poppin' Soda,1007.0,DDP,2.2,1031.0,1115.0,1239.0,1239.0,12.0,958448.0,1000000.0,414.0,2.0,413.0,8.0
era (nostalmix),35.0,EDP,2.2,819.0,893.0,993.0,993.0,11.0,955964.0,1000000.0,533.0,4.0,331.0,0.0
BLAKE,1039.0,EDP,2.19,1419.0,1487.0,1650.0,1653.0,14.0,970110.0,999970.0,393.0,0.0,551.0,24.0
男々道,222.0,EDP,2.19,897.0,980.0,1089.0,1089.0,10.0,955225.0,1000000.0,453.0,4.0,363.0,0.0
Globe Glitter,1023.0,DDP,2.19,1047.0,1142.0,1269.0,1269.0,11.0,953814.0,1000000.0,362.0,3.0,423.0,17.0
一途,1138.0,ESP,2.19,1461.0,1574.0,1749.0,1749.0,15.0,959892.0,1000000.0,1086.0,1.0,583.0,8.0
1998,97.0,EDP,2.19,783.0,861.0,957.0,957.0,9.0,951778.0,1000000.0,518.0,6.0,319.0,6.0
Chronos (walk with you remix),794.0,ESP,2.19,1381.0,1514.0,1683.0,1683.0,14.0,952113.0,1000000.0,2138.0,4.0,561.0,8.0
MAKE IT BETTER (So-REAL Mix),476.0,EDP,2.19,596.0,639.0,711.0,711.0,11.0,963281.0,1000000.0,366.0,2.0,237.0,0.0
星屑のキロク,574.0,EDP,2.19,1004.0,1085.0,1206.0,1206.0,12.0,953859.0,1000000.0,496.0,2.0,402.0,48.0
ミライプリズム,644.0,DDP,2.19,630.0,688.0,765.0,765.0,7.0,951403.0,1000000.0,335.0,5.0,255.0,21.0
HYENA,570.0,ESP,2.19,1239.0,1355.0,1506.0,1506.0,14.0,952439.0,1000000.0,2223.0,4.0,502.0,20.0
恋する☆宇宙戦争っ!!,747.0,ESP,2.19,1646.0,1830.0,2034.0,2034.0,14.0,944241.0,1000000.0,2674.0,7.0,678.0,26.0
BRILLIANT 2U (AKBK MIX),486.0,DDP,2.19,926.0,999.0,1110.0,1110.0,11.0,959605.0,1000000.0,600.0,2.0,370.0,11.0
TRIP MACHINE PhoeniX,266.0,BDP,2.19,394.0,432.0,480.0,480.0,8.0,954970.0,1000000.0,207.0,7.0,160.0,1.0
New York EVOLVED (Type A),465.0,BSP,2.18,662.0,723.0,804.0,804.0,9.0,949759.0,1000000.0,399.0,5.0,268.0,30.0
RISING FIRE HAWK,708.0,ESP,2.18,1447.0,1579.0,1755.0,1755.0,15.0,954099.0,1000000.0,2520.0,3.0,585.0,8.0
ここからよろしく大作戦143,987.0,EDP,2.18,1187.0,1296.0,1440.0,1440.0,11.0,952632.0,1000000.0,524.0,3.0,480.0,26.0
Seize The Day,1003.0,EDP,2.18,634.0,685.0,762.0,762.0,10.0,957952.0,1000000.0,379.0,3.0,254.0,13.0
Sparkle Smilin',952.0,DDP,2.18,976.0,1071.0,1191.0,1191.0,11.0,951066.0,1000000.0,370.0,4.0,397.0,17.0
Xepher,214.0,CSP,2.18,1347.0,1468.0,1632.0,1632.0,15.0,954179.0,1000000.0,2429.0,3.0,544.0,14.0
INNOCENCE OF SILENCE,172.0,DDP,2.18,509.0,550.0,612.0,612.0,9.0,958759.0,1000000.0,147.0,3.0,204.0,7.0
Boom Boom Dollar (Red Monster Mix),474.0,CSP,2.18,588.0,645.0,717.0,717.0,11.0,946490.0,1000000.0,165.0,5.0,239.0,32.0
VEGA,581.0,DDP,2.17,1154.0,1260.0,1401.0,1401.0,11.0,949597.0,1000000.0,492.0,3.0,467.0,49.0
District of the Shadows,828.0,DDP,2.17,1001.0,1088.0,1209.0,1209.0,12.0,957091.0,1000000.0,553.0,3.0,403.0,2.0
Burst The Gravity,503.0,EDP,2.17,725.0,772.0,858.0,858.0,11.0,965268.0,1000000.0,136.0,1.0,286.0,8.0
AFRONOVA,13.0,BDP,2.17,566.0,623.0,693.0,693.0,8.0,952566.0,1000000.0,335.0,7.0,231.0,0.0
La Se&ntilde;orita,20.0,DDP,2.17,719.0,785.0,873.0,873.0,9.0,955654.0,1000000.0,246.0,4.0,291.0,0.0
Unreal,268.0,BDP,2.17,520.0,572.0,636.0,636.0,8.0,952843.0,1000000.0,179.0,6.0,212.0,0.0
患部で止まってすぐ溶ける～狂気の優曇華院,1069.0,ESP,2.17,1622.0,1749.0,1944.0,1944.0,14.0,959280.0,1000000.0,1219.0,1.0,648.0,5.0
魔理沙は大変なものを盗んでいきました,678.0,DSP,2.16,876.0,990.0,1101.0,1101.0,9.0,938435.0,1000000.0,1079.0,17.0,367.0,9.0
羊皮紙の上の銀河,1187.0,EDP,2.16,1558.0,1633.0,1812.0,1815.0,14.0,964187.0,999970.0,234.0,0.0,605.0,108.0
roppongi EVOLVED ver.A,378.0,ESP,2.16,1283.0,1412.0,1569.0,1569.0,15.0,948948.0,1000000.0,2318.0,6.0,523.0,28.0
SILVER☆DREAM,458.0,DSP,2.16,962.0,1066.0,1185.0,1185.0,11.0,946468.0,1000000.0,1124.0,9.0,395.0,18.0
セツナトリップ,595.0,ESP,2.16,1316.0,1431.0,1590.0,1590.0,14.0,955633.0,1000000.0,2565.0,3.0,530.0,11.0
osaka EVOLVED -毎度、おおきに！- (TYPE1),459.0,begSP,2.15,448.0,504.0,561.0,561.0,9.0,937156.0,1000000.0,204.0,11.0,187.0,17.0
AA,146.0,DSP,2.15,668.0,747.0,831.0,831.0,9.0,944624.0,1000000.0,756.0,14.0,277.0,2.0
凛として咲く花の如く ～ひなビタ&#9834; edition～,562.0,DDP,2.15,794.0,874.0,972.0,972.0,8.0,946923.0,1000000.0,411.0,6.0,324.0,30.0
roppongi EVOLVED ver.D,381.0,BSP,2.15,703.0,783.0,870.0,870.0,8.0,941917.0,1000000.0,256.0,8.0,290.0,27.0
SABER WING (satellite silhouette remix),588.0,CSP,2.15,1270.0,1387.0,1542.0,1542.0,15.0,954049.0,1000000.0,2354.0,4.0,514.0,6.0
ふりそでーしょん,542.0,DDP,2.15,781.0,815.0,904.0,906.0,9.0,973018.0,999980.0,39.0,0.0,302.0,6.0
HANDS UP IN THE AIR,688.0,DDP,2.15,614.0,675.0,750.0,750.0,9.0,953124.0,1000000.0,363.0,7.0,250.0,2.0
MAKE IT BETTER (So-REAL Mix),476.0,DDP,2.15,461.0,499.0,555.0,555.0,9.0,959285.0,1000000.0,158.0,4.0,185.0,0.0
RED ZONE,198.0,ESP,2.15,893.0,980.0,1089.0,1089.0,12.0,952623.0,1000000.0,1929.0,8.0,363.0,6.0
アリスサイド・キャスリング,957.0,EDP,2.15,709.0,766.0,852.0,852.0,10.0,956267.0,1000000.0,445.0,3.0,284.0,23.0
Do The Evolution,585.0,DDP,2.14,632.0,696.0,774.0,774.0,9.0,948954.0,1000000.0,349.0,7.0,258.0,16.0
THIS IS MY LAST RESORT ,1051.0,DSP,2.14,1131.0,1212.0,1347.0,1347.0,12.0,961772.0,1000000.0,490.0,1.0,449.0,16.0
THE ANCIENT KING IS BACK,1126.0,DDP,2.14,1144.0,1212.0,1346.0,1347.0,11.0,965305.0,999990.0,295.0,0.0,449.0,26.0
New Generation,559.0,DDP,2.14,842.0,926.0,1029.0,1029.0,10.0,950606.0,1000000.0,248.0,5.0,343.0,12.0
創世ノート,532.0,DSP,2.14,914.0,1004.0,1116.0,1116.0,10.0,947887.0,1000000.0,661.0,6.0,372.0,34.0
Jetcoaster Windy,968.0,DDP,2.14,1123.0,1190.0,1322.0,1323.0,12.0,966488.0,999990.0,297.0,0.0,441.0,12.0
Be a Hero!,765.0,BDP,2.13,977.0,1053.0,1170.0,1170.0,10.0,958579.0,1000000.0,495.0,2.0,390.0,21.0
革命,96.0,CSP,2.13,810.0,874.0,972.0,972.0,11.0,959322.0,1000000.0,1150.0,3.0,324.0,7.0
Sakura Mirage,664.0,DSP,2.13,869.0,963.0,1071.0,1071.0,11.0,945920.0,1000000.0,1094.0,10.0,357.0,20.0
Something Special,434.0,EDP,2.13,634.0,685.0,762.0,762.0,11.0,958767.0,1000000.0,243.0,3.0,254.0,8.0
パピポペピプペパ,1043.0,ESP,2.13,1585.0,1733.0,1926.0,1926.0,15.0,952404.0,1000000.0,1286.0,3.0,642.0,20.0
めうめうぺったんたん！！,495.0,DSP,2.13,847.0,939.0,1044.0,1044.0,9.0,947768.0,1000000.0,695.0,9.0,348.0,7.0
AWAKE,652.0,DDP,2.13,880.0,963.0,1071.0,1071.0,10.0,951189.0,1000000.0,589.0,5.0,357.0,22.0
GERBERA,1078.0,DSP,2.13,1640.0,1784.0,1983.0,1983.0,14.0,953413.0,1000000.0,995.0,2.0,661.0,36.0
DIABLOSIS::N&#x101;ga,1215.0,DDP,2.13,1343.0,1412.0,1567.0,1569.0,14.0,967107.0,999980.0,133.0,0.0,523.0,48.0
Play Hard,876.0,EDP,2.13,926.0,988.0,1098.0,1098.0,11.0,963880.0,1000000.0,446.0,1.0,366.0,11.0
Daily Lunch Special,582.0,DSP,2.13,993.0,1096.0,1218.0,1218.0,10.0,944587.0,1000000.0,1043.0,8.0,406.0,44.0
INSERTiON,57.0,DSP,2.12,650.0,710.0,789.0,789.0,9.0,956075.0,1000000.0,267.0,5.0,263.0,0.0
Shiny World,388.0,DDP,2.12,649.0,704.0,783.0,783.0,11.0,957345.0,1000000.0,308.0,4.0,261.0,5.0
HYPER EUROBEAT,116.0,EDP,2.12,737.0,796.0,885.0,885.0,11.0,957677.0,1000000.0,459.0,3.0,295.0,18.0
CROSS,865.0,EDP,2.12,1149.0,1217.0,1352.0,1353.0,14.0,965724.0,999990.0,669.0,0.0,451.0,21.0
INFINITE WORLD,1232.0,EDP,2.12,1617.0,1679.0,1860.0,1866.0,14.0,973323.0,999940.0,129.0,0.0,622.0,28.0
London EVOLVED ver.A,468.0,BDP,2.12,601.0,656.0,729.0,729.0,8.0,950219.0,1000000.0,212.0,5.0,243.0,28.0
Air Heroes,538.0,DDP,2.12,868.0,955.0,1062.0,1062.0,11.0,946976.0,1000000.0,779.0,7.0,354.0,35.0
321STARS,99.0,DDP,2.11,615.0,669.0,744.0,744.0,8.0,955961.0,1000000.0,180.0,4.0,248.0,7.0
COME BACK TO MY HEART,435.0,EDP,2.11,703.0,753.0,837.0,837.0,12.0,962759.0,1000000.0,581.0,2.0,279.0,8.0
La Bamba,176.0,DDP,2.11,613.0,669.0,744.0,744.0,8.0,955869.0,1000000.0,131.0,4.0,248.0,1.0
Catch Our Fire!,819.0,BDP,2.11,915.0,993.0,1104.0,1104.0,9.0,955758.0,1000000.0,333.0,3.0,368.0,17.0
SABER WING,310.0,ESP,2.11,1156.0,1258.0,1398.0,1398.0,13.0,954077.0,1000000.0,2072.0,4.0,466.0,24.0
Jucunda Memoria,1015.0,BDP,2.11,868.0,936.0,1041.0,1041.0,11.0,960571.0,1000000.0,212.0,2.0,347.0,2.0
888,336.0,BDP,2.11,537.0,588.0,654.0,654.0,7.0,952317.0,1000000.0,226.0,6.0,218.0,10.0
アリスサイド・キャスリング,957.0,DDP,2.11,543.0,588.0,654.0,654.0,8.0,953987.0,1000000.0,228.0,4.0,218.0,24.0
ロンロンへ　ライライライ！,754.0,DDP,2.11,742.0,810.0,900.0,900.0,10.0,955007.0,1000000.0,706.0,6.0,300.0,8.0
Hyper Bomb,937.0,ESP,2.11,1200.0,1285.0,1428.0,1428.0,15.0,961402.0,1000000.0,1609.0,1.0,476.0,21.0
ALBIDA,1091.0,DDP,2.1,1027.0,1109.0,1233.0,1233.0,13.0,958056.0,1000000.0,316.0,2.0,411.0,18.0
KING,1101.0,ESP,2.1,1596.0,1752.0,1947.0,1947.0,16.0,950935.0,1000000.0,1263.0,4.0,649.0,16.0
CELEBRATE NITE,32.0,EDP,2.1,588.0,642.0,714.0,714.0,10.0,955765.0,1000000.0,539.0,7.0,238.0,0.0
ANNIVERSARY &there4;∵&there4; &larr;&darr;&uarr;&rarr;,818.0,DDP,2.1,1082.0,1185.0,1317.0,1317.0,12.0,951700.0,1000000.0,835.0,5.0,439.0,20.0
50th Memorial Songs -Flagship medley-,851.0,DDP,2.1,861.0,928.0,1032.0,1032.0,10.0,958070.0,1000000.0,211.0,2.0,344.0,23.0
妄想税,825.0,EDP,2.1,1101.0,1177.0,1308.0,1308.0,12.0,963799.0,1000000.0,528.0,1.0,436.0,3.0
"Acid,Tribal &amp; Dance (DDR EDITION)",1122.0,DDP,2.1,746.0,801.0,891.0,891.0,11.0,961225.0,1000000.0,251.0,2.0,297.0,8.0
ナイト・オブ・ナイツ,677.0,ESP,2.1,1509.0,1655.0,1839.0,1839.0,15.0,951862.0,1000000.0,2781.0,5.0,613.0,10.0
妖隠し -あやかしかくし-,656.0,DSP,2.1,1124.0,1252.0,1392.0,1392.0,11.0,944180.0,1000000.0,1665.0,12.0,464.0,16.0
39,826.0,EDP,2.1,861.0,931.0,1035.0,1035.0,13.0,958736.0,1000000.0,498.0,3.0,345.0,6.0
炉心融解,785.0,DDP,2.1,743.0,812.0,903.0,903.0,10.0,952709.0,1000000.0,562.0,6.0,301.0,14.0
Good Looking,1010.0,ESP,2.1,1226.0,1314.0,1461.0,1461.0,15.0,962784.0,1000000.0,1231.0,1.0,487.0,1.0
1998 (Sparky 2006),1050.0,DDP,2.09,825.0,888.0,987.0,987.0,11.0,960551.0,1000000.0,182.0,2.0,329.0,10.0
打打打打打打打打打打,693.0,DSP,2.09,889.0,963.0,1071.0,1071.0,11.0,956798.0,1000000.0,1757.0,4.0,357.0,15.0
smooooch･&forall;･,390.0,CSP,2.09,802.0,896.0,996.0,996.0,10.0,935984.0,1000000.0,1789.0,19.0,332.0,54.0
Spanish Snowy Dance,545.0,DSP,2.09,1121.0,1209.0,1344.0,1344.0,11.0,959158.0,1000000.0,845.0,2.0,448.0,12.0
Waiting 4 u,330.0,CSP,2.09,846.0,934.0,1038.0,1038.0,11.0,943667.0,1000000.0,817.0,9.0,346.0,46.0
ACROSS WORLD,537.0,EDP,2.09,912.0,988.0,1098.0,1098.0,12.0,958722.0,1000000.0,413.0,3.0,366.0,3.0
PANIC HOLIC,956.0,DSP,2.09,1147.0,1250.0,1389.0,1389.0,12.0,954560.0,1000000.0,1055.0,4.0,463.0,15.0
TWINKLE&#9825;HEART,455.0,DDP,2.09,732.0,807.0,897.0,897.0,8.0,949092.0,1000000.0,314.0,7.0,299.0,13.0
Melody Life,368.0,CDP,2.09,961.0,1036.0,1152.0,1152.0,12.0,955256.0,1000000.0,283.0,2.0,384.0,44.0
Crazy Control,344.0,EDP,2.09,603.0,653.0,726.0,726.0,10.0,959786.0,1000000.0,298.0,4.0,242.0,0.0
BRILLIANT 2U (&quot;STREAM&quot; Special),232.0,CSP,2.08,858.0,934.0,1038.0,1038.0,13.0,956126.0,1000000.0,1609.0,6.0,346.0,6.0
FLOWER,457.0,BDP,2.08,598.0,680.0,756.0,756.0,6.0,934121.0,1000000.0,294.0,15.0,252.0,14.0
サイカ,1035.0,DDP,2.08,445.0,486.0,540.0,540.0,8.0,954507.0,1000000.0,166.0,6.0,180.0,8.0
繚乱ヒットチャート,453.0,ESP,2.08,1154.0,1250.0,1389.0,1389.0,13.0,956811.0,1000000.0,1571.0,3.0,463.0,19.0
&AElig;THER,587.0,DSP,2.08,1419.0,1549.0,1722.0,1722.0,14.0,952719.0,1000000.0,2287.0,4.0,574.0,23.0
不沈艦CANDY,403.0,DDP,2.08,811.0,885.0,984.0,984.0,8.0,953321.0,1000000.0,431.0,5.0,328.0,15.0
マインド・ゲーム,568.0,DDP,2.07,894.0,969.0,1077.0,1077.0,10.0,955294.0,1000000.0,279.0,3.0,359.0,26.0
sync (EXTREME version),132.0,EDP,2.07,741.0,810.0,900.0,900.0,10.0,952486.0,1000000.0,423.0,6.0,300.0,17.0
Sweet Rain,547.0,DSP,2.07,811.0,907.0,1008.0,1008.0,9.0,943104.0,1000000.0,617.0,13.0,336.0,11.0
Black Emperor,1077.0,DSP,2.07,1294.0,1398.0,1554.0,1554.0,14.0,958445.0,1000000.0,959.0,2.0,518.0,11.0
MAX 360,815.0,begSP,2.07,768.0,858.0,954.0,954.0,9.0,944236.0,1000000.0,726.0,14.0,318.0,6.0
era (nostalmix),35.0,DDP,2.07,537.0,585.0,651.0,651.0,7.0,956741.0,1000000.0,199.0,5.0,217.0,0.0
REBORN MAGIC,437.0,EDP,2.07,836.0,904.0,1005.0,1005.0,11.0,958949.0,1000000.0,395.0,3.0,335.0,7.0
CANDY (UFO mix),1128.0,ESP,2.07,1266.0,1368.0,1521.0,1521.0,14.0,956863.0,1000000.0,875.0,2.0,507.0,28.0
Tribe,433.0,CSP,2.07,1227.0,1314.0,1461.0,1461.0,13.0,959008.0,1000000.0,1827.0,1.0,487.0,46.0
Rampage Hero,896.0,ESP,2.07,1401.0,1514.0,1683.0,1683.0,16.0,957451.0,1000000.0,1717.0,2.0,561.0,19.0
VALLIS-NERIA,1113.0,DDP,2.07,1308.0,1387.0,1541.0,1542.0,13.0,964510.0,999990.0,206.0,0.0,514.0,33.0
BRE&forall;K DOWN！,70.0,DDP,2.07,701.0,780.0,867.0,867.0,8.0,944803.0,1000000.0,276.0,9.0,289.0,13.0
Chronos,439.0,ESP,2.07,952.0,1031.0,1146.0,1146.0,12.0,956453.0,1000000.0,1683.0,4.0,382.0,20.0
六兆年と一夜物語,726.0,DDP,2.06,712.0,777.0,864.0,864.0,9.0,954045.0,1000000.0,487.0,6.0,288.0,10.0
TRIP MACHINE～luv mix～,26.0,EDP,2.06,756.0,818.0,909.0,909.0,11.0,959621.0,1000000.0,526.0,4.0,303.0,0.0
初音ミクの消失,760.0,BSP,2.06,724.0,820.0,912.0,912.0,8.0,937228.0,1000000.0,664.0,19.0,304.0,10.0
ロンロンへ　ライライライ！,754.0,EDP,2.06,971.0,1044.0,1161.0,1161.0,12.0,960162.0,1000000.0,980.0,2.0,387.0,15.0
晴天Bon Voyage,528.0,BDP,2.06,527.0,583.0,648.0,648.0,7.0,946502.0,1000000.0,182.0,8.0,216.0,15.0
新蛇姫,1147.0,BSP,2.06,789.0,861.0,957.0,957.0,10.0,955127.0,1000000.0,384.0,5.0,319.0,7.0
murmur twins,187.0,DSP,2.06,596.0,669.0,744.0,744.0,8.0,940876.0,1000000.0,329.0,13.0,248.0,11.0
エイリアンエイリアン,782.0,DDP,2.06,937.0,1026.0,1140.0,1140.0,9.0,950871.0,1000000.0,701.0,6.0,380.0,28.0
セツナトリップ,595.0,DSP,2.05,813.0,893.0,993.0,993.0,10.0,951495.0,1000000.0,1450.0,10.0,331.0,9.0
向日葵サンセット,762.0,DDP,2.05,658.0,710.0,789.0,789.0,11.0,956793.0,1000000.0,523.0,4.0,263.0,24.0
Ambivalent Vermilia,1251.0,DSP,2.05,1594.0,1668.0,1851.0,1854.0,15.0,970247.0,999970.0,505.0,0.0,618.0,29.0
Across the nightmare,101.0,BSP,2.05,503.0,553.0,615.0,615.0,8.0,953424.0,1000000.0,263.0,8.0,205.0,0.0
LIKE A VAMPIRE,1020.0,DDP,2.05,933.0,1012.0,1125.0,1125.0,10.0,955270.0,1000000.0,236.0,3.0,375.0,23.0
色は匂へど散りぬるを,702.0,EDP,2.05,892.0,969.0,1077.0,1077.0,11.0,955380.0,1000000.0,1147.0,5.0,359.0,18.0
concon,1107.0,EDP,2.05,1404.0,1474.0,1636.0,1638.0,14.0,969440.0,999980.0,319.0,0.0,546.0,22.0
Blew My Mind,560.0,BSP,2.05,759.0,839.0,933.0,933.0,9.0,946381.0,1000000.0,613.0,10.0,311.0,21.0
Hillbilly Shoes,712.0,DDP,2.05,541.0,585.0,651.0,651.0,8.0,959483.0,1000000.0,219.0,4.0,217.0,2.0
&Uuml;bertreffen,329.0,DDP,2.04,702.0,769.0,855.0,855.0,8.0,953183.0,1000000.0,185.0,5.0,285.0,8.0
Deep tenDon Reflex,1063.0,DDP,2.04,916.0,996.0,1107.0,1107.0,11.0,955621.0,1000000.0,467.0,4.0,369.0,15.0
激アツ☆マジヤバ☆チアガール,671.0,DDP,2.04,707.0,774.0,861.0,861.0,10.0,953111.0,1000000.0,708.0,8.0,287.0,6.0
The Lonely Streets,620.0,EDP,2.04,634.0,685.0,762.0,762.0,11.0,957210.0,1000000.0,329.0,4.0,254.0,14.0
PRANA,555.0,BDP,2.04,682.0,742.0,825.0,825.0,8.0,956011.0,1000000.0,320.0,5.0,275.0,7.0
BITTER CHOCOLATE STRIKER,990.0,DDP,2.04,840.0,901.0,1002.0,1002.0,10.0,961756.0,1000000.0,460.0,2.0,334.0,9.0
Pierce The Sky,372.0,ESP,2.04,1239.0,1350.0,1500.0,1500.0,14.0,953546.0,1000000.0,2271.0,5.0,500.0,24.0
SigSig,450.0,DSP,2.04,876.0,993.0,1104.0,1104.0,9.0,933810.0,1000000.0,770.0,19.0,368.0,29.0
AFRONOVA(X-Special),277.0,CSP,2.04,1047.0,1139.0,1266.0,1266.0,13.0,953355.0,1000000.0,1587.0,5.0,422.0,30.0
Let's DANCE aROUND!!,1066.0,BDP,2.04,594.0,648.0,720.0,720.0,7.0,943854.0,1000000.0,170.0,5.0,240.0,56.0
チルノのパーフェクトさんすう教室,761.0,CSP,2.04,1582.0,1698.0,1887.0,1887.0,15.0,960440.0,1000000.0,2203.0,1.0,629.0,20.0
Illegal Function Call,731.0,BDP,2.04,891.0,963.0,1071.0,1071.0,10.0,958664.0,1000000.0,494.0,3.0,357.0,9.0
至上のラトゥーリア,935.0,EDP,2.04,996.0,1061.0,1179.0,1179.0,12.0,963613.0,1000000.0,515.0,1.0,393.0,20.0
The Wind of Gold,552.0,DSP,2.04,771.0,847.0,942.0,942.0,10.0,950515.0,1000000.0,875.0,9.0,314.0,15.0
MUTEKI BUFFALO,969.0,DDP,2.04,896.0,963.0,1071.0,1071.0,11.0,961311.0,1000000.0,351.0,2.0,357.0,7.0
ビューティフル レシート,405.0,DDP,2.03,824.0,901.0,1002.0,1002.0,10.0,946535.0,1000000.0,541.0,6.0,334.0,52.0
Special One,721.0,EDP,2.03,647.0,699.0,777.0,777.0,11.0,958951.0,1000000.0,684.0,5.0,259.0,7.0
ビビットストリーム,658.0,DDP,2.03,976.0,1061.0,1179.0,1179.0,10.0,952173.0,1000000.0,545.0,4.0,393.0,43.0
KEEP ON MOVIN' (Y&amp;Co. DJ BOSS remix),482.0,DDP,2.03,728.0,799.0,888.0,888.0,9.0,949100.0,1000000.0,230.0,6.0,296.0,24.0
dreaming can make a wish come true,418.0,EDP,2.03,820.0,885.0,984.0,984.0,11.0,959112.0,1000000.0,409.0,3.0,328.0,11.0
SABER WING,310.0,BSP,2.03,685.0,761.0,846.0,846.0,8.0,943193.0,1000000.0,329.0,10.0,282.0,24.0
FUNKY SUMMER BEACH,631.0,DDP,2.03,765.0,834.0,927.0,927.0,10.0,955408.0,1000000.0,546.0,6.0,309.0,6.0
Bloody Tears(IIDX EDITION),231.0,EDP,2.03,675.0,731.0,813.0,813.0,11.0,959375.0,1000000.0,691.0,5.0,271.0,0.0
宇宙(ソラ)への片道切符,705.0,EDP,2.03,786.0,855.0,951.0,951.0,12.0,954071.0,1000000.0,1085.0,6.0,317.0,21.0
Electric Dance System Music,706.0,DSP,2.03,763.0,834.0,927.0,927.0,10.0,953156.0,1000000.0,957.0,8.0,309.0,14.0
Six String Proof,890.0,DDP,2.03,773.0,834.0,927.0,927.0,11.0,959697.0,1000000.0,274.0,3.0,309.0,8.0
CUTIE CHASER,15.0,EDP,2.03,632.0,685.0,762.0,762.0,10.0,958982.0,1000000.0,468.0,5.0,254.0,0.0
Go Down,1125.0,ESP,2.02,1213.0,1296.0,1440.0,1440.0,14.0,960696.0,1000000.0,943.0,1.0,480.0,41.0
London EVOLVED ver.C,470.0,BSP,2.02,716.0,804.0,894.0,894.0,8.0,941491.0,1000000.0,271.0,11.0,298.0,9.0
はなまるぴっぴはよいこだけ,672.0,EDP,2.02,748.0,807.0,897.0,897.0,12.0,960388.0,1000000.0,712.0,4.0,299.0,2.0
StrayedCatz,740.0,DSP,2.02,862.0,936.0,1041.0,1041.0,11.0,956022.0,1000000.0,1792.0,6.0,347.0,11.0
Re:GENERATION,913.0,DDP,2.02,1024.0,1101.0,1224.0,1224.0,11.0,958577.0,1000000.0,445.0,2.0,408.0,28.0
HAPPY☆LUCKY☆YEAPPY,639.0,BDP,2.02,643.0,702.0,780.0,780.0,9.0,955029.0,1000000.0,400.0,7.0,260.0,5.0
DROP THE BOMB,17.0,DDP,2.02,586.0,639.0,711.0,711.0,8.0,956518.0,1000000.0,317.0,6.0,237.0,0.0
paparazzi,1018.0,DSP,2.02,1183.0,1274.0,1416.0,1416.0,12.0,960116.0,1000000.0,827.0,2.0,472.0,10.0
Sucka Luva,509.0,EDP,2.02,694.0,747.0,831.0,831.0,11.0,960885.0,1000000.0,315.0,3.0,277.0,4.0
roppongi EVOLVED ver.C,380.0,DSP,2.02,943.0,1031.0,1146.0,1146.0,11.0,952918.0,1000000.0,656.0,6.0,382.0,14.0
君氏危うくも近うよれ,763.0,DDP,2.02,683.0,742.0,825.0,825.0,10.0,957032.0,1000000.0,613.0,6.0,275.0,5.0
新蛇姫,1147.0,BDP,2.02,817.0,888.0,987.0,987.0,10.0,956515.0,1000000.0,242.0,4.0,329.0,7.0
Shout It Out,1040.0,ESP,2.01,1569.0,1682.0,1869.0,1869.0,15.0,960922.0,1000000.0,1142.0,1.0,623.0,20.0
*ハロー、プラネット。,824.0,DDP,2.01,794.0,869.0,966.0,966.0,9.0,951899.0,1000000.0,370.0,6.0,322.0,18.0
野球の遊び方　そしてその歴史　～決定版～,578.0,ESP,2.01,1115.0,1209.0,1344.0,1344.0,14.0,956600.0,1000000.0,1947.0,4.0,448.0,16.0
Go Down,1125.0,DDP,2.01,787.0,850.0,945.0,945.0,10.0,959204.0,1000000.0,214.0,3.0,315.0,7.0
乙女繚乱 舞い咲き誇れ,642.0,BDP,2.01,646.0,720.0,801.0,801.0,7.0,941118.0,1000000.0,316.0,11.0,267.0,24.0
New Beginning,444.0,CDP,2.01,906.0,972.0,1080.0,1080.0,12.0,955719.0,1000000.0,278.0,2.0,360.0,55.0
トランスダンスアナーキー,1228.0,ESP,2.01,2074.0,2176.0,2415.0,2418.0,16.0,967795.0,999970.0,484.0,0.0,806.0,57.0
魔法のたまご ～心菜 ELECTRO POP edition～,686.0,DSP,2.01,549.0,607.0,675.0,675.0,8.0,950003.0,1000000.0,522.0,13.0,225.0,2.0
思想犯,996.0,DDP,2.01,996.0,1090.0,1212.0,1212.0,10.0,953035.0,1000000.0,395.0,5.0,404.0,10.0
はなまるぴっぴはよいこだけ,672.0,DDP,2.01,559.0,612.0,681.0,681.0,10.0,953785.0,1000000.0,468.0,9.0,227.0,2.0
創世ノート,532.0,BDP,2.01,724.0,785.0,873.0,873.0,8.0,954545.0,1000000.0,234.0,4.0,291.0,23.0
Across the nightmare,101.0,DSP,2.0,696.0,756.0,840.0,840.0,10.0,955810.0,1000000.0,522.0,6.0,280.0,13.0
Trust -DanceDanceRevolution mix-,267.0,EDP,2.0,802.0,869.0,966.0,966.0,11.0,956690.0,1000000.0,397.0,4.0,322.0,17.0
Let's DANCE aROUND!!,1066.0,DSP,2.0,883.0,947.0,1053.0,1053.0,11.0,953665.0,1000000.0,427.0,2.0,351.0,68.0
The Light,836.0,EDP,2.0,886.0,955.0,1062.0,1062.0,13.0,956557.0,1000000.0,735.0,3.0,354.0,34.0
ポリリズム,332.0,DDP,2.0,621.0,656.0,729.0,729.0,9.0,964760.0,1000000.0,45.0,1.0,243.0,22.0
jane jana,118.0,EDP,2.0,761.0,823.0,915.0,915.0,11.0,959592.0,1000000.0,923.0,5.0,305.0,0.0
DIGITALIZER,954.0,DDP,2.0,1032.0,1109.0,1233.0,1233.0,12.0,960063.0,1000000.0,421.0,2.0,411.0,17.0
MAX.(period),641.0,begSP,1.99,228.0,253.0,282.0,282.0,5.0,947916.0,1000000.0,316.0,20.0,94.0,0.0
Hunny Bunny,912.0,ESP,1.99,1236.0,1336.0,1485.0,1485.0,15.0,958781.0,1000000.0,1718.0,3.0,495.0,5.0
RED ZONE,198.0,BDP,1.99,456.0,523.0,582.0,582.0,6.0,931323.0,1000000.0,229.0,18.0,194.0,6.0
Star Trail,699.0,DSP,1.99,726.0,804.0,894.0,894.0,9.0,947027.0,1000000.0,610.0,12.0,298.0,13.0
Start a New Day,746.0,ESP,1.99,1303.0,1431.0,1590.0,1590.0,15.0,951763.0,1000000.0,2293.0,8.0,530.0,9.0
dirty digital,348.0,CSP,1.99,775.0,831.0,924.0,924.0,13.0,962811.0,1000000.0,1377.0,3.0,308.0,2.0
C-C-C-N-N-N,1214.0,DDP,1.99,827.0,893.0,993.0,993.0,10.0,958485.0,1000000.0,221.0,3.0,331.0,11.0
繚乱ヒットチャート,453.0,DSP,1.99,785.0,874.0,972.0,972.0,8.0,942563.0,1000000.0,335.0,10.0,324.0,24.0
Worst Plan,1074.0,ESP,1.99,1411.0,1509.0,1677.0,1677.0,15.0,961248.0,1000000.0,1152.0,1.0,559.0,29.0
HYENA,570.0,DSP,1.99,886.0,972.0,1080.0,1080.0,10.0,950364.0,1000000.0,675.0,8.0,360.0,22.0
Summer fantasy (Darwin remix),663.0,DDP,1.99,689.0,745.0,828.0,828.0,10.0,957962.0,1000000.0,273.0,4.0,276.0,13.0
escape,524.0,CSP,1.99,983.0,1071.0,1191.0,1191.0,13.0,950158.0,1000000.0,1133.0,6.0,397.0,45.0
#OurMemories,816.0,CDP,1.98,843.0,909.0,1011.0,1011.0,11.0,960750.0,1000000.0,424.0,3.0,337.0,1.0
No.13,189.0,DSP,1.98,723.0,807.0,897.0,897.0,9.0,944719.0,1000000.0,362.0,12.0,299.0,6.0
INNOCENCE OF SILENCE,172.0,DSP,1.98,506.0,550.0,612.0,612.0,10.0,955901.0,1000000.0,355.0,7.0,204.0,7.0
Dazzlin' Darlin-秋葉工房mix-,346.0,EDP,1.98,1006.0,1090.0,1212.0,1212.0,12.0,958098.0,1000000.0,867.0,4.0,404.0,3.0
Jetcoaster Windy,968.0,ESP,1.98,1531.0,1652.0,1836.0,1836.0,15.0,959044.0,1000000.0,1486.0,2.0,612.0,7.0
I Want You To Know,713.0,EDP,1.98,872.0,939.0,1044.0,1044.0,11.0,959103.0,1000000.0,572.0,3.0,348.0,17.0
Cleopatrysm,606.0,DSP,1.98,894.0,972.0,1080.0,1080.0,11.0,955431.0,1000000.0,968.0,6.0,360.0,15.0
Megalara Garuda,1088.0,DSP,1.98,1538.0,1647.0,1830.0,1830.0,16.0,961769.0,1000000.0,1032.0,1.0,610.0,17.0
Diamond Night,516.0,ESP,1.98,852.0,920.0,1023.0,1023.0,12.0,958352.0,1000000.0,1043.0,4.0,341.0,15.0
Elysium,589.0,CSP,1.98,1080.0,1169.0,1299.0,1299.0,13.0,955812.0,1000000.0,1421.0,4.0,433.0,30.0
PRANA,555.0,DSP,1.98,940.0,1017.0,1131.0,1131.0,11.0,958355.0,1000000.0,1021.0,4.0,377.0,8.0
Confession,520.0,CSP,1.98,1225.0,1333.0,1482.0,1482.0,14.0,954390.0,1000000.0,2067.0,5.0,494.0,21.0
御千手メディテーション,607.0,BDP,1.98,697.0,758.0,843.0,843.0,8.0,954962.0,1000000.0,284.0,5.0,281.0,15.0
sakura storm,383.0,EDP,1.98,790.0,864.0,960.0,960.0,11.0,953688.0,1000000.0,639.0,8.0,320.0,8.0
GOLD RUSH,354.0,DDP,1.97,527.0,580.0,645.0,645.0,7.0,945777.0,1000000.0,253.0,9.0,215.0,26.0
Break Free,710.0,DDP,1.97,655.0,710.0,789.0,789.0,9.0,957211.0,1000000.0,318.0,5.0,263.0,12.0
DIABLOSIS::N&#x101;ga,1215.0,DSP,1.97,1373.0,1439.0,1597.0,1599.0,15.0,968477.0,999980.0,388.0,0.0,533.0,47.0
ベビーステップ,849.0,DDP,1.97,834.0,899.0,999.0,999.0,9.0,955845.0,1000000.0,238.0,3.0,333.0,36.0
STARS☆☆☆（Re-tuned by H&Lambda;L） - DDR EDITION -,261.0,EDP,1.97,750.0,810.0,900.0,900.0,10.0,960657.0,1000000.0,381.0,4.0,300.0,0.0
LOVE &amp; JOY,411.0,ESP,1.97,873.0,961.0,1068.0,1068.0,11.0,951275.0,1000000.0,206.0,6.0,356.0,4.0
CAN'T STOP FALLIN' IN LOVE -super euro version-,153.0,EDP,1.97,697.0,761.0,846.0,846.0,8.0,955668.0,1000000.0,404.0,7.0,282.0,0.0
9th Outburst,1252.0,DDP,1.97,937.0,996.0,1107.0,1107.0,11.0,963040.0,1000000.0,50.0,1.0,369.0,32.0
チルノのパーフェクトさんすう教室,761.0,DDP,1.97,917.0,996.0,1107.0,1107.0,10.0,949410.0,1000000.0,663.0,5.0,369.0,60.0
月光蝶,221.0,DDP,1.97,532.0,577.0,642.0,642.0,7.0,957867.0,1000000.0,175.0,5.0,214.0,2.0
Riot of Color,947.0,DSP,1.96,921.0,985.0,1095.0,1095.0,12.0,961314.0,1000000.0,1186.0,2.0,365.0,23.0
Share The Love,440.0,EDP,1.96,784.0,831.0,924.0,924.0,12.0,966790.0,1000000.0,341.0,1.0,308.0,8.0
PARANOiA MAX～DIRTY MIX～,10.0,DSP,1.96,713.0,777.0,864.0,864.0,10.0,956497.0,1000000.0,554.0,7.0,288.0,0.0
DIVE TO THE NIGHT,78.0,EDP,1.96,853.0,926.0,1029.0,1029.0,12.0,958125.0,1000000.0,547.0,5.0,343.0,2.0
腐れ外道とチョコレゐト,854.0,BDP,1.96,673.0,729.0,810.0,810.0,8.0,954691.0,1000000.0,311.0,5.0,270.0,26.0
クリムゾンゲイト,629.0,ESP,1.96,1220.0,1317.0,1464.0,1464.0,13.0,959104.0,1000000.0,1602.0,3.0,488.0,8.0
Lachryma《Re:Queen&rsquo;M》,920.0,BSP,1.96,731.0,793.0,882.0,882.0,9.0,954020.0,1000000.0,670.0,6.0,294.0,25.0
Puberty Dysthymia,806.0,BSP,1.96,665.0,715.0,795.0,795.0,8.0,958323.0,1000000.0,1388.0,5.0,265.0,22.0
メンタンピンドラドラ,1194.0,DDP,1.95,822.0,891.0,990.0,990.0,11.0,957913.0,1000000.0,232.0,4.0,330.0,6.0
Qwerty,1075.0,DDP,1.95,830.0,896.0,996.0,996.0,10.0,957976.0,1000000.0,171.0,3.0,332.0,17.0
BALLAD FOR YOU～想いの雨～,149.0,EDP,1.95,670.0,718.0,798.0,798.0,9.0,960236.0,1000000.0,355.0,3.0,266.0,21.0
熱情のサパデアード,847.0,DSP,1.95,787.0,850.0,945.0,945.0,9.0,957321.0,1000000.0,429.0,4.0,315.0,20.0
Find The Way,506.0,ESP,1.95,1020.0,1109.0,1233.0,1233.0,12.0,955628.0,1000000.0,1573.0,6.0,411.0,13.0
Mythomane,915.0,DDP,1.95,695.0,742.0,825.0,825.0,10.0,964280.0,1000000.0,210.0,2.0,275.0,6.0
V ～for EXTREME～,138.0,EDP,1.95,834.0,904.0,1005.0,1005.0,11.0,958025.0,1000000.0,579.0,5.0,335.0,4.0
Wuv U,1114.0,EDP,1.95,1039.0,1115.0,1239.0,1239.0,14.0,960565.0,1000000.0,306.0,2.0,413.0,20.0
PUT YOUR FAITH IN ME (DA's Twinkly Disco Remix),483.0,DDP,1.95,543.0,588.0,654.0,654.0,9.0,956725.0,1000000.0,202.0,5.0,218.0,12.0
Engraved Mark,580.0,BDP,1.95,662.0,720.0,801.0,801.0,8.0,954142.0,1000000.0,360.0,6.0,267.0,17.0
突撃！ガラスのニーソ姫！,659.0,DSP,1.94,948.0,1026.0,1140.0,1140.0,11.0,955336.0,1000000.0,1190.0,5.0,380.0,32.0
Sword of Vengeance,1008.0,ESP,1.94,1801.0,1946.0,2163.0,2163.0,16.0,957602.0,1000000.0,1410.0,2.0,721.0,14.0
DYNAMITE RAVE,18.0,CSP,1.94,913.0,993.0,1104.0,1104.0,12.0,956233.0,1000000.0,1380.0,7.0,368.0,6.0
Jucunda Memoria,1015.0,DSP,1.94,1310.0,1409.0,1566.0,1566.0,14.0,959993.0,1000000.0,990.0,2.0,522.0,17.0
The Heavens Above,416.0,EDP,1.94,832.0,896.0,996.0,996.0,12.0,957175.0,1000000.0,285.0,3.0,332.0,31.0
JET WORLD,119.0,EDP,1.94,741.0,799.0,888.0,888.0,11.0,959905.0,1000000.0,427.0,4.0,296.0,9.0
osaka EVOLVED -毎度、おおきに！- (TYPE3),461.0,begSP,1.94,474.0,526.0,585.0,585.0,9.0,943598.0,1000000.0,202.0,11.0,195.0,17.0
Somehow You Found Me,522.0,ESP,1.94,1003.0,1096.0,1218.0,1218.0,13.0,954992.0,1000000.0,1778.0,9.0,406.0,0.0
Snow Garland Fairy,1155.0,DDP,1.94,999.0,1061.0,1179.0,1179.0,13.0,963478.0,1000000.0,404.0,1.0,393.0,32.0
The Least 100sec,134.0,BDP,1.94,427.0,464.0,516.0,516.0,7.0,956403.0,1000000.0,134.0,6.0,172.0,5.0
La libertad,363.0,DDP,1.94,714.0,777.0,864.0,864.0,9.0,955667.0,1000000.0,218.0,5.0,288.0,9.0
GAIA,535.0,BSP,1.93,886.0,966.0,1074.0,1074.0,10.0,952566.0,1000000.0,813.0,7.0,358.0,25.0
New Gravity,497.0,DDP,1.93,751.0,815.0,906.0,906.0,9.0,957959.0,1000000.0,301.0,5.0,302.0,1.0
至上のラトゥーリア,935.0,DSP,1.93,732.0,796.0,885.0,885.0,9.0,954381.0,1000000.0,401.0,6.0,295.0,18.0
Let's Get Away,421.0,DDP,1.93,780.0,845.0,939.0,939.0,10.0,950359.0,1000000.0,413.0,5.0,313.0,53.0
jane jana,118.0,DDP,1.93,429.0,467.0,519.0,519.0,7.0,957881.0,1000000.0,177.0,7.0,173.0,0.0
Metamorphic,1256.0,ESP,1.93,1547.0,1614.0,1791.0,1794.0,16.0,972932.0,999970.0,225.0,0.0,598.0,1.0
bass 2 bass,695.0,DSP,1.93,647.0,718.0,798.0,798.0,9.0,948418.0,1000000.0,1095.0,21.0,266.0,1.0
air,102.0,DDP,1.93,457.0,510.0,567.0,567.0,7.0,945395.0,1000000.0,188.0,12.0,189.0,4.0
回レ！雪月花,566.0,DDP,1.93,515.0,580.0,645.0,645.0,7.0,940349.0,1000000.0,498.0,22.0,215.0,8.0
IN BETWEEN,789.0,ESP,1.93,1163.0,1271.0,1413.0,1413.0,15.0,953528.0,1000000.0,2255.0,8.0,471.0,12.0
いーあるふぁんくらぶ,784.0,DDP,1.92,605.0,658.0,732.0,732.0,9.0,955203.0,1000000.0,543.0,8.0,244.0,10.0
MIDNIGHT SPECIAL,183.0,DSP,1.92,610.0,666.0,741.0,741.0,9.0,953640.0,1000000.0,200.0,6.0,247.0,11.0
SILVER☆DREAM,458.0,BSP,1.92,680.0,769.0,855.0,855.0,8.0,936837.0,1000000.0,501.0,20.0,285.0,17.0
stomp to my beat,475.0,DDP,1.92,448.0,477.0,531.0,531.0,8.0,965814.0,1000000.0,47.0,2.0,177.0,0.0
Rescue Me,436.0,DDP,1.92,581.0,626.0,696.0,696.0,9.0,961255.0,1000000.0,175.0,4.0,232.0,0.0
BLSTR,864.0,DDP,1.92,1061.0,1128.0,1254.0,1254.0,12.0,963924.0,1000000.0,501.0,1.0,418.0,24.0
DROP,349.0,EDP,1.92,1050.0,1117.0,1242.0,1242.0,13.0,963109.0,1000000.0,552.0,1.0,414.0,31.0
Alone,870.0,DDP,1.92,674.0,729.0,810.0,810.0,9.0,959539.0,1000000.0,311.0,5.0,270.0,3.0
LOVE IS ORANGE,178.0,CDP,1.92,821.0,882.0,981.0,981.0,12.0,961035.0,1000000.0,557.0,3.0,327.0,11.0
MOVE! (We Keep It Movin'),1019.0,EDP,1.92,1034.0,1107.0,1230.0,1230.0,12.0,960628.0,1000000.0,473.0,2.0,410.0,28.0
しゃかりきリレーション,773.0,EDP,1.91,1021.0,1104.0,1227.0,1227.0,12.0,958088.0,1000000.0,697.0,4.0,409.0,13.0
Worst Plan,1074.0,DDP,1.91,1011.0,1074.0,1194.0,1194.0,12.0,964360.0,1000000.0,234.0,1.0,398.0,23.0
Jungle Dance,1193.0,ESP,1.91,1592.0,1701.0,1890.0,1890.0,16.0,961815.0,1000000.0,853.0,1.0,630.0,27.0
STARS☆☆☆(2nd NAOKI's style),205.0,EDP,1.91,791.0,853.0,948.0,948.0,11.0,957805.0,1000000.0,375.0,4.0,316.0,21.0
Shut Up and Dance,714.0,DSP,1.91,515.0,561.0,624.0,624.0,8.0,955187.0,1000000.0,308.0,8.0,208.0,7.0
パ&rarr;ピ&rarr;プ&rarr;Yeah!,667.0,DSP,1.91,753.0,820.0,912.0,912.0,10.0,954998.0,1000000.0,1478.0,10.0,304.0,10.0
CHOCOLATE PHILOSOPHY,776.0,DDP,1.91,510.0,564.0,627.0,627.0,8.0,944134.0,1000000.0,293.0,12.0,209.0,25.0
Far east nightbird kors k Remix -DDR edit ver-,736.0,DSP,1.91,798.0,872.0,969.0,969.0,11.0,953694.0,1000000.0,979.0,10.0,323.0,11.0
Dragon Blade,158.0,DDP,1.91,780.0,839.0,933.0,933.0,11.0,961712.0,1000000.0,225.0,3.0,311.0,1.0
Twinkle Wonderland,982.0,DDP,1.91,783.0,842.0,936.0,936.0,10.0,954548.0,1000000.0,200.0,3.0,312.0,47.0
初音ミクの消失,760.0,DSP,1.91,989.0,1096.0,1218.0,1218.0,10.0,947491.0,1000000.0,1074.0,14.0,406.0,12.0
SUPER SUMMER SALE,808.0,ESP,1.9,1562.0,1701.0,1890.0,1890.0,15.0,954628.0,1000000.0,2049.0,5.0,630.0,14.0
DUAL STRIKER,1117.0,DDP,1.9,1326.0,1414.0,1572.0,1572.0,13.0,963113.0,1000000.0,470.0,1.0,524.0,21.0
Uranus,269.0,CSP,1.9,1015.0,1085.0,1206.0,1206.0,13.0,964229.0,1000000.0,1266.0,2.0,402.0,0.0
Triple Counter,742.0,BDP,1.9,776.0,834.0,927.0,927.0,9.0,960658.0,1000000.0,770.0,4.0,309.0,12.0
Triple Cross,1032.0,DDP,1.9,1282.0,1366.0,1518.0,1518.0,13.0,961698.0,1000000.0,416.0,1.0,506.0,44.0
PARANOiA (kskst mix),487.0,BDP,1.9,826.0,899.0,999.0,999.0,9.0,954718.0,1000000.0,405.0,6.0,333.0,17.0
ずっとみつめていて (Ryu☆Remix),502.0,CSP,1.9,1202.0,1312.0,1458.0,1458.0,15.0,953009.0,1000000.0,2287.0,8.0,486.0,23.0
iFUTURELIST(DDR VERSION),171.0,CSP,1.9,918.0,974.0,1083.0,1083.0,13.0,966781.0,1000000.0,1165.0,1.0,361.0,6.0
Xepher,214.0,ESP,1.9,1150.0,1231.0,1368.0,1368.0,13.0,962292.0,1000000.0,1890.0,2.0,456.0,14.0
エイリアンエイリアン,782.0,EDP,1.9,1291.0,1385.0,1539.0,1539.0,12.0,959613.0,1000000.0,1154.0,2.0,513.0,33.0
GAIA,535.0,DSP,1.9,1255.0,1352.0,1503.0,1503.0,13.0,958862.0,1000000.0,1741.0,3.0,501.0,19.0
A Stupid Barber,145.0,EDP,1.89,692.0,747.0,831.0,831.0,9.0,959312.0,1000000.0,473.0,5.0,277.0,6.0
CROSS,865.0,DDP,1.89,796.0,855.0,951.0,951.0,10.0,960054.0,1000000.0,315.0,3.0,317.0,16.0
heron,493.0,DSP,1.89,648.0,723.0,804.0,804.0,9.0,942637.0,1000000.0,512.0,17.0,268.0,16.0
Heaven is a '57 metallic gray ～gimmix～,115.0,DDP,1.89,637.0,688.0,765.0,765.0,7.0,958503.0,1000000.0,150.0,4.0,255.0,10.0
Theory of Eternity,393.0,DDP,1.89,813.0,891.0,990.0,990.0,9.0,952083.0,1000000.0,391.0,8.0,330.0,14.0
DROP OUT,34.0,DSP,1.89,739.0,799.0,888.0,888.0,10.0,959951.0,1000000.0,663.0,6.0,296.0,0.0
SILVER☆DREAM,458.0,BDP,1.89,778.0,853.0,948.0,948.0,9.0,945135.0,1000000.0,349.0,8.0,316.0,51.0
LOVE &amp; JOY,411.0,DSP,1.88,723.0,774.0,861.0,861.0,9.0,961801.0,1000000.0,57.0,2.0,287.0,11.0
SOUL CRASH,259.0,DDP,1.88,691.0,756.0,840.0,840.0,9.0,953485.0,1000000.0,151.0,6.0,280.0,8.0
Sephirot,739.0,DDP,1.88,835.0,904.0,1005.0,1005.0,9.0,957791.0,1000000.0,799.0,6.0,335.0,9.0
怒れる大きな白い馬,223.0,DSP,1.88,570.0,618.0,687.0,687.0,8.0,959028.0,1000000.0,374.0,7.0,229.0,1.0
なだめスかし Negotiation,979.0,EDP,1.88,773.0,828.0,921.0,921.0,11.0,961460.0,1000000.0,475.0,3.0,307.0,13.0
Electrified,238.0,EDP,1.88,732.0,780.0,867.0,867.0,11.0,965835.0,1000000.0,328.0,2.0,289.0,3.0
toy boxer,891.0,DDP,1.88,961.0,1026.0,1140.0,1140.0,12.0,964292.0,1000000.0,559.0,2.0,380.0,5.0
Inspiration,292.0,EDP,1.88,673.0,731.0,813.0,813.0,9.0,956089.0,1000000.0,293.0,6.0,271.0,10.0
お米の美味しい炊き方、そしてお米を食べることによるその効果。,531.0,DSP,1.88,1296.0,1406.0,1563.0,1563.0,12.0,956831.0,1000000.0,1662.0,5.0,521.0,7.0
Realize,998.0,ESP,1.87,1098.0,1174.0,1305.0,1305.0,14.0,961659.0,1000000.0,1230.0,2.0,435.0,23.0
HYPERDRIVE,948.0,EDP,1.87,1010.0,1080.0,1200.0,1200.0,12.0,963347.0,1000000.0,574.0,2.0,400.0,11.0
Programmed Universe,407.0,DSP,1.87,658.0,712.0,792.0,792.0,9.0,956852.0,1000000.0,277.0,5.0,264.0,16.0
Chinese Snowy Dance,556.0,DSP,1.87,979.0,1053.0,1170.0,1170.0,12.0,958876.0,1000000.0,1324.0,4.0,390.0,25.0
ONYX,1006.0,EDP,1.87,1496.0,1609.0,1788.0,1788.0,14.0,960624.0,1000000.0,538.0,2.0,596.0,5.0
Shiny World,388.0,ESP,1.87,924.0,1004.0,1116.0,1116.0,14.0,957292.0,1000000.0,2075.0,9.0,372.0,1.0
魔法のたまご ～心菜 ELECTRO POP edition～,686.0,DDP,1.87,593.0,639.0,711.0,711.0,8.0,960682.0,1000000.0,357.0,5.0,237.0,3.0
ハピ恋☆らぶりぃタイム!!,720.0,EDP,1.87,922.0,996.0,1107.0,1107.0,11.0,959292.0,1000000.0,865.0,5.0,369.0,6.0
アルストロメリア (walk with you remix),456.0,DSP,1.87,732.0,818.0,909.0,909.0,8.0,941198.0,1000000.0,956.0,23.0,303.0,25.0
Ha･lle･lu･jah,696.0,DSP,1.87,655.0,718.0,798.0,798.0,9.0,953266.0,1000000.0,1199.0,16.0,266.0,5.0
Nostalgia Is Lost,612.0,DSP,1.87,1008.0,1096.0,1218.0,1218.0,11.0,954892.0,1000000.0,687.0,6.0,406.0,20.0
華爛漫 -Flowers-,220.0,DSP,1.87,649.0,737.0,819.0,819.0,7.0,938402.0,1000000.0,900.0,34.0,273.0,1.0
THIS IS MY LAST RESORT ,1051.0,DDP,1.87,1113.0,1182.0,1314.0,1314.0,12.0,965049.0,1000000.0,194.0,1.0,438.0,17.0
HAPPY☆ANGEL,168.0,DSP,1.87,694.0,783.0,870.0,870.0,8.0,938694.0,1000000.0,685.0,25.0,290.0,14.0
雫,454.0,DSP,1.86,785.0,866.0,963.0,963.0,9.0,948481.0,1000000.0,396.0,10.0,321.0,17.0
TEARS,133.0,EDP,1.86,875.0,926.0,1029.0,1029.0,12.0,967805.0,1000000.0,396.0,1.0,343.0,7.0
恋はどう？モロ◎波動OK☆方程式！！,572.0,BDP,1.86,597.0,650.0,723.0,723.0,6.0,950383.0,1000000.0,262.0,7.0,241.0,31.0
will,331.0,EDP,1.86,754.0,810.0,900.0,900.0,11.0,959776.0,1000000.0,431.0,4.0,300.0,19.0
PUT YOUR FAITH IN ME (DA's Twinkly Disco Remix),483.0,ESP,1.86,985.0,1063.0,1182.0,1182.0,13.0,957495.0,1000000.0,1429.0,5.0,394.0,22.0
Ska Ska No.3,203.0,EDP,1.86,622.0,664.0,738.0,738.0,10.0,965448.0,1000000.0,322.0,3.0,246.0,0.0
DREAMING-ING!!,764.0,DDP,1.86,782.0,842.0,936.0,936.0,10.0,961238.0,1000000.0,409.0,4.0,312.0,4.0
Fascination ～eternal love mix～,159.0,begSP,1.86,553.0,615.0,684.0,684.0,9.0,947670.0,1000000.0,511.0,18.0,228.0,2.0
ビューティフル レシート,405.0,EDP,1.86,992.0,1069.0,1188.0,1188.0,13.0,954928.0,1000000.0,754.0,4.0,396.0,50.0
蒼が消えるとき,961.0,DDP,1.85,842.0,915.0,1017.0,1017.0,9.0,954884.0,1000000.0,395.0,6.0,339.0,19.0
Life is beautiful,805.0,ESP,1.85,1627.0,1763.0,1959.0,1959.0,16.0,955013.0,1000000.0,2120.0,4.0,653.0,37.0
Go&darr;Go&uarr;Girls&amp;Boys!,627.0,EDP,1.85,880.0,947.0,1053.0,1053.0,11.0,960239.0,1000000.0,684.0,4.0,351.0,10.0
Like A Star,1058.0,DDP,1.85,1017.0,1088.0,1209.0,1209.0,12.0,961328.0,1000000.0,309.0,2.0,403.0,27.0
GOLD RUSH,354.0,DSP,1.85,613.0,685.0,762.0,762.0,8.0,938721.0,1000000.0,512.0,19.0,254.0,29.0
Jucunda Memoria,1015.0,BSP,1.85,908.0,985.0,1095.0,1095.0,10.0,957720.0,1000000.0,344.0,5.0,365.0,3.0
Starlight Fantasia (Endorphins Mix),647.0,DSP,1.85,1027.0,1107.0,1230.0,1230.0,12.0,959342.0,1000000.0,786.0,4.0,410.0,15.0
Triple Journey -TAG EDITION-,558.0,BDP,1.85,698.0,756.0,840.0,840.0,8.0,955754.0,1000000.0,351.0,6.0,280.0,22.0
REVOLUTIONARY ADDICT,481.0,DSP,1.85,768.0,834.0,927.0,927.0,10.0,955884.0,1000000.0,572.0,7.0,309.0,16.0
Next Phase,1004.0,DDP,1.85,1110.0,1179.0,1311.0,1311.0,11.0,965938.0,1000000.0,228.0,1.0,437.0,8.0
KIMONO&hearts;PRINCESS,361.0,DSP,1.85,970.0,1063.0,1182.0,1182.0,12.0,949786.0,1000000.0,1812.0,13.0,394.0,28.0
ノープラン・デイズ,1038.0,DDP,1.85,1329.0,1414.0,1572.0,1572.0,12.0,961343.0,1000000.0,467.0,1.0,524.0,51.0
TRIP MACHINE (xac nanoglide mix),484.0,DDP,1.85,1026.0,1088.0,1209.0,1209.0,12.0,965124.0,1000000.0,315.0,1.0,403.0,26.0
Habibe (Antuh muhleke),605.0,DDP,1.85,752.0,801.0,891.0,891.0,11.0,962742.0,1000000.0,215.0,2.0,297.0,20.0
neko＊neko,670.0,DSP,1.85,734.0,807.0,897.0,897.0,9.0,950067.0,1000000.0,475.0,11.0,299.0,16.0
Silly Love,924.0,DSP,1.85,1018.0,1098.0,1221.0,1221.0,11.0,958331.0,1000000.0,849.0,4.0,407.0,20.0
Elysium,589.0,EDP,1.85,773.0,823.0,915.0,915.0,11.0,962877.0,1000000.0,374.0,2.0,305.0,24.0
On The Break,300.0,DSP,1.84,808.0,872.0,969.0,969.0,10.0,956797.0,1000000.0,559.0,5.0,323.0,29.0
Fever,406.0,EDP,1.84,696.0,747.0,831.0,831.0,9.0,960189.0,1000000.0,454.0,4.0,277.0,16.0
My Only Shining Star,188.0,EDP,1.84,831.0,885.0,984.0,984.0,11.0,965839.0,1000000.0,453.0,2.0,328.0,0.0
DIVE TO THE NIGHT,78.0,DDP,1.84,644.0,704.0,783.0,783.0,9.0,954543.0,1000000.0,271.0,8.0,261.0,3.0
iFUTURELIST(DDR VERSION),171.0,EDP,1.83,751.0,799.0,888.0,888.0,11.0,965167.0,1000000.0,257.0,2.0,296.0,10.0
HYSTERIA,38.0,EDP,1.83,716.0,772.0,858.0,858.0,10.0,961504.0,1000000.0,426.0,5.0,286.0,0.0
8000000,666.0,DSP,1.83,876.0,955.0,1062.0,1062.0,10.0,955746.0,1000000.0,639.0,8.0,354.0,1.0
switch,264.0,EDP,1.83,732.0,793.0,882.0,882.0,10.0,957071.0,1000000.0,433.0,6.0,294.0,13.0
Frozen Ray ～for EXTREME～,111.0,EDP,1.83,898.0,963.0,1071.0,1071.0,11.0,962685.0,1000000.0,459.0,3.0,357.0,1.0
ハピ恋☆らぶりぃタイム!!,720.0,DDP,1.83,659.0,718.0,798.0,798.0,8.0,955854.0,1000000.0,479.0,9.0,266.0,7.0
Eon Break,1166.0,BDP,1.83,665.0,715.0,795.0,795.0,9.0,960684.0,1000000.0,243.0,4.0,265.0,10.0
BURNING HEAT！（3 Option MIX）,73.0,DDP,1.83,551.0,594.0,660.0,660.0,7.0,957027.0,1000000.0,186.0,5.0,220.0,22.0
イーディーエム・ジャンパーズ,675.0,DSP,1.83,673.0,737.0,819.0,819.0,8.0,949727.0,1000000.0,694.0,13.0,273.0,25.0
JOKER,539.0,EDP,1.83,1018.0,1088.0,1209.0,1209.0,11.0,961616.0,1000000.0,290.0,2.0,403.0,27.0
STARS☆☆☆（Re-tuned by H&Lambda;L） - DDR EDITION -,261.0,DDP,1.83,720.0,777.0,864.0,864.0,9.0,959822.0,1000000.0,189.0,4.0,288.0,7.0
Crazy Shuffle,885.0,DDP,1.83,911.0,982.0,1092.0,1092.0,10.0,955048.0,1000000.0,490.0,4.0,364.0,45.0
A,100.0,DSP,1.83,596.0,656.0,729.0,729.0,8.0,951885.0,1000000.0,393.0,13.0,243.0,2.0
Healing Vision ～Angelic mix～,63.0,BDP,1.82,671.0,734.0,816.0,816.0,8.0,954938.0,1000000.0,335.0,9.0,272.0,0.0
WILD RUSH,47.0,DDP,1.82,610.0,648.0,720.0,720.0,9.0,967850.0,1000000.0,152.0,2.0,240.0,0.0
イーディーエム・ジャンパーズ,675.0,DDP,1.82,655.0,704.0,783.0,783.0,8.0,958158.0,1000000.0,453.0,5.0,261.0,22.0
Prettiful!,1123.0,ESP,1.82,1568.0,1641.0,1822.0,1824.0,15.0,969056.0,999980.0,956.0,0.0,608.0,47.0
MY SUMMER LOVE(TOMMY'S SMILE MIX),85.0,CDP,1.82,727.0,777.0,864.0,864.0,11.0,963993.0,1000000.0,418.0,3.0,288.0,5.0
New Century,700.0,BSP,1.82,754.0,842.0,936.0,936.0,9.0,941063.0,1000000.0,1189.0,27.0,312.0,25.0
ORION.78～civilization mix～,66.0,ESP,1.82,983.0,1055.0,1173.0,1173.0,13.0,962368.0,1000000.0,1758.0,4.0,391.0,0.0
Uranus,269.0,DDP,1.82,727.0,780.0,867.0,867.0,9.0,962301.0,1000000.0,148.0,3.0,289.0,7.0
888,336.0,BSP,1.82,535.0,588.0,654.0,654.0,6.0,950951.0,1000000.0,345.0,12.0,218.0,10.0
I'm so Happy,359.0,ESP,1.82,990.0,1080.0,1200.0,1200.0,12.0,953662.0,1000000.0,2033.0,12.0,400.0,17.0
stellar rain,1076.0,EDP,1.82,1200.0,1274.0,1416.0,1416.0,13.0,965548.0,1000000.0,338.0,1.0,472.0,15.0
LoveLove DokiDoki,594.0,EDP,1.82,1335.0,1406.0,1562.0,1563.0,12.0,967835.0,999990.0,263.0,0.0,521.0,24.0
The legend of MAX,135.0,DSP,1.81,978.0,1042.0,1158.0,1158.0,13.0,962707.0,1000000.0,1433.0,2.0,386.0,29.0
New Era,862.0,BSP,1.81,881.0,958.0,1065.0,1065.0,11.0,955169.0,1000000.0,808.0,8.0,355.0,16.0
New York EVOLVED (Type A),465.0,BDP,1.81,666.0,720.0,801.0,801.0,8.0,953726.0,1000000.0,233.0,5.0,267.0,34.0
御千手メディテーション,607.0,DSP,1.81,1023.0,1096.0,1218.0,1218.0,12.0,961296.0,1000000.0,1088.0,3.0,406.0,21.0
BURNIN' THE FLOOR,30.0,EDP,1.81,746.0,799.0,888.0,888.0,10.0,963824.0,1000000.0,621.0,4.0,296.0,0.0
CONNECT-,983.0,DDP,1.81,920.0,988.0,1098.0,1098.0,10.0,961494.0,1000000.0,246.0,3.0,366.0,9.0
LEADING CYBER,39.0,DDP,1.81,649.0,696.0,774.0,774.0,10.0,963044.0,1000000.0,270.0,4.0,258.0,0.0
鏡花水月楼 (DDR EDITION),1080.0,ESP,1.81,1241.0,1339.0,1488.0,1488.0,14.0,958921.0,1000000.0,984.0,4.0,496.0,13.0
ちくわパフェだよ☆ＣＫＰ,561.0,BSP,1.81,544.0,604.0,672.0,672.0,7.0,946090.0,1000000.0,471.0,18.0,224.0,10.0
Start a New Day,746.0,DSP,1.81,955.0,1039.0,1155.0,1155.0,11.0,951812.0,1000000.0,1186.0,9.0,385.0,38.0
Abyss,49.0,DSP,1.81,571.0,631.0,702.0,702.0,7.0,950825.0,1000000.0,336.0,13.0,234.0,0.0
クリムゾンゲイト,629.0,DSP,1.8,819.0,885.0,984.0,984.0,10.0,958596.0,1000000.0,589.0,6.0,328.0,8.0
最速最高シャッターガール,1142.0,ESP,1.8,1543.0,1628.0,1808.0,1809.0,16.0,966445.0,999990.0,976.0,0.0,603.0,39.0
IF YOU WERE HERE,357.0,BDP,1.8,531.0,553.0,614.0,615.0,9.0,972611.0,999990.0,73.0,0.0,205.0,12.0
KHAMEN BREAK,608.0,DSP,1.8,1084.0,1188.0,1320.0,1320.0,11.0,951904.0,1000000.0,1158.0,11.0,440.0,17.0
LIKE A VAMPIRE,1020.0,BDP,1.8,640.0,691.0,768.0,768.0,7.0,957481.0,1000000.0,204.0,5.0,256.0,18.0
Pink Rose,128.0,EDP,1.8,620.0,669.0,744.0,744.0,10.0,958139.0,1000000.0,862.0,8.0,248.0,15.0
A,100.0,DDP,1.8,535.0,583.0,648.0,648.0,7.0,956597.0,1000000.0,208.0,8.0,216.0,2.0
MEGALOVANIA,1071.0,BDP,1.8,731.0,788.0,876.0,876.0,9.0,955778.0,1000000.0,318.0,5.0,292.0,32.0
Party Rock Anthem,875.0,EDP,1.79,796.0,850.0,945.0,945.0,11.0,962341.0,1000000.0,677.0,3.0,315.0,20.0
スーパー戦湯ババンバーン,1021.0,DSP,1.79,1064.0,1147.0,1275.0,1275.0,11.0,956862.0,1000000.0,588.0,4.0,425.0,36.0
Follow Tomorrow,609.0,DSP,1.79,691.0,761.0,846.0,846.0,8.0,950715.0,1000000.0,688.0,16.0,282.0,6.0
イノセントバイブル,974.0,EDP,1.79,777.0,834.0,927.0,927.0,10.0,960182.0,1000000.0,418.0,4.0,309.0,20.0
The Wind of Gold,552.0,ESP,1.79,1311.0,1401.0,1557.0,1557.0,14.0,958858.0,1000000.0,2255.0,2.0,519.0,61.0
DYNAMITE RAVE (&quot;AIR&quot; Special),237.0,CDP,1.79,531.0,585.0,651.0,651.0,9.0,952096.0,1000000.0,968.0,22.0,217.0,0.0
Music In The Rhythm,249.0,DDP,1.79,706.0,761.0,846.0,846.0,9.0,961102.0,1000000.0,149.0,4.0,282.0,1.0
rainbow rainbow,197.0,EDP,1.78,782.0,845.0,939.0,939.0,11.0,958859.0,1000000.0,484.0,6.0,313.0,11.0
虹色,224.0,DDP,1.78,540.0,588.0,654.0,654.0,7.0,956253.0,1000000.0,284.0,9.0,218.0,3.0
Electro Tuned ( the SubS Mix ),55.0,EDP,1.78,770.0,823.0,915.0,915.0,11.0,964649.0,1000000.0,337.0,3.0,305.0,0.0
ORION.78～civilization mix～,66.0,DSP,1.78,757.0,810.0,900.0,900.0,12.0,964603.0,1000000.0,750.0,4.0,300.0,0.0
MAGIC PARADE,422.0,EDP,1.78,884.0,934.0,1038.0,1038.0,10.0,967548.0,1000000.0,294.0,1.0,346.0,16.0
.59,27.0,DSP,1.78,577.0,631.0,702.0,702.0,8.0,955008.0,1000000.0,308.0,10.0,234.0,0.0
ユメブキ,1024.0,DDP,1.78,1156.0,1242.0,1380.0,1380.0,12.0,961435.0,1000000.0,402.0,3.0,460.0,6.0
FLOWER,457.0,DSP,1.78,927.0,1015.0,1128.0,1128.0,10.0,952592.0,1000000.0,1166.0,13.0,376.0,13.0
Time Of Our Lives,715.0,DSP,1.78,531.0,577.0,642.0,642.0,9.0,956291.0,1000000.0,338.0,9.0,214.0,7.0
New Gravity,497.0,EDP,1.77,949.0,1015.0,1128.0,1128.0,12.0,964038.0,1000000.0,625.0,3.0,376.0,1.0
Firestorm,919.0,ESP,1.77,1328.0,1425.0,1584.0,1584.0,16.0,959069.0,1000000.0,1732.0,3.0,528.0,36.0
esrev:eR,586.0,DDP,1.77,711.0,769.0,855.0,855.0,9.0,956289.0,1000000.0,329.0,6.0,285.0,22.0
男々道,222.0,ESP,1.77,923.0,985.0,1095.0,1095.0,12.0,964896.0,1000000.0,1385.0,3.0,365.0,0.0
妄想感傷代償連盟,881.0,EDP,1.77,751.0,804.0,894.0,894.0,12.0,961258.0,1000000.0,647.0,4.0,298.0,19.0
エンドルフィン,626.0,DSP,1.77,987.0,1055.0,1173.0,1173.0,12.0,963639.0,1000000.0,1645.0,3.0,391.0,7.0
ウソツキ横丁は雨模様,975.0,EDP,1.77,1070.0,1142.0,1269.0,1269.0,11.0,962413.0,1000000.0,377.0,2.0,423.0,27.0
御千手メディテーション,607.0,BSP,1.77,693.0,761.0,846.0,846.0,8.0,950672.0,1000000.0,363.0,11.0,282.0,15.0
Go For The Top,485.0,BSP,1.77,634.0,693.0,771.0,771.0,8.0,951093.0,1000000.0,445.0,11.0,257.0,20.0
London EVOLVED ver.C,470.0,ESP,1.77,1235.0,1331.0,1479.0,1479.0,14.0,960236.0,1000000.0,1984.0,5.0,493.0,3.0
New Generation,559.0,ESP,1.77,1261.0,1352.0,1503.0,1503.0,14.0,958325.0,1000000.0,1890.0,3.0,501.0,48.0
Starry HEAVEN,504.0,EDP,1.77,759.0,807.0,897.0,897.0,11.0,965568.0,1000000.0,208.0,2.0,299.0,11.0
Somehow You Found Me,522.0,DDP,1.76,780.0,845.0,939.0,939.0,10.0,957883.0,1000000.0,428.0,7.0,313.0,8.0
INTO YOUR HEART (Ruffage remix),293.0,EDP,1.76,759.0,818.0,909.0,909.0,11.0,959386.0,1000000.0,490.0,6.0,303.0,12.0
Star Gate Heaven (FUTURE LOVE Mix),260.0,EDP,1.76,928.0,980.0,1089.0,1089.0,13.0,966276.0,1000000.0,490.0,1.0,363.0,28.0
I Want You To Know,713.0,DSP,1.76,560.0,618.0,687.0,687.0,8.0,949034.0,1000000.0,387.0,15.0,229.0,12.0
Strobe&#9825;Girl,601.0,ESP,1.76,1287.0,1382.0,1536.0,1536.0,14.0,960269.0,1000000.0,802.0,3.0,512.0,20.0
星屑のキロク,574.0,DDP,1.76,901.0,974.0,1083.0,1083.0,10.0,949353.0,1000000.0,338.0,5.0,361.0,72.0
Struggle,654.0,DDP,1.75,865.0,947.0,1053.0,1053.0,10.0,953894.0,1000000.0,526.0,10.0,351.0,4.0
DEADLOCK -Out Of Reach-,966.0,DSP,1.75,1349.0,1431.0,1590.0,1590.0,13.0,963951.0,1000000.0,1206.0,1.0,530.0,39.0
&uarr;&uarr;&darr;&darr;&larr;&rarr;&larr;&rarr;BA,1064.0,EDP,1.75,945.0,1012.0,1125.0,1125.0,12.0,955017.0,1000000.0,344.0,3.0,375.0,67.0
ヤマトなでなで&#9825;かぐや姫,573.0,DDP,1.75,627.0,683.0,759.0,759.0,8.0,952465.0,1000000.0,396.0,10.0,253.0,24.0
Daily Lunch Special,582.0,ESP,1.75,1485.0,1595.0,1773.0,1773.0,14.0,958337.0,1000000.0,2401.0,3.0,591.0,44.0
BURNING HEAT！（3 Option MIX）,73.0,DSP,1.75,573.0,615.0,684.0,684.0,8.0,956724.0,1000000.0,408.0,6.0,228.0,29.0
ALBIDA,1091.0,ESP,1.75,1479.0,1582.0,1758.0,1758.0,16.0,962367.0,1000000.0,1058.0,2.0,586.0,14.0
A,100.0,CSP,1.75,819.0,888.0,987.0,987.0,12.0,958521.0,1000000.0,1666.0,11.0,329.0,3.0
VEGA,581.0,DSP,1.75,1182.0,1298.0,1443.0,1443.0,11.0,950311.0,1000000.0,1172.0,12.0,481.0,22.0
Skywalking,842.0,DSP,1.75,1042.0,1125.0,1251.0,1251.0,11.0,958813.0,1000000.0,654.0,5.0,417.0,11.0
AFRONOVA PRIMEVAL,50.0,DSP,1.75,774.0,869.0,966.0,966.0,9.0,943123.0,1000000.0,415.0,19.0,322.0,0.0
Sand Blow,637.0,DSP,1.75,1011.0,1093.0,1215.0,1215.0,12.0,958577.0,1000000.0,810.0,6.0,405.0,10.0
Star Trail,699.0,DDP,1.75,668.0,720.0,801.0,801.0,9.0,958480.0,1000000.0,368.0,6.0,267.0,14.0
In The Air,442.0,EDP,1.75,738.0,791.0,879.0,879.0,11.0,963037.0,1000000.0,266.0,4.0,293.0,3.0
スカーレット警察のゲットーパトロール24時,1145.0,DDP,1.74,803.0,858.0,954.0,954.0,11.0,961007.0,1000000.0,289.0,3.0,318.0,26.0
御伽噺に幕切れを,933.0,DSP,1.74,894.0,963.0,1071.0,1071.0,10.0,957854.0,1000000.0,594.0,5.0,357.0,26.0
DESTINY,77.0,DDP,1.74,674.0,729.0,810.0,810.0,8.0,959830.0,1000000.0,228.0,6.0,270.0,2.0
Thank You Merry Christmas,623.0,DDP,1.74,734.0,783.0,870.0,870.0,9.0,963153.0,1000000.0,227.0,3.0,290.0,16.0
Boom Boom Dollar (Red Monster Mix),474.0,DSP,1.74,390.0,421.0,468.0,468.0,7.0,960890.0,1000000.0,68.0,5.0,156.0,0.0
からふるぱすてる,551.0,ESP,1.74,1113.0,1206.0,1341.0,1341.0,12.0,955667.0,1000000.0,1848.0,8.0,447.0,25.0
お米の美味しい炊き方、そしてお米を食べることによるその効果。,531.0,BDP,1.74,790.0,850.0,945.0,945.0,8.0,959701.0,1000000.0,386.0,5.0,315.0,14.0
Pursuer,797.0,BSP,1.74,475.0,515.0,573.0,573.0,7.0,956753.0,1000000.0,583.0,12.0,191.0,10.0
回レ！雪月花,566.0,ESP,1.74,813.0,888.0,987.0,987.0,11.0,953589.0,1000000.0,1681.0,17.0,329.0,12.0
MAX 300 (Super-Max-Me Mix),181.0,BSP,1.74,940.0,1012.0,1125.0,1125.0,10.0,957873.0,1000000.0,708.0,5.0,375.0,30.0
Hyper Bomb,937.0,DSP,1.74,863.0,926.0,1029.0,1029.0,11.0,960737.0,1000000.0,829.0,5.0,343.0,17.0
Wuv U,1114.0,DDP,1.74,794.0,855.0,951.0,951.0,10.0,958806.0,1000000.0,202.0,4.0,317.0,19.0
London EVOLVED ver.B,469.0,BDP,1.74,704.0,756.0,840.0,840.0,8.0,957524.0,1000000.0,162.0,4.0,280.0,32.0
Triple Counter,742.0,DSP,1.74,1406.0,1525.0,1695.0,1695.0,14.0,955050.0,1000000.0,2328.0,7.0,565.0,32.0
KEEP ON MOVIN' (Y&amp;Co. DJ BOSS remix),482.0,ESP,1.74,1141.0,1220.0,1356.0,1356.0,14.0,963269.0,1000000.0,1954.0,3.0,452.0,9.0
F4SH10N,859.0,DDP,1.74,764.0,820.0,912.0,912.0,11.0,961721.0,1000000.0,565.0,5.0,304.0,6.0
テレキャスタービーボーイ,1036.0,DDP,1.73,718.0,777.0,864.0,864.0,9.0,951794.0,1000000.0,364.0,7.0,288.0,43.0
TAKE ME HIGHER,1156.0,DSP,1.73,831.0,869.0,965.0,966.0,13.0,971647.0,999990.0,553.0,0.0,322.0,15.0
Time Of Our Lives,715.0,DDP,1.73,548.0,588.0,654.0,654.0,9.0,961222.0,1000000.0,225.0,5.0,218.0,10.0
灼熱Beach Side Bunny,615.0,BDP,1.73,615.0,677.0,753.0,753.0,7.0,951904.0,1000000.0,607.0,17.0,251.0,3.0
oarfish,370.0,DDP,1.73,652.0,699.0,777.0,777.0,9.0,953851.0,1000000.0,174.0,4.0,259.0,51.0
打打打打打打打打打打,693.0,ESP,1.73,1195.0,1277.0,1419.0,1419.0,13.0,962022.0,1000000.0,2721.0,3.0,473.0,25.0
Seta Para Cima&uarr;&uarr;,832.0,DDP,1.73,775.0,823.0,915.0,915.0,11.0,966212.0,1000000.0,254.0,2.0,305.0,9.0
Toy Box Factory,844.0,ESP,1.73,1292.0,1377.0,1530.0,1530.0,15.0,964399.0,1000000.0,1941.0,2.0,510.0,10.0
I/O,441.0,DDP,1.73,657.0,718.0,798.0,798.0,7.0,953649.0,1000000.0,320.0,10.0,266.0,12.0
&AElig;THER,587.0,begSP,1.73,549.0,610.0,678.0,678.0,6.0,945562.0,1000000.0,380.0,19.0,226.0,11.0
び,926.0,BSP,1.73,843.0,918.0,1020.0,1020.0,9.0,953803.0,1000000.0,637.0,10.0,340.0,22.0
M.A.Y.U.,650.0,DSP,1.73,618.0,672.0,747.0,747.0,8.0,957096.0,1000000.0,310.0,9.0,249.0,3.0
ECSTASY,54.0,DSP,1.73,584.0,634.0,705.0,705.0,8.0,958080.0,1000000.0,241.0,8.0,235.0,0.0
Beluga,1073.0,EDP,1.73,883.0,947.0,1053.0,1053.0,11.0,959920.0,1000000.0,450.0,4.0,351.0,23.0
野球の遊び方　そしてその歴史　～決定版～,578.0,DDP,1.72,771.0,831.0,924.0,924.0,10.0,959087.0,1000000.0,261.0,5.0,308.0,13.0
GOLD RUSH,354.0,ESP,1.72,922.0,996.0,1107.0,1107.0,12.0,957975.0,1000000.0,1872.0,9.0,369.0,17.0
second spring storm,602.0,DSP,1.72,799.0,864.0,960.0,960.0,9.0,957035.0,1000000.0,313.0,6.0,320.0,21.0
DOWNER &amp; UPPER,884.0,DDP,1.72,665.0,710.0,789.0,789.0,10.0,964946.0,1000000.0,351.0,4.0,263.0,2.0
Step This Way,1027.0,DDP,1.72,1111.0,1193.0,1326.0,1326.0,12.0,961778.0,1000000.0,266.0,3.0,442.0,7.0
嘆きの樹,614.0,DSP,1.72,1178.0,1263.0,1404.0,1404.0,12.0,960429.0,1000000.0,1922.0,4.0,468.0,24.0
Tell me what to do,515.0,DDP,1.71,790.0,850.0,945.0,945.0,9.0,953646.0,1000000.0,163.0,4.0,315.0,52.0
starmine,618.0,DSP,1.71,889.0,953.0,1059.0,1059.0,11.0,961401.0,1000000.0,937.0,5.0,353.0,15.0
Heaven is a '57 metallic gray ～gimmix～,115.0,ESP,1.71,804.0,858.0,954.0,954.0,12.0,962780.0,1000000.0,1353.0,4.0,318.0,19.0
轟け！恋のビーンボール！！,579.0,DSP,1.71,909.0,985.0,1095.0,1095.0,11.0,957664.0,1000000.0,1356.0,10.0,365.0,8.0
Grip &amp; Break down !!,680.0,ESP,1.71,1183.0,1277.0,1419.0,1419.0,12.0,959824.0,1000000.0,2247.0,7.0,473.0,3.0
Drop The Bounce,829.0,ESP,1.71,1301.0,1387.0,1542.0,1542.0,15.0,963542.0,1000000.0,1810.0,2.0,514.0,17.0
デッドボヲルdeホームラン,576.0,DSP,1.71,754.0,820.0,912.0,912.0,9.0,952405.0,1000000.0,596.0,10.0,304.0,30.0
Go To The Oasis,1153.0,ESP,1.71,1401.0,1485.0,1650.0,1650.0,15.0,966931.0,1000000.0,945.0,1.0,550.0,4.0
Lightspeed,978.0,ESP,1.71,1501.0,1593.0,1770.0,1770.0,16.0,966050.0,1000000.0,1274.0,1.0,590.0,10.0
サイカ,1035.0,DSP,1.71,478.0,515.0,573.0,573.0,8.0,959604.0,1000000.0,239.0,7.0,191.0,8.0
無頼ック自己ライザー,796.0,DDP,1.71,749.0,812.0,903.0,903.0,9.0,957635.0,1000000.0,465.0,8.0,301.0,8.0
紅焔,489.0,DSP,1.71,818.0,893.0,993.0,993.0,9.0,951941.0,1000000.0,591.0,11.0,331.0,24.0
PARANOiA ETERNAL,58.0,DSP,1.71,757.0,815.0,906.0,906.0,10.0,961545.0,1000000.0,489.0,6.0,302.0,2.0
めうめうぺったんたん！！,495.0,ESP,1.71,1108.0,1190.0,1323.0,1323.0,12.0,961391.0,1000000.0,1857.0,5.0,441.0,7.0
凛として咲く花の如く,335.0,DSP,1.7,649.0,718.0,798.0,798.0,8.0,945399.0,1000000.0,770.0,23.0,266.0,24.0
Right on time (Ryu☆Remix),554.0,DSP,1.7,673.0,729.0,810.0,810.0,9.0,958492.0,1000000.0,589.0,10.0,270.0,6.0
Healing Vision ～Angelic mix～,63.0,DSP,1.7,932.0,1017.0,1131.0,1131.0,11.0,955462.0,1000000.0,974.0,12.0,377.0,0.0
阿波おどり -Awaodori- やっぱり踊りはやめられない,616.0,begSP,1.7,348.0,380.0,423.0,423.0,5.0,955961.0,1000000.0,234.0,13.0,141.0,0.0
御伽噺に幕切れを,933.0,BDP,1.7,659.0,718.0,798.0,798.0,7.0,954833.0,1000000.0,207.0,8.0,266.0,11.0
"Help me, ERINNNNNN!!",681.0,BDP,1.7,471.0,515.0,573.0,573.0,6.0,954116.0,1000000.0,327.0,13.0,191.0,6.0
Desert Journey,523.0,CSP,1.7,1271.0,1368.0,1521.0,1521.0,15.0,956279.0,1000000.0,1917.0,5.0,507.0,51.0
BRILLIANT 2U,4.0,EDP,1.7,558.0,612.0,681.0,681.0,9.0,953780.0,1000000.0,579.0,17.0,227.0,0.0
ロンロンへ　ライライライ！,754.0,DSP,1.7,828.0,904.0,1005.0,1005.0,10.0,952119.0,1000000.0,1188.0,15.0,335.0,24.0
3y3s,1250.0,DDP,1.7,1352.0,1433.0,1593.0,1593.0,14.0,966120.0,1000000.0,207.0,1.0,531.0,16.0
回レ！雪月花,566.0,DSP,1.69,548.0,610.0,678.0,678.0,8.0,944464.0,1000000.0,948.0,34.0,226.0,14.0
アドレナリン,1177.0,DDP,1.69,657.0,704.0,783.0,783.0,10.0,963175.0,1000000.0,181.0,4.0,261.0,3.0
take me higher,943.0,DDP,1.69,807.0,864.0,960.0,960.0,10.0,962026.0,1000000.0,310.0,4.0,320.0,15.0
MAKE IT BETTER,0.0,DDP,1.69,454.0,488.0,543.0,543.0,9.0,962314.0,1000000.0,241.0,7.0,181.0,0.0
Dreamin&rsquo;,619.0,CSP,1.69,979.0,1039.0,1155.0,1155.0,12.0,966328.0,1000000.0,1008.0,2.0,385.0,8.0
蒼い衝動 ～for EXTREME～,143.0,EDP,1.69,726.0,774.0,861.0,861.0,11.0,964808.0,1000000.0,718.0,4.0,287.0,4.0
In The Air,442.0,DDP,1.69,569.0,610.0,678.0,678.0,10.0,962342.0,1000000.0,203.0,5.0,226.0,8.0
Towards the TOWER,722.0,DSP,1.69,630.0,680.0,756.0,756.0,9.0,960024.0,1000000.0,449.0,8.0,252.0,6.0
Ticket to Bombay,321.0,EDP,1.68,679.0,729.0,810.0,810.0,9.0,962912.0,1000000.0,234.0,5.0,270.0,1.0
Heatstroke,356.0,CDP,1.68,623.0,672.0,747.0,747.0,8.0,951691.0,1000000.0,216.0,6.0,249.0,48.0
星座が恋した瞬間を。,803.0,DDP,1.68,840.0,907.0,1008.0,1008.0,9.0,959554.0,1000000.0,697.0,8.0,336.0,5.0
Diamond Dust,408.0,DDP,1.68,542.0,585.0,651.0,651.0,8.0,953992.0,1000000.0,306.0,8.0,217.0,28.0
Din Don Dan,593.0,ESP,1.68,840.0,909.0,1011.0,1011.0,10.0,957430.0,1000000.0,1897.0,12.0,337.0,13.0
桜,141.0,begSP,1.68,395.0,432.0,480.0,480.0,5.0,955286.0,1000000.0,233.0,14.0,160.0,0.0
Helios,841.0,DSP,1.67,1109.0,1188.0,1320.0,1320.0,12.0,960880.0,1000000.0,959.0,4.0,440.0,26.0
Scarlet Moon,653.0,DDP,1.67,693.0,753.0,837.0,837.0,9.0,956565.0,1000000.0,450.0,10.0,279.0,10.0
Plan 8,628.0,DSP,1.67,1098.0,1185.0,1317.0,1317.0,11.0,957650.0,1000000.0,1127.0,7.0,439.0,23.0
Chance and Dice,281.0,EDP,1.67,788.0,845.0,939.0,939.0,10.0,960439.0,1000000.0,475.0,5.0,313.0,23.0
roppongi EVOLVED ver.B,379.0,DSP,1.67,909.0,990.0,1101.0,1101.0,11.0,953925.0,1000000.0,593.0,10.0,367.0,17.0
DYNAMITE RAVE,18.0,DSP,1.67,667.0,726.0,807.0,807.0,10.0,957503.0,1000000.0,766.0,14.0,269.0,0.0
IF YOU WERE HERE,357.0,DDP,1.67,643.0,669.0,743.0,744.0,10.0,972623.0,999990.0,107.0,0.0,248.0,16.0
Re:GENERATION,913.0,ESP,1.67,1469.0,1566.0,1740.0,1740.0,15.0,963315.0,1000000.0,1794.0,2.0,580.0,23.0
ORION.78～civilization mix～,66.0,BDP,1.67,573.0,612.0,681.0,681.0,9.0,965084.0,1000000.0,206.0,4.0,227.0,0.0
MOVE! (We Keep It Movin'),1019.0,DDP,1.67,839.0,899.0,999.0,999.0,10.0,959592.0,1000000.0,284.0,4.0,333.0,31.0
Sakura Mirage,664.0,BDP,1.67,674.0,734.0,816.0,816.0,7.0,952331.0,1000000.0,269.0,9.0,272.0,25.0
AFRONOVA,13.0,DSP,1.67,594.0,653.0,726.0,726.0,9.0,953193.0,1000000.0,736.0,21.0,242.0,0.0
TRIP MACHINE survivor,136.0,ESP,1.67,886.0,942.0,1047.0,1047.0,13.0,966491.0,1000000.0,1320.0,3.0,349.0,2.0
Neverland,830.0,ESP,1.67,1328.0,1414.0,1572.0,1572.0,15.0,963750.0,1000000.0,1975.0,2.0,524.0,21.0
Waiting 4 u,330.0,DDP,1.67,703.0,761.0,846.0,846.0,8.0,958583.0,1000000.0,170.0,6.0,282.0,5.0
STEP MACHINE,950.0,DSP,1.67,975.0,1034.0,1149.0,1149.0,11.0,965368.0,1000000.0,597.0,2.0,383.0,20.0
エキサイティング！！も・ちゃ・ちゃ☆,753.0,DSP,1.67,861.0,915.0,1017.0,1017.0,11.0,965000.0,1000000.0,911.0,3.0,339.0,14.0
☆shining☆,337.0,EDP,1.67,944.0,1007.0,1119.0,1119.0,11.0,961441.0,1000000.0,338.0,3.0,373.0,32.0
LOVE &amp; JOY -Risk Junk MIX-,540.0,DDP,1.67,1067.0,1117.0,1241.0,1242.0,9.0,969317.0,999990.0,48.0,0.0,414.0,32.0
幻想系世界修復少女,598.0,BDP,1.67,610.0,672.0,747.0,747.0,7.0,951303.0,1000000.0,295.0,14.0,249.0,3.0
50th Memorial Songs -Beginning Story-,838.0,DDP,1.66,975.0,1047.0,1164.0,1164.0,10.0,960999.0,1000000.0,288.0,4.0,388.0,11.0
bag,104.0,BSP,1.66,356.0,402.0,447.0,447.0,7.0,941647.0,1000000.0,369.0,32.0,149.0,0.0
エンドルフィン,626.0,BDP,1.66,749.0,807.0,897.0,897.0,8.0,956957.0,1000000.0,479.0,7.0,299.0,29.0
Dance Partay,622.0,DDP,1.66,579.0,621.0,690.0,690.0,8.0,961828.0,1000000.0,168.0,5.0,230.0,10.0
Empathetic,534.0,DSP,1.66,1067.0,1155.0,1284.0,1284.0,11.0,957591.0,1000000.0,616.0,7.0,428.0,11.0
starmine,618.0,ESP,1.66,1302.0,1401.0,1557.0,1557.0,15.0,958995.0,1000000.0,2423.0,6.0,519.0,24.0
London EVOLVED ver.B,469.0,BSP,1.66,724.0,783.0,870.0,870.0,8.0,958760.0,1000000.0,188.0,6.0,290.0,9.0
TSUGARU,93.0,ESP,1.66,943.0,1009.0,1122.0,1122.0,12.0,963129.0,1000000.0,1810.0,5.0,374.0,8.0
PARANOiA Revolution,479.0,begSP,1.66,506.0,564.0,627.0,627.0,6.0,946807.0,1000000.0,569.0,29.0,209.0,1.0
シュレーディンガーの猫,817.0,BSP,1.66,724.0,777.0,864.0,864.0,9.0,958763.0,1000000.0,823.0,7.0,288.0,27.0
闘え！ダダンダーンＶ,774.0,EDP,1.65,1166.0,1231.0,1368.0,1368.0,13.0,967342.0,1000000.0,546.0,1.0,456.0,20.0
ルミナスデイズ,772.0,EDP,1.65,1036.0,1109.0,1233.0,1233.0,11.0,961188.0,1000000.0,867.0,4.0,411.0,24.0
L'amour et la libert&eacute;(DDR Ver.),123.0,EDP,1.65,754.0,793.0,882.0,882.0,12.0,970619.0,1000000.0,347.0,1.0,294.0,4.0
xenon,140.0,DSP,1.65,712.0,764.0,849.0,849.0,10.0,961474.0,1000000.0,695.0,7.0,283.0,12.0
PUT YOUR FAITH IN ME (Jazzy Groove),477.0,CSP,1.65,614.0,653.0,726.0,726.0,11.0,964635.0,1000000.0,917.0,5.0,242.0,12.0
ZEPHYRANTHES,741.0,ESP,1.65,1539.0,1657.0,1842.0,1842.0,15.0,958879.0,1000000.0,2523.0,5.0,614.0,22.0
Break Free,710.0,EDP,1.65,869.0,928.0,1032.0,1032.0,11.0,961835.0,1000000.0,639.0,4.0,344.0,22.0
Aftermath,1037.0,ESP,1.65,1788.0,1911.0,2124.0,2124.0,16.0,962414.0,1000000.0,1184.0,2.0,708.0,14.0
321STARS,99.0,EDP,1.65,800.0,847.0,942.0,942.0,11.0,967433.0,1000000.0,425.0,2.0,314.0,7.0
FIRE FIRE,351.0,DSP,1.65,779.0,861.0,957.0,957.0,8.0,948325.0,1000000.0,700.0,21.0,319.0,11.0
POSSESSION(EDP Live Mix),634.0,BSP,1.65,803.0,869.0,966.0,966.0,9.0,953725.0,1000000.0,772.0,10.0,322.0,38.0
Believe,709.0,DDP,1.65,599.0,642.0,714.0,714.0,9.0,962987.0,1000000.0,221.0,5.0,238.0,5.0
花は折りたし梢は高し,959.0,DSP,1.65,718.0,766.0,852.0,852.0,9.0,960724.0,1000000.0,411.0,4.0,284.0,30.0
ナイト・オブ・ナイツ,677.0,DDP,1.64,827.0,899.0,999.0,999.0,11.0,957199.0,1000000.0,1043.0,14.0,333.0,2.0
Why not,274.0,EDP,1.64,844.0,904.0,1005.0,1005.0,11.0,962863.0,1000000.0,645.0,5.0,335.0,8.0
murmur twins,187.0,DDP,1.64,564.0,604.0,672.0,672.0,8.0,963438.0,1000000.0,197.0,5.0,224.0,2.0
JOMANDA,613.0,begSP,1.64,372.0,415.0,462.0,462.0,4.0,946130.0,1000000.0,185.0,17.0,154.0,2.0
CONNECT-,983.0,ESP,1.64,1354.0,1447.0,1608.0,1608.0,13.0,963599.0,1000000.0,1194.0,3.0,536.0,5.0
ホーンテッド★メイドランチ,897.0,ESP,1.64,1333.0,1428.0,1587.0,1587.0,15.0,962685.0,1000000.0,1857.0,4.0,529.0,5.0
MA・TSU・RI,1118.0,DDP,1.64,899.0,966.0,1074.0,1074.0,10.0,961135.0,1000000.0,391.0,5.0,358.0,10.0
野球の遊び方　そしてその歴史　～決定版～,578.0,DSP,1.64,737.0,791.0,879.0,879.0,9.0,960345.0,1000000.0,375.0,6.0,293.0,17.0
虹色の花,530.0,DDP,1.63,844.0,907.0,1008.0,1008.0,8.0,958303.0,1000000.0,154.0,4.0,336.0,32.0
50th Memorial Songs -二人の時 ～under the cherry blossoms～-,850.0,EDP,1.63,1158.0,1231.0,1368.0,1368.0,11.0,965513.0,1000000.0,516.0,2.0,456.0,12.0
Be a Hero!,765.0,DSP,1.63,1456.0,1566.0,1740.0,1740.0,13.0,959946.0,1000000.0,1770.0,5.0,580.0,18.0
MAX 300 (Super-Max-Me Mix),181.0,begSP,1.63,519.0,564.0,627.0,627.0,6.0,956768.0,1000000.0,332.0,12.0,209.0,6.0
Rejoin,807.0,ESP,1.63,1179.0,1252.0,1392.0,1392.0,13.0,964034.0,1000000.0,1690.0,2.0,464.0,30.0
Grand Chariot,738.0,ESP,1.63,1338.0,1433.0,1593.0,1593.0,13.0,962028.0,1000000.0,2178.0,4.0,531.0,13.0
不沈艦CANDY,403.0,ESP,1.63,1470.0,1576.0,1752.0,1752.0,14.0,961327.0,1000000.0,2457.0,4.0,584.0,14.0
POSSESSION (20th Anniversary Mix),813.0,begSP,1.63,582.0,642.0,714.0,714.0,8.0,950217.0,1000000.0,496.0,20.0,238.0,6.0
NEPHILIM DELTA,449.0,DSP,1.63,1182.0,1266.0,1407.0,1407.0,12.0,963124.0,1000000.0,912.0,4.0,469.0,3.0
黒髪乱れし修羅となりて～凛 edition～,701.0,DSP,1.63,963.0,1044.0,1161.0,1161.0,10.0,956644.0,1000000.0,1455.0,12.0,387.0,13.0
tokyoEVOLVED (TYPE2),463.0,begSP,1.63,269.0,297.0,330.0,330.0,6.0,951143.0,1000000.0,111.0,13.0,110.0,3.0
チュッチュ&#9834;マチュピチュ,1115.0,ESP,1.63,1257.0,1317.0,1463.0,1464.0,14.0,971666.0,999990.0,973.0,0.0,488.0,2.0
Golden Arrow,916.0,DDP,1.63,1096.0,1169.0,1299.0,1299.0,12.0,963414.0,1000000.0,496.0,3.0,433.0,17.0
KUNG FU FIGHTING,472.0,CSP,1.63,666.0,704.0,783.0,783.0,10.0,967098.0,1000000.0,140.0,2.0,261.0,12.0
going up,353.0,CDP,1.63,982.0,1053.0,1170.0,1170.0,12.0,958156.0,1000000.0,272.0,4.0,390.0,43.0
HEART BEAT FORMULA (Vinyl Mix),645.0,DSP,1.63,825.0,877.0,975.0,975.0,11.0,963829.0,1000000.0,526.0,3.0,325.0,24.0
BONE BORN,1136.0,EDP,1.63,1059.0,1117.0,1242.0,1242.0,14.0,968139.0,1000000.0,384.0,1.0,414.0,16.0
Mess With My Emotions,1084.0,EDP,1.63,888.0,934.0,1038.0,1038.0,12.0,969904.0,1000000.0,233.0,1.0,346.0,10.0
Triple Journey -TAG EDITION-,558.0,DSP,1.62,1071.0,1158.0,1287.0,1287.0,12.0,958003.0,1000000.0,1536.0,10.0,429.0,13.0
New Era,862.0,begSP,1.62,462.0,507.0,564.0,564.0,8.0,951937.0,1000000.0,325.0,17.0,188.0,5.0
恋する☆宇宙戦争っ!!,747.0,DSP,1.62,1286.0,1393.0,1548.0,1548.0,12.0,956192.0,1000000.0,1943.0,10.0,516.0,23.0
Wow Wow VENUS,563.0,DDP,1.62,786.0,845.0,939.0,939.0,8.0,957610.0,1000000.0,222.0,5.0,313.0,34.0
No Life Queen [DJ Command Remix],931.0,DDP,1.62,1102.0,1177.0,1308.0,1308.0,11.0,964368.0,1000000.0,381.0,3.0,436.0,4.0
The Night Away (MK Remix),682.0,DDP,1.62,725.0,780.0,867.0,867.0,10.0,958580.0,1000000.0,403.0,7.0,289.0,22.0
neko＊neko,670.0,ESP,1.62,1044.0,1120.0,1245.0,1245.0,11.0,960733.0,1000000.0,1295.0,6.0,415.0,18.0
FLOWER,457.0,BSP,1.62,622.0,693.0,771.0,771.0,7.0,937556.0,1000000.0,635.0,28.0,257.0,39.0
CANDY☆,61.0,DDP,1.62,597.0,642.0,714.0,714.0,8.0,957082.0,1000000.0,426.0,8.0,238.0,27.0
CAN'T STOP FALLIN' IN LOVE -super euro version-,153.0,DSP,1.62,505.0,553.0,615.0,615.0,7.0,952944.0,1000000.0,279.0,14.0,205.0,7.0
Freeway Shuffle,244.0,EDP,1.62,820.0,885.0,984.0,984.0,9.0,955310.0,1000000.0,503.0,8.0,328.0,34.0
Small Steps,883.0,EDP,1.62,501.0,531.0,591.0,591.0,10.0,967424.0,1000000.0,439.0,4.0,197.0,3.0
New Rules,873.0,EDP,1.61,677.0,718.0,798.0,798.0,10.0,966716.0,1000000.0,353.0,3.0,266.0,10.0
恋する☆宇宙戦争っ!!,747.0,BDP,1.61,812.0,893.0,993.0,993.0,8.0,949184.0,1000000.0,699.0,18.0,331.0,21.0
雫,454.0,ESP,1.61,1111.0,1193.0,1326.0,1326.0,12.0,957815.0,1000000.0,1468.0,6.0,442.0,45.0
お米の美味しい炊き方、そしてお米を食べることによるその効果。,531.0,BSP,1.61,781.0,850.0,945.0,945.0,8.0,954735.0,1000000.0,641.0,13.0,315.0,14.0
Get Your Wish,1108.0,DDP,1.61,644.0,685.0,762.0,762.0,9.0,963714.0,1000000.0,147.0,3.0,254.0,18.0
Bounce Trippy,907.0,EDP,1.61,1301.0,1374.0,1527.0,1527.0,14.0,967407.0,1000000.0,652.0,1.0,509.0,18.0
朝色の紙飛行機,649.0,ESP,1.61,994.0,1061.0,1179.0,1179.0,13.0,963405.0,1000000.0,2047.0,5.0,393.0,15.0
sakura storm,383.0,DDP,1.61,584.0,629.0,699.0,699.0,7.0,959091.0,1000000.0,303.0,8.0,233.0,15.0
春を告げる,980.0,EDP,1.61,819.0,866.0,963.0,963.0,10.0,968128.0,1000000.0,578.0,2.0,321.0,6.0
ALGORITHM,798.0,BDP,1.61,511.0,556.0,618.0,618.0,7.0,955776.0,1000000.0,389.0,14.0,206.0,9.0
キケンな果実,549.0,ESP,1.61,1108.0,1179.0,1311.0,1311.0,13.0,964631.0,1000000.0,1825.0,3.0,437.0,13.0
LIKE A VAMPIRE,1020.0,ESP,1.61,1376.0,1463.0,1626.0,1626.0,13.0,964142.0,1000000.0,1101.0,2.0,542.0,24.0
GORGEOUS 2012,167.0,EDP,1.61,698.0,737.0,819.0,819.0,11.0,969091.0,1000000.0,279.0,2.0,273.0,6.0
PARANOiA(X-Special),305.0,CSP,1.6,966.0,1034.0,1149.0,1149.0,13.0,962655.0,1000000.0,1463.0,6.0,383.0,12.0
Starlight Fantasia (Endorphins Mix),647.0,BDP,1.6,713.0,761.0,846.0,846.0,8.0,961833.0,1000000.0,215.0,4.0,282.0,22.0
朧,691.0,BDP,1.6,550.0,604.0,672.0,672.0,6.0,949513.0,1000000.0,838.0,26.0,224.0,15.0
からふるぱすてる,551.0,DSP,1.6,794.0,864.0,960.0,960.0,9.0,954624.0,1000000.0,539.0,12.0,320.0,19.0
Decade,347.0,EDP,1.6,830.0,872.0,969.0,969.0,12.0,969726.0,1000000.0,553.0,1.0,323.0,17.0
GUILTY DIAMONDS,930.0,DDP,1.6,960.0,1036.0,1152.0,1152.0,10.0,957314.0,1000000.0,355.0,6.0,384.0,26.0
虹色,224.0,DSP,1.6,640.0,699.0,777.0,777.0,8.0,955454.0,1000000.0,550.0,16.0,259.0,3.0
この子の七つのお祝いに,217.0,BSP,1.6,566.0,623.0,693.0,693.0,7.0,946948.0,1000000.0,280.0,15.0,231.0,22.0
La Se&ntilde;orita Virtual,21.0,BDP,1.6,609.0,648.0,720.0,720.0,9.0,967014.0,1000000.0,235.0,4.0,240.0,0.0
Starry Sky,833.0,EDP,1.6,980.0,1031.0,1146.0,1146.0,12.0,969100.0,1000000.0,516.0,1.0,382.0,15.0
Starry HEAVEN,504.0,CSP,1.6,890.0,950.0,1056.0,1056.0,13.0,963114.0,1000000.0,1084.0,5.0,352.0,16.0
彼方のリフレシア,999.0,DDP,1.6,854.0,912.0,1014.0,1014.0,10.0,961502.0,1000000.0,343.0,4.0,338.0,25.0
Saturn,256.0,DSP,1.6,715.0,764.0,849.0,849.0,9.0,962374.0,1000000.0,321.0,5.0,283.0,16.0
毒占欲,880.0,EDP,1.6,856.0,899.0,999.0,999.0,11.0,968587.0,1000000.0,469.0,1.0,333.0,26.0
TRIP MACHINE survivor,136.0,DSP,1.6,734.0,785.0,873.0,873.0,11.0,964152.0,1000000.0,384.0,5.0,291.0,2.0
THIS NIGHT,394.0,EDP,1.6,937.0,996.0,1107.0,1107.0,11.0,960974.0,1000000.0,490.0,3.0,369.0,47.0
すろぉもぉしょん,823.0,DDP,1.6,760.0,810.0,900.0,900.0,9.0,962814.0,1000000.0,329.0,4.0,300.0,23.0
朧,691.0,EDP,1.59,1121.0,1196.0,1329.0,1329.0,12.0,960779.0,1000000.0,1414.0,4.0,443.0,43.0
Strobe&#9825;Girl,601.0,BDP,1.59,721.0,772.0,858.0,858.0,8.0,962924.0,1000000.0,124.0,4.0,286.0,7.0
Sakura Reflection,788.0,ESP,1.59,1184.0,1301.0,1446.0,1446.0,15.0,952089.0,1000000.0,2348.0,24.0,482.0,3.0
Wowie Zowie!,1089.0,DDP,1.59,753.0,796.0,885.0,885.0,10.0,968247.0,1000000.0,161.0,2.0,295.0,5.0
LOVE THIS FEELIN',22.0,ESP,1.59,610.0,653.0,726.0,726.0,11.0,964542.0,1000000.0,1080.0,9.0,242.0,0.0
Settin' the Scene,1111.0,EDP,1.59,796.0,842.0,936.0,936.0,11.0,968195.0,1000000.0,167.0,2.0,312.0,4.0
Towards the TOWER,722.0,DDP,1.59,647.0,688.0,765.0,765.0,9.0,965681.0,1000000.0,295.0,4.0,255.0,6.0
アユミ☆マジカルショータイム,1067.0,DDP,1.59,829.0,891.0,990.0,990.0,9.0,961656.0,1000000.0,348.0,6.0,330.0,7.0
PRANA,555.0,ESP,1.59,1223.0,1309.0,1455.0,1455.0,14.0,963251.0,1000000.0,2320.0,5.0,485.0,4.0
GRADUATION ～それぞれの明日～,113.0,EDP,1.59,629.0,675.0,750.0,750.0,9.0,962481.0,1000000.0,447.0,8.0,250.0,5.0
PARANOiA ETERNAL(X-Special),301.0,CSP,1.59,1222.0,1301.0,1446.0,1446.0,13.0,962883.0,1000000.0,1269.0,3.0,482.0,30.0
Frozen Ray ～for EXTREME～,111.0,DDP,1.59,672.0,723.0,804.0,804.0,8.0,961597.0,1000000.0,220.0,6.0,268.0,4.0
Pursuer,797.0,BDP,1.59,491.0,523.0,582.0,582.0,7.0,963349.0,1000000.0,346.0,6.0,194.0,11.0
i feel ...,83.0,DDP,1.59,511.0,545.0,606.0,606.0,8.0,964319.0,1000000.0,174.0,5.0,202.0,6.0
Stella Sinistra,567.0,BSP,1.59,575.0,626.0,696.0,696.0,8.0,953246.0,1000000.0,210.0,10.0,232.0,19.0
TRIP MACHINE EVOLUTION,480.0,DSP,1.59,1018.0,1096.0,1218.0,1218.0,12.0,960582.0,1000000.0,1496.0,9.0,406.0,7.0
rain of sorrow,86.0,EDP,1.59,820.0,861.0,957.0,957.0,12.0,963432.0,1000000.0,364.0,1.0,319.0,64.0
BAD GIRLS,473.0,DDP,1.58,389.0,405.0,450.0,450.0,7.0,975296.0,1000000.0,48.0,1.0,150.0,0.0
siberite,689.0,ESP,1.58,1177.0,1260.0,1401.0,1401.0,13.0,963006.0,1000000.0,1676.0,5.0,467.0,4.0
smooooch･&forall;･,390.0,DSP,1.58,621.0,688.0,765.0,765.0,7.0,945016.0,1000000.0,775.0,30.0,255.0,20.0
TRIP MACHINE EVOLUTION,480.0,BDP,1.58,648.0,704.0,783.0,783.0,9.0,956753.0,1000000.0,356.0,11.0,261.0,7.0
ZETA～素数の世界と超越者～,401.0,DSP,1.58,1087.0,1161.0,1290.0,1290.0,11.0,959883.0,1000000.0,709.0,4.0,430.0,47.0
Aftermath,1037.0,DDP,1.58,1238.0,1325.0,1473.0,1473.0,12.0,961328.0,1000000.0,246.0,3.0,491.0,25.0
second spring storm,602.0,ESP,1.58,1140.0,1212.0,1347.0,1347.0,14.0,965971.0,1000000.0,1807.0,3.0,449.0,5.0
Our Soul,860.0,EDP,1.58,855.0,907.0,1008.0,1008.0,11.0,965609.0,1000000.0,673.0,3.0,336.0,18.0
Starlight in the Snow,917.0,ESP,1.58,1222.0,1301.0,1446.0,1446.0,14.0,963270.0,1000000.0,1521.0,3.0,482.0,29.0
One Sided Love,621.0,CSP,1.58,890.0,972.0,1080.0,1080.0,12.0,940562.0,1000000.0,1634.0,22.0,360.0,95.0
PUT YOUR FAITH IN ME (Jazzy Groove),477.0,DDP,1.58,454.0,486.0,540.0,540.0,8.0,964987.0,1000000.0,152.0,6.0,180.0,0.0
sola,546.0,DSP,1.58,725.0,772.0,858.0,858.0,9.0,963303.0,1000000.0,304.0,4.0,286.0,21.0
Freedom,165.0,EDP,1.57,651.0,691.0,768.0,768.0,11.0,967108.0,1000000.0,483.0,4.0,256.0,5.0
SEXY PLANET,44.0,DSP,1.57,542.0,596.0,663.0,663.0,8.0,952984.0,1000000.0,272.0,15.0,221.0,0.0
Dazzlin' Darlin,345.0,DSP,1.57,681.0,742.0,825.0,825.0,9.0,955939.0,1000000.0,730.0,17.0,275.0,5.0
PARANOiA KCET ～clean mix～,9.0,CSP,1.57,1283.0,1379.0,1533.0,1533.0,15.0,960669.0,1000000.0,2406.0,7.0,511.0,12.0
Bounce Trippy,907.0,ESP,1.57,1450.0,1563.0,1737.0,1737.0,14.0,959171.0,1000000.0,1701.0,7.0,579.0,14.0
PARANOiA KCET ～clean mix～,9.0,EDP,1.57,884.0,947.0,1053.0,1053.0,10.0,963285.0,1000000.0,625.0,6.0,351.0,0.0
Healing-D-Vision,169.0,begSP,1.57,374.0,405.0,450.0,450.0,6.0,960153.0,1000000.0,282.0,14.0,150.0,0.0
BONE BORN,1136.0,DDP,1.57,815.0,872.0,969.0,969.0,11.0,963021.0,1000000.0,351.0,5.0,323.0,11.0
Xepher,214.0,BSP,1.57,567.0,634.0,705.0,705.0,7.0,942063.0,1000000.0,354.0,24.0,235.0,14.0
only my railgun,371.0,CSP,1.57,549.0,618.0,687.0,687.0,7.0,924185.0,1000000.0,1136.0,58.0,229.0,61.0
色は匂へど散りぬるを,702.0,BDP,1.57,506.0,553.0,615.0,615.0,6.0,955030.0,1000000.0,585.0,21.0,205.0,3.0
Baile Le Samba,148.0,EDP,1.57,535.0,569.0,633.0,633.0,10.0,966220.0,1000000.0,303.0,5.0,211.0,2.0
Crystarium,1157.0,ESP,1.57,1232.0,1274.0,1413.0,1416.0,15.0,974483.0,999970.0,762.0,0.0,472.0,35.0
Death by Glamour,1212.0,DSP,1.56,1229.0,1304.0,1449.0,1449.0,11.0,955994.0,1000000.0,440.0,2.0,483.0,115.0
Next FUTURE,1248.0,ESP,1.56,1340.0,1414.0,1572.0,1572.0,15.0,967185.0,1000000.0,543.0,1.0,524.0,24.0
La libertad,363.0,ESP,1.56,973.0,1039.0,1155.0,1155.0,12.0,964757.0,1000000.0,1083.0,5.0,385.0,1.0
L'amour et la libert&eacute;(DDR Ver.),123.0,DSP,1.56,647.0,699.0,777.0,777.0,9.0,957849.0,1000000.0,233.0,8.0,259.0,15.0
スーパー戦湯ババンバーン,1021.0,ESP,1.56,1588.0,1679.0,1866.0,1866.0,14.0,966346.0,1000000.0,1265.0,1.0,622.0,27.0
KEEP ON MOVIN' (Y&amp;Co. DJ BOSS remix),482.0,DSP,1.56,732.0,801.0,891.0,891.0,9.0,951691.0,1000000.0,387.0,14.0,297.0,15.0
ふりそでーしょん,542.0,ESP,1.56,1191.0,1282.0,1425.0,1425.0,12.0,960541.0,1000000.0,173.0,4.0,475.0,7.0
HAPPY☆LUCKY☆YEAPPY,639.0,BSP,1.56,704.0,758.0,843.0,843.0,10.0,959602.0,1000000.0,832.0,11.0,281.0,12.0
キヤロラ衛星の軌跡,1146.0,ESP,1.56,1740.0,1827.0,2030.0,2031.0,16.0,966856.0,999990.0,1057.0,0.0,677.0,64.0
Seule,438.0,DDP,1.56,613.0,653.0,726.0,726.0,10.0,965864.0,1000000.0,163.0,4.0,242.0,3.0
STERLING SILVER (U1 overground mix),733.0,DSP,1.56,890.0,955.0,1062.0,1062.0,11.0,962199.0,1000000.0,823.0,7.0,354.0,6.0
She is my wife,386.0,ESP,1.56,822.0,882.0,981.0,981.0,12.0,961019.0,1000000.0,1728.0,10.0,327.0,13.0
V ～for EXTREME～,138.0,DDP,1.55,622.0,677.0,753.0,753.0,7.0,954531.0,1000000.0,221.0,10.0,251.0,14.0
アリスサイド・キャスリング,957.0,DSP,1.55,545.0,588.0,654.0,654.0,8.0,955946.0,1000000.0,418.0,11.0,218.0,24.0
色は匂へど散りぬるを,702.0,DSP,1.55,707.0,769.0,855.0,855.0,8.0,955981.0,1000000.0,1232.0,21.0,285.0,8.0
Xepher,214.0,BDP,1.55,572.0,621.0,690.0,690.0,7.0,956337.0,1000000.0,218.0,10.0,230.0,13.0
Mermaid girl,431.0,DSP,1.55,639.0,704.0,783.0,783.0,7.0,951460.0,1000000.0,608.0,23.0,261.0,3.0
MAKE IT BETTER,0.0,BDP,1.55,326.0,351.0,390.0,390.0,7.0,962355.0,1000000.0,221.0,12.0,130.0,0.0
Love You More,792.0,BDP,1.55,737.0,796.0,885.0,885.0,9.0,959966.0,1000000.0,456.0,10.0,295.0,1.0
air,102.0,EDP,1.55,570.0,607.0,675.0,675.0,11.0,964974.0,1000000.0,465.0,6.0,225.0,8.0
Draw the Savage,962.0,ESP,1.54,1217.0,1282.0,1425.0,1425.0,14.0,967810.0,1000000.0,1443.0,1.0,475.0,26.0
ルミナスデイズ,772.0,DDP,1.54,836.0,893.0,993.0,993.0,8.0,961411.0,1000000.0,446.0,5.0,331.0,25.0
Party Lights,306.0,EDP,1.54,752.0,801.0,891.0,891.0,10.0,957480.0,1000000.0,286.0,4.0,297.0,54.0
倉野川音頭,718.0,ESP,1.54,837.0,896.0,996.0,996.0,11.0,963748.0,1000000.0,1798.0,9.0,332.0,2.0
ベィスドロップ・フリークス,723.0,DSP,1.54,811.0,866.0,963.0,963.0,10.0,964147.0,1000000.0,1175.0,7.0,321.0,4.0
Miracle Moon ～L.E.D.LIGHT STYLE MIX～,125.0,EDP,1.54,746.0,793.0,882.0,882.0,10.0,966431.0,1000000.0,426.0,4.0,294.0,2.0
Heatstroke,356.0,DDP,1.54,629.0,672.0,747.0,747.0,8.0,960068.0,1000000.0,199.0,5.0,249.0,29.0
GLITTER,1180.0,DSP,1.54,1331.0,1382.0,1534.0,1536.0,12.0,973393.0,999980.0,408.0,0.0,512.0,27.0
TRIP MACHINE PhoeniX,266.0,BSP,1.54,395.0,432.0,480.0,480.0,8.0,955801.0,1000000.0,287.0,18.0,160.0,1.0
50th Memorial Songs -Flagship medley-,851.0,DSP,1.54,861.0,918.0,1020.0,1020.0,9.0,962676.0,1000000.0,261.0,4.0,340.0,23.0
タイガーランペイジ,855.0,DDP,1.54,567.0,604.0,672.0,672.0,10.0,963173.0,1000000.0,468.0,6.0,224.0,16.0
千年ノ理,790.0,DDP,1.54,725.0,788.0,876.0,876.0,9.0,956392.0,1000000.0,544.0,14.0,292.0,8.0
going up,353.0,DDP,1.54,991.0,1055.0,1173.0,1173.0,11.0,965776.0,1000000.0,240.0,3.0,391.0,0.0
I Want You To Know,713.0,DDP,1.54,581.0,618.0,687.0,687.0,8.0,964516.0,1000000.0,272.0,5.0,229.0,12.0
星屑の夜果て,925.0,ESP,1.54,1610.0,1701.0,1890.0,1890.0,15.0,965848.0,1000000.0,1685.0,1.0,630.0,41.0
Daily Lunch Special,582.0,BDP,1.54,693.0,745.0,828.0,828.0,7.0,955861.0,1000000.0,245.0,7.0,276.0,37.0
狂水一華,965.0,DDP,1.54,875.0,934.0,1038.0,1038.0,11.0,963392.0,1000000.0,578.0,5.0,346.0,16.0
ラキラキ,527.0,DSP,1.54,861.0,931.0,1035.0,1035.0,10.0,957568.0,1000000.0,958.0,13.0,345.0,14.0
妖隠し -あやかしかくし-,656.0,BDP,1.54,647.0,704.0,783.0,783.0,7.0,954227.0,1000000.0,538.0,16.0,261.0,14.0
on the bounce,299.0,DSP,1.54,824.0,880.0,978.0,978.0,11.0,963194.0,1000000.0,783.0,6.0,326.0,16.0
Adularia,611.0,DSP,1.53,753.0,820.0,912.0,912.0,10.0,954487.0,1000000.0,1097.0,20.0,304.0,14.0
Second Heaven,385.0,ESP,1.53,911.0,988.0,1098.0,1098.0,11.0,957216.0,1000000.0,1454.0,17.0,366.0,9.0
PARANOiA ～HADES～,251.0,begSP,1.53,497.0,542.0,603.0,603.0,7.0,956366.0,1000000.0,433.0,18.0,201.0,0.0
PARANOiA-Respect-,190.0,BDP,1.53,624.0,666.0,741.0,741.0,8.0,965180.0,1000000.0,226.0,5.0,247.0,0.0
Din Don Dan,593.0,DSP,1.53,583.0,642.0,714.0,714.0,7.0,950940.0,1000000.0,774.0,29.0,238.0,6.0
printemps,565.0,ESP,1.53,1019.0,1085.0,1206.0,1206.0,13.0,965142.0,1000000.0,1796.0,5.0,402.0,6.0
MITOれて！いばらきっしゅだ～りん,590.0,DDP,1.53,771.0,826.0,918.0,918.0,10.0,961933.0,1000000.0,194.0,5.0,306.0,14.0
Run The Show,988.0,ESP,1.53,1215.0,1287.0,1431.0,1431.0,15.0,966712.0,1000000.0,1210.0,2.0,477.0,12.0
Tracers (4Beat Remix),324.0,DDP,1.53,639.0,677.0,753.0,753.0,9.0,967015.0,1000000.0,140.0,3.0,251.0,6.0
Far east nightbird kors k Remix -DDR edit ver-,736.0,BDP,1.53,573.0,629.0,699.0,699.0,7.0,950855.0,1000000.0,313.0,17.0,233.0,13.0
I'm gonna get you!,117.0,EDP,1.53,789.0,839.0,933.0,933.0,11.0,965846.0,1000000.0,358.0,4.0,311.0,4.0
snow prism,488.0,ESP,1.53,1093.0,1171.0,1302.0,1302.0,12.0,961239.0,1000000.0,1542.0,7.0,434.0,18.0
Freeze,352.0,ESP,1.53,874.0,928.0,1032.0,1032.0,12.0,960094.0,1000000.0,1082.0,4.0,344.0,54.0
CARTOON HEROES (20th Anniversary Mix),853.0,BDP,1.53,705.0,761.0,846.0,846.0,10.0,960230.0,1000000.0,417.0,10.0,282.0,3.0
恋愛観測,748.0,DSP,1.53,882.0,955.0,1062.0,1062.0,10.0,956517.0,1000000.0,1038.0,14.0,354.0,17.0
PARANOiA,1.0,ESP,1.53,797.0,861.0,957.0,957.0,11.0,960119.0,1000000.0,2093.0,19.0,319.0,0.0
Toy Box Factory,844.0,DDP,1.52,900.0,950.0,1056.0,1056.0,11.0,967646.0,1000000.0,405.0,2.0,352.0,16.0
MAKE A JAM!,719.0,DSP,1.52,478.0,521.0,579.0,579.0,7.0,957345.0,1000000.0,400.0,18.0,193.0,0.0
VOLAQUAS,1150.0,BDP,1.52,1091.0,1166.0,1296.0,1296.0,11.0,957461.0,1000000.0,322.0,4.0,432.0,63.0
Astrogazer,728.0,DSP,1.52,921.0,977.0,1086.0,1086.0,12.0,967563.0,1000000.0,1953.0,4.0,362.0,0.0
不沈艦CANDY,403.0,DSP,1.52,894.0,972.0,1080.0,1080.0,9.0,953144.0,1000000.0,873.0,16.0,360.0,31.0
TRIP MACHINE EVOLUTION,480.0,BSP,1.52,724.0,783.0,870.0,870.0,9.0,958813.0,1000000.0,594.0,13.0,290.0,7.0
HYSTERIA,38.0,DDP,1.52,701.0,753.0,837.0,837.0,8.0,962898.0,1000000.0,192.0,6.0,279.0,0.0
Catch Our Fire!,819.0,DSP,1.52,1337.0,1422.0,1581.0,1581.0,13.0,963891.0,1000000.0,1407.0,3.0,527.0,23.0
星屑のキロク,574.0,DSP,1.52,832.0,904.0,1005.0,1005.0,9.0,950915.0,1000000.0,378.0,11.0,335.0,44.0
La Bamba,176.0,DSP,1.52,614.0,669.0,744.0,744.0,8.0,956269.0,1000000.0,176.0,10.0,248.0,1.0
Till the lonely's gone,322.0,EDP,1.52,676.0,718.0,798.0,798.0,9.0,965819.0,1000000.0,286.0,4.0,266.0,12.0
PARANOiA ETERNAL,58.0,ESP,1.52,972.0,1042.0,1158.0,1158.0,13.0,962551.0,1000000.0,1552.0,9.0,386.0,5.0
逆さま&hearts;シンデレラパレード,934.0,DDP,1.52,776.0,826.0,918.0,918.0,10.0,963973.0,1000000.0,266.0,4.0,306.0,19.0
突撃！ガラスのニーソ姫！,659.0,BSP,1.52,666.0,742.0,825.0,825.0,7.0,939067.0,1000000.0,518.0,28.0,275.0,37.0
都会征服Girls☆,1241.0,DDP,1.52,856.0,885.0,982.0,984.0,10.0,975645.0,999980.0,70.0,0.0,328.0,17.0
星座が恋した瞬間を。,803.0,EDP,1.51,1115.0,1179.0,1311.0,1311.0,12.0,966852.0,1000000.0,811.0,2.0,437.0,16.0
アリスサイド・キャスリング,957.0,BSP,1.51,301.0,329.0,366.0,366.0,5.0,950060.0,1000000.0,265.0,20.0,122.0,14.0
SPECIAL SUMMER CAMPAIGN!,617.0,DSP,1.51,824.0,888.0,987.0,987.0,11.0,959122.0,1000000.0,650.0,10.0,329.0,17.0
御伽噺に幕切れを,933.0,BSP,1.51,649.0,712.0,792.0,792.0,7.0,951759.0,1000000.0,271.0,14.0,264.0,11.0
MA・TSU・RI,1118.0,EDP,1.51,1239.0,1304.0,1449.0,1449.0,13.0,968432.0,1000000.0,437.0,1.0,483.0,25.0
osaka EVOLVED -毎度、おおきに！- (TYPE2),460.0,begSP,1.51,462.0,504.0,561.0,561.0,9.0,951084.0,1000000.0,150.0,11.0,187.0,17.0
Shut Up and Dance,714.0,ESP,1.51,685.0,734.0,816.0,816.0,11.0,963200.0,1000000.0,1238.0,12.0,272.0,2.0
LoveLove DokiDoki,594.0,DDP,1.51,940.0,1004.0,1116.0,1116.0,10.0,963989.0,1000000.0,205.0,4.0,372.0,5.0
Are U Ready,1105.0,EDP,1.51,1240.0,1314.0,1461.0,1461.0,13.0,965503.0,1000000.0,343.0,2.0,487.0,21.0
Twin memories W,780.0,EDP,1.51,994.0,1058.0,1176.0,1176.0,11.0,963237.0,1000000.0,519.0,4.0,392.0,25.0
天上の星～黎明記～,452.0,ESP,1.5,936.0,1009.0,1122.0,1122.0,12.0,956082.0,1000000.0,1653.0,13.0,374.0,38.0
ミライプリズム,644.0,DSP,1.5,631.0,683.0,759.0,759.0,7.0,955805.0,1000000.0,496.0,14.0,253.0,21.0
モノクロモーメント,1034.0,EDP,1.5,1406.0,1460.0,1621.0,1623.0,14.0,973623.0,999980.0,439.0,0.0,541.0,23.0
乙女繚乱 舞い咲き誇れ,642.0,ESP,1.5,1238.0,1320.0,1467.0,1467.0,13.0,962743.0,1000000.0,2003.0,5.0,489.0,25.0
DANCE ALL NIGHT (DDR EDITION),687.0,DDP,1.5,667.0,720.0,801.0,801.0,8.0,958807.0,1000000.0,379.0,10.0,267.0,11.0
ウソツキ横丁は雨模様,975.0,DDP,1.5,742.0,793.0,882.0,882.0,9.0,962456.0,1000000.0,210.0,5.0,294.0,13.0
CENTAUR,154.0,DSP,1.5,551.0,583.0,648.0,648.0,9.0,967244.0,1000000.0,237.0,4.0,216.0,9.0
Dream Machine,287.0,DDP,1.5,604.0,645.0,717.0,717.0,8.0,964263.0,1000000.0,157.0,5.0,239.0,7.0
Smiling Passion,801.0,EDP,1.5,965.0,1031.0,1146.0,1146.0,12.0,963422.0,1000000.0,459.0,5.0,382.0,11.0
"BLUE FOG, SILVER BULLET.",1222.0,DSP,1.5,1128.0,1185.0,1317.0,1317.0,12.0,969174.0,1000000.0,868.0,1.0,439.0,21.0
spring pony,1174.0,ESP,1.5,1437.0,1530.0,1701.0,1701.0,15.0,964617.0,1000000.0,969.0,3.0,567.0,8.0
Colors ～for EXTREME～,106.0,DDP,1.5,672.0,729.0,810.0,810.0,7.0,957839.0,1000000.0,222.0,10.0,270.0,5.0
DeStRuCtIvE FoRcE,936.0,DSP,1.5,686.0,747.0,831.0,831.0,9.0,954396.0,1000000.0,286.0,12.0,277.0,12.0
Hunny Bunny,912.0,DDP,1.5,802.0,858.0,954.0,954.0,10.0,962408.0,1000000.0,391.0,6.0,318.0,14.0
Malacca,296.0,EDP,1.5,561.0,594.0,660.0,660.0,9.0,968844.0,1000000.0,232.0,4.0,220.0,1.0
PUT YOUR FAITH IN ME ～SATURDAY NIGHT MIX～,193.0,EDP,1.5,731.0,769.0,855.0,855.0,12.0,970252.0,1000000.0,344.0,2.0,285.0,4.0
SAYONARA☆ディスコライト,1060.0,EDP,1.49,997.0,1053.0,1170.0,1170.0,14.0,967148.0,1000000.0,422.0,2.0,390.0,23.0
Angelic Jelly,737.0,BDP,1.49,624.0,672.0,747.0,747.0,6.0,959030.0,1000000.0,954.0,16.0,249.0,14.0
女言葉の消失,651.0,DDP,1.49,879.0,939.0,1044.0,1044.0,9.0,960195.0,1000000.0,316.0,5.0,348.0,34.0
FLOWER,457.0,ESP,1.49,1136.0,1223.0,1359.0,1359.0,13.0,960123.0,1000000.0,2158.0,12.0,453.0,11.0
PARANOiA (kskst mix),487.0,DSP,1.49,1270.0,1358.0,1509.0,1509.0,13.0,963160.0,1000000.0,1795.0,6.0,503.0,10.0
All My Love,340.0,EDP,1.49,763.0,815.0,906.0,906.0,11.0,963606.0,1000000.0,585.0,7.0,302.0,9.0
CANDY&#9825;,74.0,DDP,1.49,589.0,642.0,714.0,714.0,6.0,950904.0,1000000.0,261.0,13.0,238.0,27.0
Be a Hero!,765.0,BSP,1.49,992.0,1071.0,1191.0,1191.0,9.0,957421.0,1000000.0,690.0,10.0,397.0,22.0
MAX LOVE,367.0,EDP,1.49,1158.0,1242.0,1380.0,1380.0,11.0,962103.0,1000000.0,555.0,6.0,460.0,7.0
ever snow,419.0,DDP,1.49,703.0,753.0,837.0,837.0,8.0,962555.0,1000000.0,305.0,7.0,279.0,8.0
RЁVOLUTIФN,553.0,DSP,1.49,1095.0,1171.0,1302.0,1302.0,11.0,959379.0,1000000.0,938.0,6.0,434.0,43.0
neko＊neko,670.0,CSP,1.49,1149.0,1217.0,1353.0,1353.0,14.0,967470.0,1000000.0,2151.0,3.0,451.0,1.0
毒占欲,880.0,DDP,1.49,631.0,675.0,750.0,750.0,8.0,962257.0,1000000.0,196.0,6.0,250.0,15.0
I'm so Happy,359.0,BDP,1.48,496.0,542.0,603.0,603.0,6.0,951295.0,1000000.0,299.0,17.0,201.0,15.0
Rave Accelerator,972.0,DDP,1.48,1039.0,1104.0,1227.0,1227.0,12.0,966322.0,1000000.0,307.0,3.0,409.0,6.0
PARANOiA Rebirth,23.0,BDP,1.48,707.0,758.0,843.0,843.0,9.0,963470.0,1000000.0,209.0,6.0,281.0,0.0
Daily Lunch Special,582.0,BSP,1.48,709.0,777.0,864.0,864.0,7.0,947557.0,1000000.0,393.0,17.0,288.0,35.0
LOVE IS ORANGE,178.0,EDP,1.48,625.0,669.0,744.0,744.0,8.0,963678.0,1000000.0,375.0,8.0,248.0,2.0
Unreality,1095.0,DDP,1.48,914.0,958.0,1065.0,1065.0,11.0,970292.0,1000000.0,369.0,1.0,355.0,18.0
Horatio,291.0,DSP,1.48,644.0,696.0,774.0,774.0,9.0,957748.0,1000000.0,495.0,13.0,258.0,14.0
If,1005.0,ESP,1.48,1216.0,1285.0,1428.0,1428.0,15.0,967017.0,1000000.0,1328.0,2.0,476.0,21.0
DDR MEGAMIX,810.0,begSP,1.48,460.0,499.0,555.0,555.0,6.0,959072.0,1000000.0,246.0,13.0,185.0,0.0
xenon,140.0,DDP,1.48,664.0,707.0,786.0,786.0,9.0,964455.0,1000000.0,234.0,5.0,262.0,11.0
Top The Charts,519.0,CSP,1.48,1112.0,1201.0,1335.0,1335.0,14.0,955470.0,1000000.0,1836.0,14.0,445.0,41.0
凛として咲く花の如く,335.0,BDP,1.48,465.0,510.0,567.0,567.0,5.0,950482.0,1000000.0,292.0,19.0,189.0,14.0
Theory of Eternity,393.0,EDP,1.48,1072.0,1144.0,1272.0,1272.0,12.0,964095.0,1000000.0,792.0,5.0,424.0,8.0
Confession,520.0,EDP,1.48,901.0,950.0,1056.0,1056.0,12.0,965593.0,1000000.0,566.0,2.0,352.0,40.0
TRUE&hearts;LOVE,210.0,DDP,1.48,661.0,729.0,810.0,810.0,7.0,950123.0,1000000.0,216.0,15.0,270.0,8.0
UNBELIEVABLE (Sparky remix),430.0,ESP,1.48,1376.0,1471.0,1635.0,1635.0,15.0,959130.0,1000000.0,2492.0,6.0,545.0,57.0
量子の海のリントヴルム,1090.0,BSP,1.48,797.0,845.0,939.0,939.0,10.0,964564.0,1000000.0,428.0,4.0,313.0,25.0
サヨナラ・ヘヴン,1103.0,DDP,1.47,759.0,807.0,897.0,897.0,9.0,963702.0,1000000.0,207.0,4.0,299.0,22.0
BRIDAL FESTIVAL !!!,984.0,DSP,1.47,892.0,947.0,1053.0,1053.0,10.0,964802.0,1000000.0,687.0,4.0,351.0,21.0
Across the nightmare,101.0,ESP,1.47,788.0,837.0,930.0,930.0,12.0,966033.0,1000000.0,1414.0,6.0,310.0,12.0
New Century,700.0,BDP,1.47,694.0,750.0,834.0,834.0,8.0,955404.0,1000000.0,716.0,15.0,278.0,27.0
MAKE IT BETTER,0.0,EDP,1.47,562.0,594.0,660.0,660.0,11.0,969345.0,1000000.0,503.0,5.0,220.0,0.0
SCHWARZSCHILD FIELD,1045.0,BDP,1.47,746.0,796.0,885.0,885.0,10.0,963596.0,1000000.0,225.0,5.0,295.0,12.0
Silent Hill,24.0,DDP,1.47,517.0,556.0,618.0,618.0,7.0,962227.0,1000000.0,198.0,9.0,206.0,0.0
V ～for EXTREME～,138.0,DSP,1.47,697.0,758.0,843.0,843.0,8.0,954438.0,1000000.0,500.0,16.0,281.0,16.0
世界の果てに約束の凱歌を -DDR Extended Megamix-,986.0,DSP,1.47,1369.0,1449.0,1611.0,1611.0,14.0,966593.0,1000000.0,1314.0,2.0,537.0,16.0
Jewelry days,779.0,EDP,1.47,905.0,958.0,1065.0,1065.0,12.0,966313.0,1000000.0,501.0,3.0,355.0,19.0
Lose Your Sense,1158.0,BDP,1.47,755.0,804.0,894.0,894.0,9.0,964099.0,1000000.0,150.0,4.0,298.0,13.0
#OurMemories,816.0,DDP,1.47,777.0,823.0,915.0,915.0,9.0,966189.0,1000000.0,498.0,4.0,305.0,14.0
カゲロウ,216.0,DSP,1.47,576.0,637.0,708.0,708.0,7.0,949526.0,1000000.0,277.0,20.0,236.0,3.0
Grand Chariot,738.0,DSP,1.47,1011.0,1080.0,1200.0,1200.0,11.0,963104.0,1000000.0,1903.0,8.0,400.0,17.0
DANCE ALL NIGHT (DDR EDITION),687.0,EDP,1.46,803.0,850.0,945.0,945.0,10.0,965465.0,1000000.0,731.0,4.0,315.0,22.0
Towards the TOWER,722.0,ESP,1.46,938.0,993.0,1104.0,1104.0,12.0,967397.0,1000000.0,1739.0,4.0,368.0,6.0
Alone,870.0,EDP,1.46,915.0,974.0,1083.0,1083.0,12.0,965577.0,1000000.0,717.0,5.0,361.0,5.0
ほしのつくりかた,1031.0,EDP,1.46,1010.0,1066.0,1185.0,1185.0,13.0,969377.0,1000000.0,475.0,2.0,395.0,1.0
La libertad,363.0,CSP,1.46,1125.0,1196.0,1329.0,1329.0,14.0,966219.0,1000000.0,1957.0,5.0,443.0,1.0
Going Hypersonic,971.0,ESP,1.46,1226.0,1312.0,1458.0,1458.0,15.0,962288.0,1000000.0,1422.0,7.0,486.0,14.0
ALL MY HEART -この恋に、わたしの全てを賭ける-,694.0,DSP,1.46,694.0,758.0,843.0,843.0,9.0,954816.0,1000000.0,748.0,23.0,281.0,3.0
roppongi EVOLVED ver.A,378.0,DSP,1.46,920.0,988.0,1098.0,1098.0,11.0,959218.0,1000000.0,965.0,10.0,366.0,29.0
More One Night,770.0,DDP,1.46,554.0,594.0,660.0,660.0,8.0,958838.0,1000000.0,467.0,11.0,220.0,26.0
volcano,272.0,ESP,1.45,1166.0,1225.0,1362.0,1362.0,13.0,969550.0,1000000.0,1130.0,1.0,454.0,18.0
Plan 8,628.0,BDP,1.45,807.0,872.0,969.0,969.0,8.0,956316.0,1000000.0,334.0,10.0,323.0,27.0
AA,146.0,ESP,1.45,982.0,1047.0,1164.0,1164.0,13.0,964962.0,1000000.0,2286.0,8.0,388.0,2.0
Come Back to Me (Feel It),1124.0,EDP,1.45,1017.0,1066.0,1185.0,1185.0,14.0,969683.0,1000000.0,364.0,1.0,395.0,24.0
滅亡天使 &dagger; にこきゅっぴん,643.0,ESP,1.45,1064.0,1131.0,1257.0,1257.0,12.0,965637.0,1000000.0,1626.0,5.0,419.0,10.0
L'amour et la libert&eacute;(DDR Ver.),123.0,ESP,1.45,787.0,837.0,930.0,930.0,12.0,966780.0,1000000.0,1252.0,7.0,310.0,2.0
Another Phase,526.0,DSP,1.45,852.0,912.0,1014.0,1014.0,11.0,963362.0,1000000.0,1288.0,10.0,338.0,5.0
puzzle,308.0,EDP,1.45,548.0,583.0,648.0,648.0,9.0,966591.0,1000000.0,242.0,6.0,216.0,2.0
Magnetic,548.0,BSP,1.45,765.0,828.0,921.0,921.0,7.0,952944.0,1000000.0,355.0,11.0,307.0,39.0
SHINY DAYS,981.0,EDP,1.45,614.0,653.0,726.0,726.0,10.0,965291.0,1000000.0,521.0,7.0,242.0,9.0
Come to Life,734.0,BDP,1.45,673.0,723.0,804.0,804.0,8.0,960978.0,1000000.0,867.0,14.0,268.0,8.0
future gazer,410.0,CSP,1.45,529.0,569.0,633.0,633.0,9.0,950665.0,1000000.0,208.0,9.0,211.0,47.0
Unreal,268.0,BSP,1.45,528.0,572.0,636.0,636.0,8.0,959186.0,1000000.0,225.0,12.0,212.0,0.0
虹色,224.0,CSP,1.44,1094.0,1169.0,1299.0,1299.0,13.0,963947.0,1000000.0,1875.0,8.0,433.0,6.0
era (nostalmix),35.0,DSP,1.44,579.0,634.0,705.0,705.0,8.0,954634.0,1000000.0,293.0,17.0,235.0,0.0
PASSION OF LOVE,191.0,EDP,1.44,779.0,826.0,918.0,918.0,10.0,965554.0,1000000.0,344.0,4.0,306.0,19.0
放課後ストライド,703.0,BDP,1.44,453.0,494.0,549.0,549.0,5.0,955123.0,1000000.0,328.0,19.0,183.0,8.0
妖隠し -あやかしかくし-,656.0,ESP,1.44,1642.0,1763.0,1959.0,1959.0,14.0,960252.0,1000000.0,2625.0,8.0,653.0,21.0
創世ノート,532.0,BSP,1.44,682.0,745.0,828.0,828.0,8.0,952041.0,1000000.0,336.0,16.0,276.0,20.0
Helios,841.0,BSP,1.44,726.0,783.0,870.0,870.0,8.0,956219.0,1000000.0,320.0,10.0,290.0,32.0
伐折羅-vajra-,1182.0,DDP,1.44,966.0,1012.0,1125.0,1125.0,12.0,971426.0,1000000.0,189.0,1.0,375.0,9.0
TECH-NOID,707.0,DSP,1.44,725.0,780.0,867.0,867.0,9.0,960087.0,1000000.0,572.0,12.0,289.0,12.0
ヤサイマシ☆ニンニクアブラオオメ,1104.0,ESP,1.43,1314.0,1371.0,1523.0,1524.0,15.0,972196.0,999990.0,942.0,0.0,508.0,18.0
君氏危うくも近うよれ,763.0,EDP,1.43,920.0,977.0,1086.0,1086.0,13.0,966034.0,1000000.0,839.0,5.0,362.0,9.0
とこにゃつ☆トロピカル,1205.0,DDP,1.43,945.0,990.0,1101.0,1101.0,12.0,969949.0,1000000.0,162.0,1.0,367.0,23.0
era (nostalmix),35.0,ESP,1.43,898.0,961.0,1068.0,1068.0,11.0,964009.0,1000000.0,1482.0,11.0,356.0,0.0
Yeah! Yeah!,690.0,DDP,1.43,601.0,639.0,711.0,711.0,9.0,963963.0,1000000.0,298.0,6.0,237.0,14.0
天ノ弱,725.0,ESP,1.43,1091.0,1163.0,1293.0,1293.0,13.0,964916.0,1000000.0,2275.0,7.0,431.0,5.0
Trickster,325.0,DDP,1.43,668.0,683.0,755.0,759.0,8.0,978468.0,999960.0,39.0,0.0,253.0,23.0
chaos eater,635.0,BDP,1.43,654.0,699.0,777.0,777.0,8.0,964733.0,1000000.0,272.0,7.0,259.0,2.0
real-high-SPEED,376.0,EDP,1.43,654.0,696.0,774.0,774.0,9.0,962521.0,1000000.0,308.0,6.0,258.0,23.0
Blue Rain,279.0,DDP,1.43,567.0,618.0,687.0,687.0,7.0,953014.0,1000000.0,265.0,15.0,229.0,18.0
Black Emperor,1077.0,BDP,1.43,707.0,753.0,837.0,837.0,9.0,963690.0,1000000.0,184.0,5.0,279.0,16.0
HEART BEAT FORMULA,448.0,DSP,1.43,926.0,985.0,1095.0,1095.0,10.0,963867.0,1000000.0,571.0,5.0,365.0,23.0
DeStRuCtIvE FoRcE,936.0,DDP,1.42,728.0,774.0,861.0,861.0,9.0,965125.0,1000000.0,168.0,4.0,287.0,12.0
Burst The Gravity,503.0,DDP,1.42,603.0,642.0,714.0,714.0,8.0,963508.0,1000000.0,76.0,4.0,238.0,14.0
Triple Counter,742.0,BSP,1.42,976.0,1042.0,1158.0,1158.0,11.0,963944.0,1000000.0,1883.0,9.0,386.0,11.0
B4U,28.0,DSP,1.42,581.0,642.0,714.0,714.0,7.0,950751.0,1000000.0,655.0,34.0,238.0,0.0
FIRE FIRE,351.0,ESP,1.42,1463.0,1555.0,1728.0,1728.0,14.0,965777.0,1000000.0,2467.0,4.0,576.0,5.0
輪廻転生,769.0,ESP,1.42,1598.0,1701.0,1890.0,1890.0,13.0,964009.0,1000000.0,1587.0,4.0,630.0,18.0
ランカーキラーガール,904.0,DSP,1.42,1140.0,1217.0,1353.0,1353.0,13.0,962109.0,1000000.0,1436.0,7.0,451.0,26.0
追憶のアリア,958.0,EDP,1.42,780.0,823.0,915.0,915.0,11.0,967831.0,1000000.0,501.0,3.0,305.0,17.0
STERLING SILVER,732.0,DDP,1.42,897.0,966.0,1074.0,1074.0,10.0,959522.0,1000000.0,602.0,11.0,358.0,14.0
AM-3P,3.0,EDP,1.42,609.0,648.0,720.0,720.0,10.0,966731.0,1000000.0,649.0,9.0,240.0,0.0
Dreamin&rsquo;,619.0,EDP,1.42,671.0,712.0,792.0,792.0,9.0,967059.0,1000000.0,291.0,5.0,264.0,1.0
Freeze,352.0,CSP,1.42,883.0,931.0,1035.0,1035.0,13.0,960036.0,1000000.0,1098.0,3.0,345.0,77.0
MAX LOVE,367.0,DDP,1.42,922.0,993.0,1104.0,1104.0,8.0,960890.0,1000000.0,294.0,8.0,368.0,3.0
バンブーソード・ガール,597.0,BSP,1.41,655.0,720.0,801.0,801.0,7.0,951646.0,1000000.0,483.0,24.0,267.0,4.0
シル・ヴ・プレジデント,1022.0,CSP,1.41,1207.0,1287.0,1431.0,1431.0,14.0,964297.0,1000000.0,1258.0,6.0,477.0,5.0
Find You Again,432.0,ESP,1.41,743.0,788.0,876.0,876.0,12.0,966616.0,1000000.0,1295.0,7.0,292.0,8.0
花は折りたし梢は高し,959.0,ESP,1.41,952.0,1001.0,1113.0,1113.0,12.0,969413.0,1000000.0,1188.0,2.0,371.0,13.0
The legend of MAX,135.0,begSP,1.41,432.0,469.0,522.0,522.0,7.0,957782.0,1000000.0,256.0,16.0,174.0,0.0
PARANOiA KCET ～clean mix～,9.0,BDP,1.41,658.0,704.0,783.0,783.0,8.0,964050.0,1000000.0,301.0,8.0,261.0,0.0
バンブーソード・ガール,597.0,BDP,1.41,689.0,745.0,828.0,828.0,7.0,959051.0,1000000.0,311.0,12.0,276.0,6.0
Too Late Snow,1093.0,DDP,1.41,887.0,934.0,1038.0,1038.0,10.0,969077.0,1000000.0,221.0,2.0,346.0,15.0
stomp to my beat,475.0,CSP,1.41,749.0,799.0,888.0,888.0,11.0,965592.0,1000000.0,161.0,5.0,296.0,0.0
Lachryma《Re:Queen&rsquo;M》,920.0,begSP,1.41,393.0,432.0,480.0,480.0,5.0,944465.0,1000000.0,284.0,24.0,160.0,26.0
Dance Dance Revolution,108.0,DSP,1.41,614.0,672.0,747.0,747.0,8.0,953942.0,1000000.0,509.0,24.0,249.0,4.0
London EVOLVED ver.C,470.0,BDP,1.41,749.0,801.0,891.0,891.0,8.0,960003.0,1000000.0,216.0,6.0,297.0,29.0
爆なな☆てすとロイヤー,660.0,DSP,1.41,1020.0,1085.0,1206.0,1206.0,11.0,965005.0,1000000.0,1050.0,6.0,402.0,11.0
Hoping To Be Good,511.0,EDP,1.41,607.0,639.0,711.0,711.0,11.0,970052.0,1000000.0,232.0,3.0,237.0,2.0
Clarity,871.0,EDP,1.4,605.0,642.0,714.0,714.0,9.0,963641.0,1000000.0,419.0,6.0,238.0,24.0
Until the End,447.0,DDP,1.4,769.0,815.0,906.0,906.0,10.0,963911.0,1000000.0,249.0,4.0,302.0,30.0
Jetcoaster Windy,968.0,BSP,1.4,635.0,685.0,762.0,762.0,7.0,959729.0,1000000.0,296.0,11.0,254.0,7.0
FUJIMORI -祭- FESTIVAL,610.0,DDP,1.4,748.0,796.0,885.0,885.0,8.0,965281.0,1000000.0,250.0,5.0,295.0,10.0
Chronos (walk with you remix),794.0,DSP,1.4,994.0,1071.0,1191.0,1191.0,10.0,959941.0,1000000.0,958.0,13.0,397.0,7.0
Right Time Right Way,861.0,ESP,1.4,1327.0,1417.0,1575.0,1575.0,14.0,962121.0,1000000.0,1735.0,7.0,525.0,25.0
Dispersion Star,575.0,DSP,1.4,698.0,750.0,834.0,834.0,9.0,958764.0,1000000.0,288.0,9.0,278.0,23.0
夢幻ノ光,225.0,DSP,1.4,673.0,734.0,816.0,816.0,8.0,950407.0,1000000.0,438.0,19.0,272.0,31.0
M.A.Y.U.,650.0,ESP,1.4,1091.0,1155.0,1284.0,1284.0,13.0,967178.0,1000000.0,1572.0,4.0,428.0,8.0
&Delta;MAX,402.0,begSP,1.4,326.0,351.0,390.0,390.0,3.0,962796.0,1000000.0,295.0,17.0,130.0,0.0
エキサイティング！！も・ちゃ・ちゃ☆,753.0,ESP,1.4,1106.0,1171.0,1302.0,1302.0,13.0,967000.0,1000000.0,1981.0,4.0,434.0,10.0
IX,583.0,begSP,1.4,576.0,629.0,699.0,699.0,5.0,952700.0,1000000.0,281.0,17.0,233.0,16.0
ECSTASY,54.0,DDP,1.4,599.0,634.0,705.0,705.0,8.0,968963.0,1000000.0,180.0,4.0,235.0,0.0
Straight Oath,501.0,DSP,1.4,840.0,891.0,990.0,990.0,11.0,966686.0,1000000.0,544.0,5.0,330.0,10.0
Break Free,710.0,begSP,1.4,284.0,334.0,372.0,372.0,3.0,921357.0,1000000.0,192.0,36.0,124.0,2.0
MEGALOVANIA,1071.0,DSP,1.4,1047.0,1109.0,1233.0,1233.0,12.0,961549.0,1000000.0,1032.0,4.0,411.0,60.0
Secret Rendez-vous,87.0,DDP,1.4,376.0,405.0,450.0,450.0,8.0,962090.0,1000000.0,132.0,10.0,150.0,2.0
Private Eye,423.0,EDP,1.4,894.0,953.0,1059.0,1059.0,12.0,964291.0,1000000.0,633.0,7.0,353.0,12.0
PUNISHER,569.0,ESP,1.39,1348.0,1422.0,1581.0,1581.0,14.0,968118.0,1000000.0,2310.0,2.0,527.0,13.0
HEART BEAT FORMULA,448.0,BSP,1.39,650.0,720.0,801.0,801.0,7.0,948527.0,1000000.0,224.0,18.0,267.0,4.0
LOVE&hearts;SHINE,124.0,DDP,1.39,553.0,602.0,669.0,669.0,7.0,956915.0,1000000.0,280.0,16.0,223.0,4.0
DROP OUT,34.0,ESP,1.39,1009.0,1071.0,1191.0,1191.0,13.0,966985.0,1000000.0,2162.0,6.0,397.0,0.0
Amalgamation,429.0,DSP,1.39,866.0,923.0,1026.0,1026.0,10.0,964087.0,1000000.0,898.0,8.0,342.0,13.0
滅亡天使 &dagger; にこきゅっぴん,643.0,BDP,1.39,577.0,623.0,693.0,693.0,6.0,959198.0,1000000.0,218.0,11.0,231.0,5.0
キケンな果実,549.0,DSP,1.39,792.0,850.0,945.0,945.0,9.0,959527.0,1000000.0,503.0,10.0,315.0,25.0
D2R (&quot;FREEZE&quot; Special),234.0,CSP,1.39,617.0,653.0,726.0,726.0,12.0,955751.0,1000000.0,1598.0,8.0,242.0,67.0
梅雪夜,992.0,ESP,1.39,1251.0,1323.0,1470.0,1470.0,14.0,967326.0,1000000.0,1483.0,3.0,490.0,15.0
夏色DIARY -DDR mix-,668.0,DSP,1.39,992.0,1074.0,1194.0,1194.0,10.0,958062.0,1000000.0,1183.0,18.0,398.0,9.0
ちくわパフェだよ☆ＣＫＰ,561.0,CSP,1.39,1311.0,1390.0,1545.0,1545.0,14.0,966693.0,1000000.0,2192.0,4.0,515.0,6.0
Afterimage d'automne,894.0,BDP,1.39,601.0,639.0,711.0,711.0,8.0,962779.0,1000000.0,232.0,6.0,237.0,20.0
Destination,638.0,BSP,1.39,677.0,731.0,813.0,813.0,9.0,956452.0,1000000.0,490.0,15.0,271.0,21.0
Lesson by DJ,717.0,begSP,1.39,112.0,121.0,135.0,135.0,1.0,957574.0,1000000.0,1211.0,96.0,45.0,1.0
Afterimage d'automne,894.0,DSP,1.39,874.0,918.0,1020.0,1020.0,11.0,968449.0,1000000.0,763.0,2.0,340.0,30.0
Sakura Reflection,788.0,DDP,1.39,702.0,753.0,837.0,837.0,10.0,962786.0,1000000.0,590.0,12.0,279.0,4.0
HYPER EUROBEAT,116.0,DDP,1.39,663.0,704.0,783.0,783.0,9.0,963803.0,1000000.0,226.0,5.0,261.0,22.0
SUPER STAR,45.0,DDP,1.39,493.0,526.0,585.0,585.0,9.0,965623.0,1000000.0,163.0,7.0,195.0,0.0
BALLAD THE FEATHERS,342.0,ESP,1.38,709.0,753.0,837.0,837.0,10.0,967400.0,1000000.0,960.0,8.0,279.0,0.0
Dance With The Dead,1254.0,ESP,1.38,1273.0,1304.0,1443.0,1449.0,15.0,979342.0,999940.0,219.0,0.0,483.0,12.0
ちゅ～いん☆バニー,592.0,DDP,1.38,645.0,693.0,771.0,771.0,8.0,959736.0,1000000.0,240.0,9.0,257.0,15.0
コメット&rArr;スケイター,1249.0,DDP,1.38,867.0,891.0,987.0,990.0,10.0,978169.0,999970.0,128.0,0.0,330.0,17.0
乙女繚乱 舞い咲き誇れ,642.0,BSP,1.38,630.0,685.0,762.0,762.0,7.0,952824.0,1000000.0,491.0,20.0,254.0,22.0
Silly Love,924.0,ESP,1.38,1458.0,1544.0,1716.0,1716.0,14.0,964489.0,1000000.0,1678.0,3.0,572.0,43.0
ふりそでーしょん,542.0,DSP,1.38,776.0,818.0,909.0,909.0,8.0,969132.0,1000000.0,47.0,2.0,303.0,6.0
Music In The Rhythm,249.0,ESP,1.38,985.0,1058.0,1176.0,1176.0,11.0,960541.0,1000000.0,937.0,12.0,392.0,15.0
Dazzlin' Darlin,345.0,BDP,1.38,569.0,626.0,696.0,696.0,6.0,951620.0,1000000.0,297.0,21.0,232.0,5.0
COME BACK TO MY HEART,435.0,DDP,1.38,501.0,531.0,591.0,591.0,8.0,964672.0,1000000.0,292.0,6.0,197.0,17.0
Ability,1175.0,ESP,1.38,1419.0,1498.0,1665.0,1665.0,16.0,965943.0,1000000.0,898.0,2.0,555.0,41.0
SODA GALAXY,843.0,DDP,1.38,790.0,845.0,939.0,939.0,8.0,962798.0,1000000.0,261.0,7.0,313.0,13.0
LOGICAL DASH,177.0,EDP,1.38,540.0,572.0,636.0,636.0,10.0,966591.0,1000000.0,317.0,6.0,212.0,11.0
BRILLIANT 2U,4.0,DDP,1.37,446.0,486.0,540.0,540.0,7.0,957690.0,1000000.0,355.0,22.0,180.0,0.0
Resurrection,446.0,EDP,1.37,734.0,777.0,864.0,864.0,10.0,965044.0,1000000.0,443.0,5.0,288.0,23.0
La Bamba,176.0,ESP,1.37,832.0,888.0,987.0,987.0,11.0,964850.0,1000000.0,901.0,10.0,329.0,1.0
Monkey Business,525.0,BSP,1.37,683.0,745.0,828.0,828.0,6.0,952112.0,1000000.0,520.0,22.0,276.0,23.0
Aftermath,1037.0,DSP,1.37,1311.0,1393.0,1548.0,1548.0,12.0,963906.0,1000000.0,699.0,4.0,516.0,33.0
POSSESSION,375.0,begSP,1.37,614.0,675.0,750.0,750.0,7.0,945293.0,1000000.0,811.0,38.0,250.0,35.0
GRADIUS REMIX（&uarr;&uarr;&darr;&darr;&larr;&rarr;&larr;&rarr;BA Ver.),1065.0,EDP,1.37,927.0,969.0,1077.0,1077.0,12.0,970531.0,1000000.0,329.0,1.0,359.0,28.0
Brazilian Anthem,150.0,DSP,1.37,606.0,656.0,729.0,729.0,8.0,953582.0,1000000.0,249.0,13.0,243.0,30.0
WH1TE RO5E,397.0,DDP,1.37,650.0,685.0,762.0,762.0,9.0,967647.0,1000000.0,177.0,3.0,254.0,17.0
FUNKY SUMMER BEACH,631.0,DSP,1.37,782.0,847.0,942.0,942.0,10.0,958043.0,1000000.0,1045.0,22.0,314.0,7.0
ジョジョ～その血の運命～,541.0,DDP,1.37,621.0,642.0,713.0,714.0,8.0,976096.0,999990.0,37.0,0.0,238.0,5.0
Drive Away,1198.0,DDP,1.37,959.0,982.0,1087.0,1092.0,12.0,980042.0,999950.0,66.0,0.0,364.0,5.0
令和,906.0,EDP,1.36,830.0,880.0,978.0,978.0,11.0,962848.0,1000000.0,688.0,6.0,326.0,38.0
SUPER SUMMER SALE,808.0,BDP,1.36,803.0,853.0,948.0,948.0,8.0,965354.0,1000000.0,646.0,7.0,316.0,13.0
ジョジョ～その血の運命～,541.0,ESP,1.36,809.0,855.0,951.0,951.0,12.0,967853.0,1000000.0,174.0,3.0,317.0,10.0
Freeze,352.0,DDP,1.36,600.0,639.0,711.0,711.0,7.0,956122.0,1000000.0,173.0,6.0,237.0,49.0
BITTER CHOCOLATE STRIKER,990.0,ESP,1.36,1452.0,1536.0,1707.0,1707.0,14.0,967284.0,1000000.0,1651.0,3.0,569.0,9.0
Six String Proof,890.0,ESP,1.36,1175.0,1236.0,1374.0,1374.0,14.0,969014.0,1000000.0,1671.0,2.0,458.0,17.0
SEDUCTION,201.0,DDP,1.36,631.0,672.0,747.0,747.0,9.0,965162.0,1000000.0,174.0,6.0,249.0,7.0
bag,104.0,BDP,1.36,369.0,399.0,444.0,444.0,7.0,960173.0,1000000.0,261.0,17.0,148.0,0.0
xenon,140.0,ESP,1.36,982.0,1042.0,1158.0,1158.0,13.0,966324.0,1000000.0,1984.0,7.0,386.0,11.0
Healing Vision,56.0,ESP,1.36,898.0,953.0,1059.0,1059.0,11.0,967689.0,1000000.0,1396.0,7.0,353.0,0.0
Time Of Our Lives,715.0,ESP,1.36,770.0,818.0,909.0,909.0,11.0,966038.0,1000000.0,1259.0,9.0,303.0,10.0
Cosmic Hurricane,490.0,DDP,1.36,854.0,912.0,1014.0,1014.0,9.0,962079.0,1000000.0,334.0,7.0,338.0,21.0
Beautiful Dream,500.0,BDP,1.35,704.0,756.0,840.0,840.0,7.0,962426.0,1000000.0,369.0,11.0,280.0,5.0
BALLAD THE FEATHERS,342.0,CDP,1.35,523.0,558.0,621.0,621.0,8.0,960156.0,1000000.0,225.0,8.0,207.0,24.0
最終鬼畜妹フランドール・Ｓ,922.0,DSP,1.35,1597.0,1692.0,1881.0,1881.0,13.0,963679.0,1000000.0,1301.0,3.0,627.0,50.0
Party Rock Anthem,875.0,DDP,1.35,566.0,602.0,669.0,669.0,8.0,961339.0,1000000.0,227.0,7.0,223.0,29.0
volcano,272.0,DDP,1.35,681.0,726.0,807.0,807.0,8.0,964302.0,1000000.0,107.0,5.0,269.0,9.0
Last Twilight,955.0,DSP,1.35,1338.0,1420.0,1578.0,1578.0,12.0,964654.0,1000000.0,876.0,4.0,526.0,30.0
smooooch･&forall;･,390.0,ESP,1.35,1102.0,1190.0,1323.0,1323.0,12.0,956944.0,1000000.0,2158.0,21.0,441.0,29.0
東京神話,945.0,BDP,1.35,744.0,785.0,873.0,873.0,9.0,968794.0,1000000.0,492.0,4.0,291.0,7.0
Determination,744.0,ESP,1.35,1017.0,1074.0,1194.0,1194.0,14.0,966485.0,1000000.0,1954.0,4.0,398.0,28.0
Strobe&#9825;Girl,601.0,DSP,1.35,865.0,923.0,1026.0,1026.0,10.0,963935.0,1000000.0,258.0,6.0,342.0,12.0
Trill auf G,888.0,DSP,1.35,1110.0,1171.0,1302.0,1302.0,12.0,967774.0,1000000.0,1119.0,3.0,434.0,17.0
思想犯,996.0,EDP,1.35,1408.0,1485.0,1650.0,1650.0,13.0,968102.0,1000000.0,587.0,2.0,550.0,18.0
Tracers (4Beat Remix),324.0,EDP,1.35,842.0,891.0,990.0,990.0,11.0,968225.0,1000000.0,300.0,4.0,330.0,6.0
Something Comforting,1152.0,EDP,1.35,1219.0,1252.0,1388.0,1392.0,13.0,977196.0,999960.0,329.0,0.0,464.0,28.0
エキサイティング！！も・ちゃ・ちゃ☆,753.0,BDP,1.35,677.0,720.0,801.0,801.0,8.0,963599.0,1000000.0,358.0,7.0,267.0,18.0
Silver Platform - I wanna get your heart -,258.0,EDP,1.34,894.0,939.0,1044.0,1044.0,11.0,967331.0,1000000.0,347.0,2.0,348.0,37.0
この子の七つのお祝いに,217.0,BDP,1.34,516.0,550.0,612.0,612.0,7.0,964296.0,1000000.0,184.0,7.0,204.0,9.0
ユメブキ,1024.0,BDP,1.34,774.0,826.0,918.0,918.0,8.0,964359.0,1000000.0,287.0,7.0,306.0,9.0
脳漿炸裂ガール,759.0,DDP,1.34,1076.0,1142.0,1269.0,1269.0,10.0,964957.0,1000000.0,614.0,5.0,423.0,23.0
AM-3P -303 BASS MIX-,103.0,DDP,1.34,518.0,550.0,612.0,612.0,8.0,967360.0,1000000.0,177.0,6.0,204.0,0.0
roppongi EVOLVED ver.A,378.0,BDP,1.34,632.0,680.0,756.0,756.0,8.0,956217.0,1000000.0,295.0,12.0,252.0,30.0
Neverland,830.0,DDP,1.34,1028.0,1080.0,1200.0,1200.0,12.0,969408.0,1000000.0,461.0,2.0,400.0,20.0
ECSTASY (midnight blue mix),80.0,CSP,1.34,684.0,723.0,804.0,804.0,11.0,968030.0,1000000.0,1043.0,7.0,268.0,6.0
イノセントバイブル,974.0,DDP,1.34,516.0,548.0,609.0,609.0,7.0,964908.0,1000000.0,213.0,7.0,203.0,14.0
Fly far bounce,750.0,ESP,1.34,995.0,1055.0,1173.0,1173.0,13.0,966912.0,1000000.0,2248.0,7.0,391.0,6.0
Glitch Angel,909.0,BDP,1.34,615.0,656.0,729.0,729.0,8.0,960799.0,1000000.0,247.0,8.0,243.0,28.0
City Never Sleeps,946.0,DDP,1.33,997.0,1047.0,1164.0,1164.0,12.0,969819.0,1000000.0,604.0,2.0,388.0,15.0
Back In Your Arms,507.0,DDP,1.33,621.0,658.0,732.0,732.0,8.0,966683.0,1000000.0,186.0,5.0,244.0,8.0
Splash Gold,878.0,begSP,1.33,548.0,604.0,672.0,672.0,6.0,947266.0,1000000.0,412.0,29.0,224.0,17.0
Love You More,792.0,DSP,1.33,1193.0,1290.0,1434.0,1434.0,12.0,958609.0,1000000.0,1456.0,19.0,478.0,6.0
春風ブローインウィンド,786.0,DDP,1.33,907.0,961.0,1068.0,1068.0,10.0,965337.0,1000000.0,480.0,5.0,356.0,24.0
脳漿炸裂ガール,759.0,CSP,1.33,1684.0,1776.0,1974.0,1974.0,14.0,967892.0,1000000.0,2147.0,2.0,658.0,13.0
ヒマワリ,219.0,DDP,1.33,714.0,769.0,855.0,855.0,7.0,960773.0,1000000.0,386.0,13.0,285.0,5.0
恋愛観測,748.0,ESP,1.33,1119.0,1204.0,1338.0,1338.0,12.0,960488.0,1000000.0,2261.0,19.0,446.0,12.0
恋閃繚乱,491.0,DSP,1.33,595.0,639.0,711.0,711.0,8.0,958855.0,1000000.0,363.0,13.0,237.0,18.0
SUPER SAMURAI,315.0,BSP,1.33,662.0,712.0,792.0,792.0,8.0,959709.0,1000000.0,328.0,12.0,264.0,13.0
Hillbilly Shoes,712.0,ESP,1.33,983.0,1034.0,1149.0,1149.0,13.0,970090.0,1000000.0,1262.0,3.0,383.0,7.0
Our Love,951.0,ESP,1.32,1786.0,1892.0,2103.0,2103.0,15.0,964604.0,1000000.0,1678.0,3.0,701.0,39.0
SUPER STAR,45.0,EDP,1.32,671.0,707.0,786.0,786.0,11.0,970664.0,1000000.0,404.0,4.0,262.0,0.0
おねがいダーリン,795.0,DDP,1.32,780.0,826.0,918.0,918.0,8.0,967191.0,1000000.0,576.0,6.0,306.0,10.0
Theory of Eternity,393.0,CSP,1.32,828.0,899.0,999.0,999.0,10.0,949247.0,1000000.0,1158.0,28.0,333.0,58.0
LOVE EAST,1230.0,DDP,1.32,1033.0,1088.0,1209.0,1209.0,11.0,968670.0,1000000.0,84.0,2.0,403.0,16.0
最速最高シャッターガール,1142.0,DDP,1.32,1127.0,1179.0,1311.0,1311.0,12.0,971209.0,1000000.0,298.0,1.0,437.0,17.0
Start a New Day,746.0,BDP,1.32,579.0,626.0,696.0,696.0,7.0,957866.0,1000000.0,368.0,17.0,232.0,11.0
DROP,349.0,DDP,1.32,653.0,696.0,774.0,774.0,7.0,963007.0,1000000.0,206.0,7.0,258.0,16.0
AM-3P -303 BASS MIX-,103.0,EDP,1.32,598.0,629.0,699.0,699.0,10.0,971572.0,1000000.0,392.0,4.0,233.0,0.0
39,826.0,DSP,1.32,623.0,672.0,747.0,747.0,8.0,959542.0,1000000.0,332.0,14.0,249.0,10.0
CELEBRATE NITE,32.0,DDP,1.32,526.0,561.0,624.0,624.0,8.0,965375.0,1000000.0,296.0,10.0,208.0,0.0
Make A Difference,179.0,EDP,1.32,1007.0,1058.0,1176.0,1176.0,12.0,967225.0,1000000.0,305.0,2.0,392.0,40.0
50th Memorial Songs -Flagship medley-,851.0,ESP,1.32,1017.0,1071.0,1191.0,1191.0,12.0,968870.0,1000000.0,1149.0,3.0,397.0,13.0
DIGITAL LUV,914.0,EDP,1.32,1016.0,1071.0,1191.0,1191.0,12.0,967595.0,1000000.0,727.0,3.0,397.0,23.0
世界の果てに約束の凱歌を -DDR Extended Megamix-,986.0,BDP,1.32,808.0,853.0,948.0,948.0,10.0,968791.0,1000000.0,372.0,4.0,316.0,8.0
All My Love,340.0,DDP,1.32,559.0,594.0,660.0,660.0,9.0,966711.0,1000000.0,293.0,8.0,220.0,5.0
Something Just Like This (Alesso Remix) ,877.0,EDP,1.32,804.0,845.0,939.0,939.0,10.0,970635.0,1000000.0,395.0,3.0,313.0,5.0
東京神話,945.0,BSP,1.32,771.0,818.0,909.0,909.0,9.0,966938.0,1000000.0,832.0,8.0,303.0,7.0
&Uuml;bertreffen,329.0,ESP,1.32,1044.0,1117.0,1242.0,1242.0,13.0,962916.0,1000000.0,1701.0,13.0,414.0,9.0
VANITY ANGEL,139.0,DDP,1.32,568.0,599.0,666.0,666.0,9.0,970128.0,1000000.0,146.0,4.0,222.0,0.0
Flow (Jammin' Ragga Mix),242.0,DSP,1.31,580.0,618.0,687.0,687.0,8.0,965084.0,1000000.0,177.0,7.0,229.0,7.0
POSSESSION(EDP Live Mix),634.0,DSP,1.31,1124.0,1193.0,1326.0,1326.0,12.0,963059.0,1000000.0,1691.0,7.0,442.0,41.0
恋はどう？モロ◎波動OK☆方程式！！,572.0,begSP,1.31,351.0,394.0,438.0,438.0,4.0,944742.0,1000000.0,180.0,26.0,146.0,0.0
スーパー戦湯ババンバーン,1021.0,BDP,1.31,724.0,769.0,855.0,855.0,7.0,964476.0,1000000.0,236.0,6.0,285.0,17.0
エイリアンエイリアン,782.0,DSP,1.31,967.0,1036.0,1152.0,1152.0,9.0,959908.0,1000000.0,1102.0,13.0,384.0,30.0
BALLAD FOR YOU～想いの雨～,149.0,DDP,1.31,439.0,464.0,516.0,516.0,7.0,967259.0,1000000.0,161.0,6.0,172.0,8.0
I/O,441.0,DSP,1.31,646.0,702.0,780.0,780.0,7.0,954563.0,1000000.0,465.0,22.0,260.0,18.0
シュレーディンガーの猫,817.0,DSP,1.31,1078.0,1134.0,1260.0,1260.0,12.0,969551.0,1000000.0,1931.0,3.0,420.0,13.0
月光蝶,221.0,ESP,1.31,776.0,828.0,921.0,921.0,10.0,963824.0,1000000.0,1095.0,13.0,307.0,8.0
KISS KISS KISS,120.0,DDP,1.31,611.0,661.0,735.0,735.0,8.0,956428.0,1000000.0,203.0,12.0,245.0,19.0
ANTI ANTHEM,1029.0,begSP,1.31,252.0,270.0,300.0,300.0,5.0,957468.0,1000000.0,305.0,21.0,100.0,15.0
I believe what you said,997.0,EDP,1.31,741.0,783.0,870.0,870.0,11.0,968889.0,1000000.0,436.0,5.0,290.0,6.0
Awakening Wings,1140.0,EDP,1.31,833.0,877.0,975.0,975.0,11.0,969410.0,1000000.0,263.0,3.0,325.0,9.0
Finale,1213.0,CSP,1.31,1540.0,1614.0,1794.0,1794.0,15.0,959777.0,1000000.0,437.0,1.0,598.0,159.0
Sakura Sunrise,384.0,ESP,1.31,1081.0,1161.0,1290.0,1290.0,14.0,959643.0,1000000.0,2474.0,20.0,430.0,27.0
50th Memorial Songs -二人の時 ～under the cherry blossoms～-,850.0,ESP,1.31,1160.0,1228.0,1365.0,1365.0,12.0,967046.0,1000000.0,1385.0,5.0,455.0,11.0
Complete Game Victory,1202.0,DDP,1.31,1087.0,1136.0,1263.0,1263.0,12.0,969024.0,1000000.0,74.0,1.0,421.0,46.0
Bang Pad(Werk Mix),963.0,DDP,1.31,777.0,818.0,909.0,909.0,9.0,968645.0,1000000.0,225.0,3.0,303.0,19.0
Better Than Me,1042.0,EDP,1.3,1305.0,1366.0,1518.0,1518.0,15.0,970685.0,1000000.0,422.0,1.0,506.0,24.0
GIRIGILI門前雀羅,245.0,ESP,1.3,897.0,955.0,1062.0,1062.0,12.0,965370.0,1000000.0,1137.0,10.0,354.0,4.0
STAY GOLD,1072.0,BSP,1.3,634.0,675.0,750.0,750.0,9.0,965423.0,1000000.0,290.0,8.0,250.0,9.0
High &amp; Low,1017.0,DDP,1.3,1038.0,1098.0,1221.0,1221.0,12.0,967363.0,1000000.0,454.0,4.0,407.0,9.0
Venus,271.0,EDP,1.3,834.0,882.0,981.0,981.0,10.0,965099.0,1000000.0,274.0,4.0,327.0,30.0
GRADIUSIC CYBER ～AMD G5 MIX～,19.0,BDP,1.3,678.0,718.0,798.0,798.0,9.0,968511.0,1000000.0,187.0,5.0,266.0,0.0
Starlight Fantasia,624.0,ESP,1.3,1299.0,1377.0,1530.0,1530.0,14.0,964663.0,1000000.0,2153.0,6.0,510.0,33.0
倉野川音頭,718.0,BSP,1.3,457.0,496.0,552.0,552.0,5.0,954742.0,1000000.0,354.0,21.0,184.0,15.0
The Least 100sec,134.0,DSP,1.3,796.0,839.0,933.0,933.0,11.0,969030.0,1000000.0,429.0,4.0,311.0,7.0
KEEP ON MOVIN' ～DMX MIX～,175.0,DDP,1.3,541.0,572.0,636.0,636.0,8.0,966437.0,1000000.0,168.0,5.0,212.0,16.0
Taj He Spitz,316.0,EDP,1.3,755.0,796.0,885.0,885.0,11.0,969071.0,1000000.0,291.0,4.0,295.0,6.0
Right on time (Ryu☆Remix),554.0,ESP,1.3,999.0,1063.0,1182.0,1182.0,14.0,965161.0,1000000.0,2147.0,11.0,394.0,7.0
Boss Rush,787.0,BSP,1.3,906.0,969.0,1077.0,1077.0,10.0,963253.0,1000000.0,1133.0,14.0,359.0,7.0
エンドルフィン,626.0,BSP,1.3,663.0,718.0,798.0,798.0,8.0,958543.0,1000000.0,689.0,24.0,266.0,6.0
&uarr;&uarr;&darr;&darr;&larr;&rarr;&larr;&rarr;BA,1064.0,DDP,1.3,855.0,909.0,1011.0,1011.0,11.0,960645.0,1000000.0,197.0,5.0,337.0,46.0
恋,1009.0,DDP,1.3,604.0,639.0,711.0,711.0,8.0,965820.0,1000000.0,333.0,6.0,237.0,17.0
さよならトリップ ～夏陽 EDM edition～,684.0,DSP,1.3,661.0,707.0,786.0,786.0,9.0,958960.0,1000000.0,921.0,17.0,262.0,31.0
Drop The Bounce,829.0,DDP,1.3,940.0,990.0,1101.0,1101.0,11.0,969076.0,1000000.0,409.0,3.0,367.0,10.0
AFRONOVA,13.0,ESP,1.3,925.0,993.0,1104.0,1104.0,13.0,962362.0,1000000.0,2333.0,23.0,368.0,0.0
SUN&sup2; SUMMER STEP!,800.0,EDP,1.3,954.0,1004.0,1116.0,1116.0,11.0,967208.0,1000000.0,516.0,3.0,372.0,32.0
MOONSTER,248.0,EDP,1.3,734.0,774.0,861.0,861.0,10.0,967163.0,1000000.0,368.0,4.0,287.0,21.0
Engraved Mark,580.0,BSP,1.3,678.0,731.0,813.0,813.0,8.0,958441.0,1000000.0,578.0,18.0,271.0,16.0
POSSESSION,375.0,DSP,1.29,1286.0,1377.0,1530.0,1530.0,14.0,961524.0,1000000.0,2694.0,15.0,510.0,21.0
Going Hypersonic,971.0,DDP,1.29,935.0,980.0,1089.0,1089.0,12.0,971347.0,1000000.0,352.0,2.0,363.0,8.0
Windy Fairy,564.0,ESP,1.29,1554.0,1641.0,1824.0,1824.0,15.0,965049.0,1000000.0,2459.0,3.0,608.0,53.0
夏色DIARY -DDR mix-,668.0,ESP,1.29,1444.0,1539.0,1710.0,1710.0,14.0,964449.0,1000000.0,2442.0,9.0,570.0,7.0
Idola,599.0,BDP,1.29,738.0,788.0,876.0,876.0,8.0,962312.0,1000000.0,425.0,10.0,292.0,19.0
Lift You Up,294.0,EDP,1.29,555.0,583.0,648.0,648.0,8.0,971366.0,1000000.0,248.0,4.0,216.0,2.0
黒髪乱れし修羅となりて～凛 edition～,701.0,BDP,1.29,590.0,639.0,711.0,711.0,6.0,955119.0,1000000.0,444.0,20.0,237.0,20.0
爆なな☆てすとロイヤー,660.0,ESP,1.29,1345.0,1433.0,1593.0,1593.0,13.0,964167.0,1000000.0,2189.0,9.0,531.0,11.0
LIKE A VAMPIRE,1020.0,DSP,1.29,957.0,1017.0,1131.0,1131.0,10.0,964136.0,1000000.0,437.0,6.0,377.0,23.0
PARANOiA MAX～DIRTY MIX～,10.0,BSP,1.29,675.0,723.0,804.0,804.0,9.0,963850.0,1000000.0,337.0,11.0,268.0,0.0
Far east nightbird,735.0,DSP,1.29,843.0,904.0,1005.0,1005.0,10.0,962068.0,1000000.0,1079.0,17.0,335.0,8.0
only my railgun,371.0,CDP,1.29,570.0,615.0,684.0,684.0,8.0,941877.0,1000000.0,427.0,18.0,228.0,77.0
怒れる大きな白い馬,223.0,DDP,1.29,538.0,567.0,630.0,630.0,7.0,970471.0,1000000.0,206.0,5.0,210.0,1.0
Avenger,857.0,BSP,1.28,808.0,855.0,951.0,951.0,10.0,965659.0,1000000.0,873.0,7.0,317.0,20.0
PANIC HOLIC,956.0,BDP,1.28,745.0,793.0,882.0,882.0,9.0,964552.0,1000000.0,252.0,7.0,294.0,10.0
Desert Journey,523.0,DDP,1.28,598.0,629.0,699.0,699.0,8.0,970110.0,1000000.0,230.0,4.0,233.0,8.0
Eternal Summer,802.0,DDP,1.28,916.0,974.0,1083.0,1083.0,9.0,965780.0,1000000.0,296.0,6.0,361.0,5.0
Poochie,697.0,BSP,1.28,700.0,753.0,837.0,837.0,8.0,960169.0,1000000.0,541.0,17.0,279.0,11.0
Playa (Original Mix),307.0,EDP,1.28,844.0,893.0,993.0,993.0,11.0,968156.0,1000000.0,330.0,5.0,331.0,1.0
Mythomane,915.0,ESP,1.28,1091.0,1144.0,1272.0,1272.0,13.0,970894.0,1000000.0,1265.0,2.0,424.0,8.0
siberite,689.0,DDP,1.28,879.0,934.0,1038.0,1038.0,10.0,966596.0,1000000.0,436.0,7.0,346.0,3.0
ポッピンキャンディ☆フィーバー！,1207.0,EDP,1.28,1427.0,1503.0,1671.0,1671.0,14.0,967078.0,1000000.0,344.0,2.0,557.0,36.0
チカラ,218.0,DSP,1.28,689.0,747.0,831.0,831.0,8.0,957031.0,1000000.0,417.0,19.0,277.0,8.0
ルミナスデイズ,772.0,DSP,1.28,855.0,907.0,1008.0,1008.0,8.0,964181.0,1000000.0,600.0,7.0,336.0,30.0
TRIP MACHINE,2.0,DSP,1.28,521.0,569.0,633.0,633.0,9.0,955903.0,1000000.0,508.0,30.0,211.0,0.0
Air Heroes,538.0,BDP,1.28,688.0,734.0,816.0,816.0,9.0,962629.0,1000000.0,536.0,12.0,272.0,17.0
Waiting,835.0,DDP,1.27,758.0,796.0,885.0,885.0,10.0,970968.0,1000000.0,304.0,3.0,295.0,5.0
Arrabbiata,228.0,begSP,1.27,399.0,450.0,501.0,501.0,5.0,941023.0,1000000.0,191.0,28.0,167.0,0.0
Waiting 4 u,330.0,DSP,1.27,701.0,764.0,849.0,849.0,8.0,954554.0,1000000.0,278.0,18.0,283.0,11.0
Last Card,941.0,BSP,1.27,693.0,747.0,831.0,831.0,8.0,960149.0,1000000.0,597.0,19.0,277.0,5.0
DYNAMITE RAVE,18.0,ESP,1.27,1013.0,1074.0,1194.0,1194.0,12.0,967625.0,1000000.0,1740.0,8.0,398.0,0.0
輪廻転生,769.0,DSP,1.27,1183.0,1258.0,1398.0,1398.0,11.0,965215.0,1000000.0,814.0,7.0,466.0,13.0
Lightspeed,978.0,DDP,1.27,1174.0,1233.0,1371.0,1371.0,13.0,970048.0,1000000.0,364.0,2.0,457.0,10.0
Freeway Shuffle,244.0,DDP,1.26,625.0,672.0,747.0,747.0,7.0,960356.0,1000000.0,228.0,12.0,249.0,10.0
RISING FIRE HAWK,708.0,DSP,1.26,1031.0,1098.0,1221.0,1221.0,11.0,964958.0,1000000.0,1412.0,11.0,407.0,5.0
&dagger;渚の小悪魔ラヴリィ～レイディオ&dagger;,557.0,BDP,1.26,647.0,702.0,780.0,780.0,6.0,954339.0,1000000.0,385.0,20.0,260.0,25.0
灼熱Beach Side Bunny,615.0,BSP,1.26,729.0,796.0,885.0,885.0,7.0,947925.0,1000000.0,958.0,38.0,295.0,42.0
ホメ猫☆センセーション,655.0,BDP,1.26,486.0,526.0,585.0,585.0,6.0,958934.0,1000000.0,332.0,20.0,195.0,4.0
CyberConnect,921.0,DDP,1.26,963.0,1009.0,1122.0,1122.0,11.0,968310.0,1000000.0,389.0,2.0,374.0,37.0
AM-3P,3.0,DSP,1.26,489.0,526.0,585.0,585.0,8.0,962711.0,1000000.0,395.0,18.0,195.0,0.0
SEDUCTION(Vocal Remix),202.0,DSP,1.26,775.0,834.0,927.0,927.0,9.0,960939.0,1000000.0,275.0,12.0,309.0,5.0
Come Back To Me,1030.0,DDP,1.26,888.0,942.0,1047.0,1047.0,11.0,965891.0,1000000.0,311.0,6.0,349.0,13.0
WILD RUSH,47.0,ESP,1.26,630.0,666.0,741.0,741.0,10.0,968884.0,1000000.0,1253.0,10.0,247.0,0.0
幸せになれる隠しコマンドがあるらしい,758.0,ESP,1.26,1265.0,1339.0,1488.0,1488.0,13.0,967723.0,1000000.0,2285.0,6.0,496.0,5.0
D2R,76.0,ESP,1.26,848.0,901.0,1002.0,1002.0,11.0,965856.0,1000000.0,1559.0,12.0,334.0,7.0
ハッピーシンセサイザ,704.0,DSP,1.26,582.0,626.0,696.0,696.0,9.0,961152.0,1000000.0,1173.0,30.0,232.0,6.0
風鈴花火,804.0,EDP,1.26,849.0,901.0,1002.0,1002.0,10.0,965694.0,1000000.0,829.0,9.0,334.0,11.0
男々道,222.0,DSP,1.25,564.0,607.0,675.0,675.0,7.0,961478.0,1000000.0,274.0,14.0,225.0,4.0
City Never Sleeps,946.0,ESP,1.25,1440.0,1530.0,1701.0,1701.0,15.0,964692.0,1000000.0,1750.0,7.0,567.0,18.0
Brazilian Anthem,150.0,ESP,1.25,723.0,758.0,843.0,843.0,12.0,970447.0,1000000.0,1312.0,4.0,281.0,12.0
High School Love,777.0,ESP,1.25,1254.0,1325.0,1473.0,1473.0,13.0,966961.0,1000000.0,2139.0,5.0,491.0,21.0
Healing Vision ～Angelic mix～,63.0,ESP,1.25,1205.0,1293.0,1437.0,1437.0,13.0,962407.0,1000000.0,2393.0,20.0,479.0,0.0
ENDLESS,908.0,EDP,1.25,1195.0,1233.0,1369.0,1371.0,13.0,976693.0,999980.0,612.0,0.0,457.0,13.0
ちくわパフェだよ☆ＣＫＰ,561.0,ESP,1.25,986.0,1047.0,1164.0,1164.0,12.0,966054.0,1000000.0,1723.0,10.0,388.0,10.0
蒼い衝動 ～for EXTREME～,143.0,DDP,1.25,564.0,604.0,672.0,672.0,6.0,961910.0,1000000.0,311.0,13.0,224.0,9.0
SUNKiSS&hearts;DROP,263.0,DSP,1.25,589.0,639.0,711.0,711.0,8.0,958002.0,1000000.0,730.0,30.0,237.0,3.0
Poppin' Soda,1007.0,BDP,1.25,737.0,780.0,867.0,867.0,9.0,968344.0,1000000.0,333.0,6.0,289.0,4.0
Valanga,1181.0,ESP,1.25,1560.0,1633.0,1815.0,1815.0,15.0,970574.0,1000000.0,789.0,1.0,605.0,23.0
女々しくて,409.0,DSP,1.25,567.0,607.0,675.0,675.0,7.0,962082.0,1000000.0,94.0,7.0,225.0,9.0
Good Looking,1010.0,DSP,1.25,1073.0,1128.0,1254.0,1254.0,12.0,970526.0,1000000.0,685.0,3.0,418.0,1.0
ほしのつくりかた,1031.0,DDP,1.25,685.0,726.0,807.0,807.0,10.0,966562.0,1000000.0,326.0,7.0,269.0,12.0
漆黒のスペシャルプリンセスサンデー,673.0,DSP,1.25,1019.0,1080.0,1200.0,1200.0,11.0,965925.0,1000000.0,857.0,7.0,400.0,20.0
Elysium,589.0,DDP,1.25,623.0,658.0,732.0,732.0,8.0,966740.0,1000000.0,203.0,5.0,244.0,17.0
Death by Glamour,1212.0,ESP,1.25,1681.0,1749.0,1943.0,1944.0,14.0,966427.0,999990.0,816.0,0.0,648.0,128.0
Towards The Horizon,1185.0,ESP,1.25,1640.0,1717.0,1908.0,1908.0,15.0,969889.0,1000000.0,769.0,1.0,636.0,34.0
CAN'T STOP FALLIN' IN LOVE ～SPEED MIX～,52.0,DDP,1.24,821.0,872.0,969.0,969.0,9.0,967311.0,1000000.0,317.0,7.0,323.0,0.0
CAN'T STOP FALLIN' IN LOVE ～SPEED MIX～,52.0,EDP,1.24,1099.0,1166.0,1296.0,1296.0,12.0,967369.0,1000000.0,933.0,7.0,432.0,0.0
Air Heroes,538.0,ESP,1.24,1262.0,1344.0,1494.0,1494.0,15.0,963364.0,1000000.0,2582.0,12.0,498.0,23.0
Healing Vision,56.0,DSP,1.24,679.0,734.0,816.0,816.0,7.0,959828.0,1000000.0,265.0,15.0,272.0,0.0
INSERTiON,57.0,BSP,1.24,473.0,504.0,561.0,561.0,6.0,965536.0,1000000.0,168.0,9.0,187.0,0.0
PARANOiA Rebirth(X-Special),304.0,CSP,1.24,1229.0,1309.0,1455.0,1455.0,14.0,963573.0,1000000.0,1890.0,11.0,485.0,22.0
"Reach The Sky, Without you",771.0,BSP,1.24,861.0,920.0,1023.0,1023.0,10.0,962284.0,1000000.0,1193.0,16.0,341.0,18.0
More One Night,770.0,EDP,1.24,764.0,812.0,903.0,903.0,11.0,964548.0,1000000.0,831.0,11.0,301.0,17.0
ナイト・オブ・ナイツ,677.0,BDP,1.24,638.0,704.0,783.0,783.0,7.0,951005.0,1000000.0,726.0,45.0,261.0,1.0
幸せになれる隠しコマンドがあるらしい,758.0,BDP,1.24,626.0,675.0,750.0,750.0,7.0,958980.0,1000000.0,617.0,24.0,250.0,12.0
恋時雨,783.0,DDP,1.24,777.0,823.0,915.0,915.0,9.0,965785.0,1000000.0,451.0,7.0,305.0,19.0
Fly far bounce,750.0,DSP,1.24,611.0,645.0,717.0,717.0,10.0,969214.0,1000000.0,1049.0,10.0,239.0,3.0
打打打打打打打打打打,693.0,BDP,1.24,448.0,483.0,537.0,537.0,5.0,958835.0,1000000.0,570.0,28.0,179.0,10.0
REBORN MAGIC,437.0,DDP,1.23,583.0,621.0,690.0,690.0,7.0,965396.0,1000000.0,168.0,8.0,230.0,7.0
Malacca,296.0,CSP,1.23,1037.0,1088.0,1209.0,1209.0,13.0,970030.0,1000000.0,1269.0,3.0,403.0,18.0
Monkey Business,525.0,BDP,1.23,701.0,750.0,834.0,834.0,7.0,960297.0,1000000.0,406.0,13.0,278.0,23.0
CG Project,343.0,DDP,1.23,630.0,685.0,762.0,762.0,9.0,955025.0,1000000.0,357.0,21.0,254.0,14.0
ロキ(w/緒方恵美),1012.0,EDP,1.23,982.0,1034.0,1149.0,1149.0,12.0,968705.0,1000000.0,611.0,4.0,383.0,18.0
Angelic Jelly,737.0,DSP,1.23,1045.0,1107.0,1230.0,1230.0,11.0,967399.0,1000000.0,2040.0,9.0,410.0,8.0
Shiny World,388.0,DSP,1.23,708.0,750.0,834.0,834.0,11.0,967539.0,1000000.0,697.0,9.0,278.0,6.0
First Time,820.0,BDP,1.23,460.0,488.0,543.0,543.0,7.0,965751.0,1000000.0,248.0,9.0,181.0,10.0
天上の星～黎明記～,452.0,DDP,1.23,601.0,642.0,714.0,714.0,8.0,962164.0,1000000.0,320.0,12.0,238.0,15.0
Bad Apple!! feat. nomico,679.0,BSP,1.23,489.0,540.0,600.0,600.0,5.0,947441.0,1000000.0,608.0,49.0,200.0,15.0
腐れ外道とチョコレゐト,854.0,DSP,1.23,1148.0,1212.0,1347.0,1347.0,13.0,968148.0,1000000.0,1194.0,5.0,449.0,13.0
message,451.0,EDP,1.23,905.0,953.0,1059.0,1059.0,11.0,968577.0,1000000.0,457.0,4.0,353.0,20.0
Children of the Beat,514.0,DDP,1.23,863.0,915.0,1017.0,1017.0,9.0,964719.0,1000000.0,276.0,6.0,339.0,26.0
50th Memorial Songs -The BEMANI History-,852.0,DDP,1.23,770.0,812.0,903.0,903.0,9.0,968749.0,1000000.0,194.0,4.0,301.0,10.0
Eternal Summer,802.0,ESP,1.23,1270.0,1341.0,1491.0,1491.0,13.0,967082.0,1000000.0,1777.0,5.0,497.0,21.0
Love Again,366.0,EDP,1.22,592.0,621.0,690.0,690.0,8.0,967035.0,1000000.0,227.0,4.0,230.0,31.0
Polovtsian Dances And Chorus,192.0,EDP,1.22,867.0,918.0,1020.0,1020.0,11.0,968635.0,1000000.0,559.0,7.0,340.0,0.0
最終鬼畜妹フランドール・Ｓ,922.0,BDP,1.22,1083.0,1147.0,1275.0,1275.0,9.0,966062.0,1000000.0,354.0,5.0,425.0,20.0
Strawberry Chu&#9825;Chu&#9825;,767.0,DDP,1.22,855.0,901.0,1002.0,1002.0,11.0,968122.0,1000000.0,324.0,4.0,334.0,18.0
この青空の下で,692.0,DDP,1.22,759.0,807.0,897.0,897.0,9.0,965866.0,1000000.0,592.0,11.0,299.0,6.0
虹色,224.0,ESP,1.22,835.0,885.0,984.0,984.0,11.0,967941.0,1000000.0,1516.0,11.0,328.0,0.0
bass 2 bass,695.0,BDP,1.22,403.0,440.0,489.0,489.0,5.0,956636.0,1000000.0,417.0,34.0,163.0,0.0
Holic,37.0,EDP,1.22,853.0,907.0,1008.0,1008.0,11.0,966896.0,1000000.0,834.0,11.0,336.0,0.0
New Century,700.0,DSP,1.22,1217.0,1309.0,1455.0,1455.0,14.0,957336.0,1000000.0,2422.0,25.0,485.0,43.0
Flow,161.0,ESP,1.22,801.0,845.0,939.0,939.0,12.0,969952.0,1000000.0,1083.0,7.0,313.0,2.0
朧 (dj TAKA Remix),793.0,BDP,1.22,613.0,656.0,729.0,729.0,7.0,962094.0,1000000.0,414.0,15.0,243.0,14.0
Dispersion Star,575.0,DDP,1.22,715.0,750.0,834.0,834.0,9.0,968711.0,1000000.0,158.0,3.0,278.0,23.0
私をディスコに連れてって TOKYO,1052.0,DDP,1.22,1040.0,1090.0,1212.0,1212.0,11.0,970760.0,1000000.0,225.0,2.0,404.0,13.0
彼方のリフレシア,999.0,ESP,1.22,1453.0,1525.0,1695.0,1695.0,15.0,966765.0,1000000.0,1384.0,2.0,565.0,63.0
Chinese Snowy Dance,556.0,BDP,1.21,561.0,602.0,669.0,669.0,7.0,959677.0,1000000.0,272.0,14.0,223.0,20.0
Triple Counter,742.0,begSP,1.21,717.0,788.0,876.0,876.0,7.0,951083.0,1000000.0,486.0,32.0,292.0,11.0
volcano,272.0,DSP,1.21,667.0,712.0,792.0,792.0,8.0,962404.0,1000000.0,156.0,8.0,264.0,15.0
Determination,744.0,BDP,1.21,486.0,515.0,573.0,573.0,6.0,965010.0,1000000.0,194.0,8.0,191.0,14.0
WILD SIDE,499.0,DDP,1.21,742.0,783.0,870.0,870.0,9.0,969466.0,1000000.0,210.0,5.0,290.0,3.0
paparazzi,1018.0,BSP,1.21,776.0,828.0,921.0,921.0,8.0,963782.0,1000000.0,396.0,11.0,307.0,8.0
Bad Routine,147.0,EDP,1.21,611.0,642.0,714.0,714.0,9.0,969618.0,1000000.0,395.0,5.0,238.0,12.0
sakura storm,383.0,CSP,1.21,997.0,1069.0,1188.0,1188.0,13.0,962239.0,1000000.0,2099.0,25.0,396.0,8.0
THE REASON,521.0,ESP,1.21,755.0,796.0,885.0,885.0,12.0,969477.0,1000000.0,883.0,7.0,295.0,5.0
DANCERUSH STARDOM ANTHEM,942.0,DDP,1.21,723.0,766.0,852.0,852.0,8.0,960966.0,1000000.0,214.0,6.0,284.0,47.0
Une mage blanche,900.0,DDP,1.21,894.0,945.0,1050.0,1050.0,10.0,965081.0,1000000.0,238.0,5.0,350.0,34.0
Engraved Mark,580.0,DSP,1.21,1099.0,1158.0,1287.0,1287.0,12.0,969653.0,1000000.0,1461.0,5.0,429.0,4.0
No Life Queen [DJ Command Remix],931.0,ESP,1.21,1615.0,1701.0,1890.0,1890.0,14.0,968308.0,1000000.0,1570.0,3.0,630.0,21.0
Melody Life,368.0,EDP,1.21,968.0,1020.0,1134.0,1134.0,11.0,969127.0,1000000.0,332.0,4.0,378.0,8.0
Dance Dance Revolution,108.0,DDP,1.2,600.0,637.0,708.0,708.0,8.0,967301.0,1000000.0,339.0,10.0,236.0,2.0
Shout It Out,1040.0,DSP,1.2,1285.0,1352.0,1503.0,1503.0,12.0,967566.0,1000000.0,725.0,3.0,501.0,35.0
DOWNER &amp; UPPER,884.0,CSP,1.2,746.0,791.0,879.0,879.0,10.0,949813.0,1000000.0,905.0,12.0,293.0,103.0
Awakening Wings,1140.0,DDP,1.2,670.0,707.0,786.0,786.0,10.0,967381.0,1000000.0,182.0,5.0,262.0,17.0
至上のラトゥーリア,935.0,DDP,1.2,748.0,783.0,870.0,870.0,10.0,970755.0,1000000.0,285.0,3.0,290.0,17.0
天ノ弱,725.0,begSP,1.2,274.0,297.0,330.0,330.0,3.0,959178.0,1000000.0,285.0,30.0,110.0,0.0
逆さま&hearts;シンデレラパレード,934.0,ESP,1.2,1115.0,1166.0,1296.0,1296.0,13.0,971092.0,1000000.0,1291.0,2.0,432.0,19.0
PRANA,555.0,BSP,1.2,716.0,761.0,846.0,846.0,8.0,964934.0,1000000.0,491.0,11.0,282.0,13.0
TRIP MACHINE CLIMAX,46.0,ESP,1.2,867.0,918.0,1020.0,1020.0,12.0,968312.0,1000000.0,1342.0,11.0,340.0,0.0
FIRE,241.0,DDP,1.2,534.0,561.0,624.0,624.0,8.0,968654.0,1000000.0,141.0,4.0,208.0,17.0
The Light,836.0,DDP,1.2,643.0,685.0,762.0,762.0,9.0,963084.0,1000000.0,417.0,12.0,254.0,17.0
魔法のたまご ～心菜 ELECTRO POP edition～,686.0,ESP,1.2,836.0,885.0,984.0,984.0,11.0,968426.0,1000000.0,1714.0,11.0,328.0,1.0
L'amour et la libert&eacute;(DDR Ver.),123.0,DDP,1.2,618.0,650.0,723.0,723.0,9.0,969981.0,1000000.0,137.0,4.0,241.0,6.0
LOVE THIS FEELIN',22.0,BSP,1.2,541.0,567.0,630.0,630.0,9.0,973021.0,1000000.0,215.0,4.0,210.0,0.0
無頼ック自己ライザー,796.0,ESP,1.2,1262.0,1328.0,1476.0,1476.0,13.0,968934.0,1000000.0,1919.0,4.0,492.0,17.0
狂水一華,965.0,ESP,1.2,1229.0,1298.0,1443.0,1443.0,15.0,967213.0,1000000.0,1737.0,6.0,481.0,19.0
ヤマトなでなで&#9825;かぐや姫,573.0,CSP,1.2,1221.0,1290.0,1434.0,1434.0,14.0,964162.0,1000000.0,2224.0,7.0,478.0,51.0
HAVE YOU NEVER BEEN MELLOW (20th Anniversary Mix),839.0,EDP,1.2,835.0,877.0,975.0,975.0,10.0,969779.0,1000000.0,554.0,4.0,325.0,15.0
FUNKY SUMMER BEACH,631.0,ESP,1.2,1178.0,1252.0,1392.0,1392.0,14.0,965775.0,1000000.0,2349.0,12.0,464.0,7.0
PARANOiA Rebirth,23.0,DSP,1.2,818.0,869.0,966.0,966.0,10.0,966832.0,1000000.0,515.0,10.0,322.0,0.0
ORION.78～civilization mix～,66.0,BSP,1.19,579.0,612.0,681.0,681.0,9.0,969167.0,1000000.0,275.0,7.0,227.0,0.0
CaptivAte～誓い～,233.0,DSP,1.19,673.0,718.0,798.0,798.0,8.0,963377.0,1000000.0,413.0,13.0,266.0,14.0
ラクガキスト,596.0,BDP,1.19,776.0,839.0,933.0,933.0,7.0,959274.0,1000000.0,266.0,15.0,311.0,2.0
&hearts;Love&sup2;シュガ&rarr;&hearts;,98.0,EDP,1.19,596.0,629.0,699.0,699.0,9.0,969735.0,1000000.0,388.0,8.0,233.0,1.0
SEDUCTION,201.0,ESP,1.19,1016.0,1074.0,1194.0,1194.0,12.0,967256.0,1000000.0,1321.0,8.0,398.0,13.0
Next Phase,1004.0,ESP,1.19,1442.0,1517.0,1686.0,1686.0,15.0,968807.0,1000000.0,1278.0,3.0,562.0,21.0
CARTOON HEROES (20th Anniversary Mix),853.0,DSP,1.19,1093.0,1155.0,1284.0,1284.0,14.0,967638.0,1000000.0,1483.0,7.0,428.0,13.0
冥,404.0,begSP,1.19,345.0,372.0,414.0,414.0,3.0,961085.0,1000000.0,240.0,20.0,138.0,1.0
Dragon Blade,158.0,BSP,1.19,638.0,675.0,750.0,750.0,9.0,968891.0,1000000.0,225.0,7.0,250.0,1.0
Firestorm,919.0,DSP,1.19,1050.0,1098.0,1221.0,1221.0,13.0,971880.0,1000000.0,1349.0,2.0,407.0,11.0
Holic,37.0,DSP,1.19,573.0,615.0,684.0,684.0,9.0,963328.0,1000000.0,515.0,20.0,228.0,0.0
RED ZONE,198.0,BSP,1.19,471.0,523.0,582.0,582.0,6.0,946499.0,1000000.0,287.0,33.0,194.0,6.0
みゅ、みゅ、M&uuml;llる,1163.0,DDP,1.19,855.0,899.0,999.0,999.0,11.0,969951.0,1000000.0,352.0,4.0,333.0,12.0
向日葵サンセット,762.0,DSP,1.19,677.0,710.0,789.0,789.0,10.0,969142.0,1000000.0,829.0,5.0,263.0,24.0
ROOM,940.0,EDP,1.19,1017.0,1071.0,1191.0,1191.0,11.0,967770.0,1000000.0,486.0,4.0,397.0,25.0
叛逆のディスパレート,960.0,DSP,1.19,918.0,972.0,1080.0,1080.0,10.0,966880.0,1000000.0,637.0,8.0,360.0,14.0
愛言葉,821.0,EDP,1.19,994.0,1047.0,1164.0,1164.0,11.0,968807.0,1000000.0,769.0,5.0,388.0,13.0
Dance Dance Revolution(X-Special),284.0,CSP,1.19,999.0,1050.0,1167.0,1167.0,13.0,967360.0,1000000.0,1582.0,5.0,389.0,36.0
BUTTERFLY (20th Anniversary Mix),869.0,DDP,1.19,823.0,874.0,972.0,972.0,10.0,965914.0,1000000.0,476.0,9.0,324.0,10.0
STEP MACHINE,950.0,ESP,1.19,1283.0,1347.0,1497.0,1497.0,14.0,970267.0,1000000.0,1623.0,3.0,499.0,12.0
GRADUATION ～それぞれの明日～,113.0,DDP,1.18,485.0,515.0,573.0,573.0,7.0,965063.0,1000000.0,183.0,9.0,191.0,10.0
DXY!,53.0,DSP,1.18,676.0,726.0,807.0,807.0,9.0,962644.0,1000000.0,436.0,18.0,269.0,0.0
Vertigo,989.0,ESP,1.18,1255.0,1314.0,1461.0,1461.0,15.0,971214.0,1000000.0,1189.0,2.0,487.0,11.0
AM-3P,3.0,BDP,1.18,423.0,448.0,498.0,498.0,8.0,968937.0,1000000.0,284.0,11.0,166.0,0.0
大見解,144.0,ESP,1.18,1123.0,1190.0,1323.0,1323.0,12.0,966304.0,1000000.0,1587.0,9.0,441.0,16.0
海神,630.0,BDP,1.18,689.0,739.0,822.0,822.0,7.0,956784.0,1000000.0,421.0,16.0,274.0,37.0
Take A Chance,318.0,EDP,1.18,561.0,594.0,660.0,660.0,9.0,968011.0,1000000.0,227.0,8.0,220.0,6.0
Flow (Jammin' Ragga Mix),242.0,DDP,1.18,605.0,639.0,711.0,711.0,7.0,967159.0,1000000.0,131.0,5.0,237.0,14.0
PUT YOUR FAITH IN ME,11.0,DDP,1.18,373.0,396.0,441.0,441.0,8.0,967174.0,1000000.0,207.0,11.0,147.0,0.0
DANCERUSH STARDOM ANTHEM,942.0,ESP,1.18,935.0,985.0,1095.0,1095.0,11.0,969350.0,1000000.0,1205.0,6.0,365.0,10.0
Firestorm,919.0,BDP,1.18,653.0,693.0,771.0,771.0,8.0,966112.0,1000000.0,342.0,9.0,257.0,10.0
Continue to the real world?,1238.0,DDP,1.18,1090.0,1142.0,1269.0,1269.0,12.0,971649.0,1000000.0,137.0,2.0,423.0,7.0
キヤロラ衛星の軌跡,1146.0,DSP,1.18,1159.0,1212.0,1347.0,1347.0,12.0,969336.0,1000000.0,804.0,2.0,449.0,41.0
Shades of Grey,257.0,EDP,1.17,654.0,693.0,771.0,771.0,10.0,967331.0,1000000.0,411.0,9.0,257.0,6.0
PARANOiA MAX～DIRTY MIX～,10.0,ESP,1.17,864.0,918.0,1020.0,1020.0,12.0,966991.0,1000000.0,1719.0,17.0,340.0,0.0
ドキドキ☆流星トラップガール!!,600.0,DDP,1.17,856.0,899.0,999.0,999.0,10.0,970189.0,1000000.0,363.0,4.0,333.0,12.0
SCHWARZSCHILD FIELD,1045.0,BSP,1.17,760.0,807.0,897.0,897.0,10.0,965981.0,1000000.0,371.0,9.0,299.0,12.0
共犯ヘヴンズコード,1053.0,DSP,1.17,766.0,804.0,894.0,894.0,10.0,969042.0,1000000.0,346.0,4.0,298.0,21.0
MAKE A JAM!,719.0,BDP,1.17,395.0,418.0,465.0,465.0,6.0,969297.0,1000000.0,304.0,11.0,155.0,0.0
New Beginning,444.0,EDP,1.17,924.0,972.0,1080.0,1080.0,11.0,967669.0,1000000.0,306.0,4.0,360.0,31.0
Bloody Tears(IIDX EDITION),231.0,DDP,1.17,507.0,542.0,603.0,603.0,7.0,959119.0,1000000.0,266.0,14.0,201.0,24.0
PARANOIA survivor MAX,127.0,begSP,1.17,301.0,326.0,363.0,363.0,5.0,958821.0,1000000.0,162.0,19.0,121.0,0.0
凛として咲く花の如く ～ひなビタ&#9834; edition～,562.0,DSP,1.17,820.0,888.0,987.0,987.0,8.0,954850.0,1000000.0,630.0,26.0,329.0,30.0
PARANOiA MAX～DIRTY MIX～(X-Special),303.0,CSP,1.17,1085.0,1144.0,1272.0,1272.0,13.0,969247.0,1000000.0,1334.0,6.0,424.0,4.0
take me higher,943.0,DSP,1.17,818.0,869.0,966.0,966.0,10.0,965275.0,1000000.0,603.0,11.0,322.0,15.0
ONYX,1006.0,DDP,1.17,1101.0,1163.0,1293.0,1293.0,11.0,967162.0,1000000.0,363.0,5.0,431.0,17.0
Condor,498.0,ESP,1.17,970.0,1017.0,1131.0,1131.0,13.0,970434.0,1000000.0,1826.0,4.0,377.0,14.0
ナイト・オブ・ナイツ (Ryu☆Remix),923.0,BDP,1.17,894.0,958.0,1065.0,1065.0,8.0,961639.0,1000000.0,398.0,13.0,355.0,16.0
Sweet Sweet &hearts; Magic,92.0,DSP,1.17,740.0,796.0,885.0,885.0,9.0,959305.0,1000000.0,397.0,17.0,295.0,19.0
HARD BRAIN,964.0,DDP,1.17,1063.0,1123.0,1248.0,1248.0,10.0,966139.0,1000000.0,555.0,6.0,416.0,30.0
Unreality,1095.0,ESP,1.17,1374.0,1439.0,1599.0,1599.0,14.0,970966.0,1000000.0,1121.0,2.0,533.0,17.0
ようこそジャパリパークへ,768.0,ESP,1.16,1116.0,1177.0,1308.0,1308.0,14.0,968609.0,1000000.0,1932.0,7.0,436.0,12.0
Amalgamation,429.0,ESP,1.16,1144.0,1201.0,1335.0,1335.0,13.0,970495.0,1000000.0,1933.0,4.0,445.0,9.0
SABER WING,310.0,begSP,1.16,406.0,437.0,486.0,486.0,5.0,962390.0,1000000.0,170.0,15.0,162.0,0.0
チョコレートスマイル,657.0,DSP,1.16,801.0,850.0,945.0,945.0,9.0,964699.0,1000000.0,736.0,12.0,315.0,20.0
月光蝶,221.0,DSP,1.16,571.0,615.0,684.0,684.0,7.0,960924.0,1000000.0,254.0,16.0,228.0,5.0
Vem brincar,270.0,EDP,1.16,884.0,918.0,1020.0,1020.0,11.0,974269.0,1000000.0,339.0,1.0,340.0,16.0
BRE&forall;K DOWN！,70.0,ESP,1.16,1040.0,1101.0,1224.0,1224.0,12.0,967471.0,1000000.0,1816.0,11.0,408.0,5.0
海神,630.0,DSP,1.16,1067.0,1125.0,1251.0,1251.0,12.0,967903.0,1000000.0,1854.0,7.0,417.0,18.0
漆黒のスペシャルプリンセスサンデー,673.0,BDP,1.16,720.0,774.0,861.0,861.0,7.0,960103.0,1000000.0,261.0,14.0,287.0,11.0
Sakura Sunrise,384.0,DSP,1.16,902.0,972.0,1080.0,1080.0,10.0,958972.0,1000000.0,1305.0,31.0,360.0,20.0
Shut Up and Dance,714.0,BSP,1.16,380.0,413.0,459.0,459.0,5.0,955229.0,1000000.0,256.0,26.0,153.0,9.0
Riot of Color,947.0,BDP,1.16,498.0,523.0,582.0,582.0,8.0,971115.0,1000000.0,336.0,6.0,194.0,4.0
THE REASON,521.0,DSP,1.16,460.0,491.0,546.0,546.0,7.0,962590.0,1000000.0,178.0,12.0,182.0,10.0
SURVIVAL AT THE END OF THE UNIVERSE,1186.0,DSP,1.16,1323.0,1371.0,1523.0,1524.0,14.0,975751.0,999990.0,654.0,0.0,508.0,3.0
On The Break,300.0,BDP,1.15,568.0,602.0,669.0,669.0,7.0,967352.0,1000000.0,217.0,9.0,223.0,5.0
V ～for EXTREME～,138.0,CSP,1.15,1160.0,1220.0,1356.0,1356.0,13.0,970351.0,1000000.0,2044.0,5.0,452.0,4.0
サイカ,1035.0,ESP,1.15,707.0,742.0,825.0,825.0,11.0,970918.0,1000000.0,861.0,6.0,275.0,7.0
AFRONOVA PRIMEVAL,50.0,ESP,1.15,1064.0,1142.0,1269.0,1269.0,12.0,962682.0,1000000.0,1638.0,26.0,423.0,0.0
Idola,599.0,DSP,1.15,1230.0,1296.0,1440.0,1440.0,12.0,966334.0,1000000.0,1635.0,6.0,480.0,42.0
ｍｅｍｏｒｙ／／ＤＡＴＡＭＯＳＨＥＲ,1224.0,begSP,1.15,415.0,437.0,486.0,486.0,6.0,970699.0,1000000.0,283.0,9.0,162.0,0.0
チルノのパーフェクトさんすう教室 (EDM REMIX),676.0,BDP,1.15,396.0,421.0,468.0,468.0,5.0,966675.0,1000000.0,273.0,15.0,156.0,1.0
Habibe (Antuh muhleke),605.0,ESP,1.15,1001.0,1050.0,1167.0,1167.0,13.0,971923.0,1000000.0,1241.0,4.0,389.0,0.0
PARANOiA KCET ～clean mix～,9.0,DSP,1.15,701.0,750.0,834.0,834.0,9.0,964103.0,1000000.0,548.0,18.0,278.0,0.0
Love&#9825;Shine わんだふるmix,811.0,CSP,1.15,1187.0,1252.0,1392.0,1392.0,14.0,967110.0,1000000.0,1921.0,7.0,464.0,25.0
LONG TRAIN RUNNIN' (20th Anniversary Mix),858.0,ESP,1.15,876.0,915.0,1017.0,1017.0,12.0,972620.0,1000000.0,1201.0,3.0,339.0,8.0
Silly Love,924.0,BSP,1.15,727.0,774.0,861.0,861.0,7.0,962409.0,1000000.0,398.0,12.0,287.0,23.0
虹色の花,530.0,ESP,1.15,1075.0,1139.0,1266.0,1266.0,11.0,965702.0,1000000.0,879.0,9.0,422.0,22.0
SUPER STAR(FROM NONSTOP MEGAMIX),91.0,CDP,1.15,746.0,780.0,867.0,867.0,11.0,972408.0,1000000.0,306.0,3.0,289.0,8.0
朝色の紙飛行機,649.0,BSP,1.15,430.0,472.0,525.0,525.0,5.0,948598.0,1000000.0,325.0,34.0,175.0,16.0
STRAIGHT JET,412.0,begSP,1.15,143.0,229.0,255.0,255.0,2.0,765984.0,1000000.0,198.0,68.0,85.0,1.0
Time Of Our Lives,715.0,BSP,1.15,338.0,372.0,414.0,414.0,5.0,948109.0,1000000.0,239.0,31.0,138.0,11.0
おーまい！らぶりー！すうぃーてぃ！だーりん！,892.0,DDP,1.15,988.0,1039.0,1155.0,1155.0,12.0,968658.0,1000000.0,665.0,5.0,385.0,20.0
IMANOGUILTS,591.0,BDP,1.15,765.0,807.0,897.0,897.0,8.0,967423.0,1000000.0,307.0,6.0,299.0,21.0
Dream Machine,287.0,DSP,1.15,630.0,680.0,756.0,756.0,8.0,958740.0,1000000.0,207.0,15.0,252.0,12.0
ここからよろしく大作戦143,987.0,DDP,1.15,973.0,1036.0,1152.0,1152.0,9.0,963676.0,1000000.0,261.0,8.0,384.0,20.0
Be With You (Still Miss you),1159.0,EDP,1.14,992.0,1031.0,1146.0,1146.0,12.0,970454.0,1000000.0,169.0,1.0,382.0,52.0
Break Free,710.0,BSP,1.14,474.0,518.0,576.0,576.0,6.0,951751.0,1000000.0,349.0,32.0,192.0,14.0
BRIDAL FESTIVAL !!!,984.0,ESP,1.14,1317.0,1377.0,1530.0,1530.0,13.0,970982.0,1000000.0,1381.0,2.0,510.0,25.0
すきなことだけでいいです,882.0,EDP,1.14,980.0,1023.0,1137.0,1137.0,13.0,972339.0,1000000.0,586.0,2.0,379.0,16.0
Be a Hero!,765.0,begSP,1.14,730.0,799.0,888.0,888.0,7.0,948303.0,1000000.0,365.0,28.0,296.0,35.0
B4U,28.0,BDP,1.14,475.0,515.0,573.0,573.0,5.0,958931.0,1000000.0,340.0,26.0,191.0,0.0
Second Heaven,385.0,BDP,1.14,449.0,480.0,534.0,534.0,5.0,961697.0,1000000.0,210.0,14.0,178.0,12.0
TIME,443.0,EDP,1.14,705.0,739.0,822.0,822.0,10.0,969132.0,1000000.0,283.0,4.0,274.0,22.0
Determination,744.0,BSP,1.14,437.0,469.0,522.0,522.0,5.0,958479.0,1000000.0,224.0,16.0,174.0,18.0
Cosmic Hurricane,490.0,ESP,1.14,1283.0,1352.0,1503.0,1503.0,13.0,968151.0,1000000.0,1911.0,6.0,501.0,18.0
大見解,144.0,CSP,1.14,1148.0,1212.0,1347.0,1347.0,13.0,967859.0,1000000.0,1763.0,8.0,449.0,16.0
BALLAD FOR YOU～想いの雨～,149.0,begSP,1.14,125.0,140.0,156.0,156.0,2.0,946174.0,1000000.0,144.0,33.0,52.0,0.0
JUST BELIEVE,1170.0,EDP,1.14,958.0,990.0,1100.0,1101.0,14.0,976261.0,999990.0,185.0,0.0,367.0,12.0
ベビーステップ,849.0,DSP,1.14,850.0,896.0,996.0,996.0,9.0,965643.0,1000000.0,344.0,6.0,332.0,35.0
&dagger;渚の小悪魔ラヴリィ～レイディオ&dagger;,557.0,BSP,1.14,648.0,720.0,801.0,801.0,6.0,943092.0,1000000.0,604.0,52.0,267.0,24.0
Eon Break,1166.0,BSP,1.13,700.0,739.0,822.0,822.0,8.0,967814.0,1000000.0,408.0,8.0,274.0,11.0
幻想系世界修復少女,598.0,ESP,1.13,1051.0,1117.0,1242.0,1242.0,12.0,963758.0,1000000.0,1914.0,16.0,414.0,27.0
STILL IN MY HEART,59.0,DDP,1.13,585.0,621.0,690.0,690.0,7.0,968138.0,1000000.0,198.0,9.0,230.0,0.0
GROOVE 04,1220.0,ESP,1.13,1408.0,1474.0,1638.0,1638.0,16.0,970499.0,1000000.0,713.0,2.0,546.0,26.0
The Heavens Above,416.0,DDP,1.13,677.0,710.0,789.0,789.0,10.0,965815.0,1000000.0,194.0,4.0,263.0,44.0
Rhythms Inside,424.0,EDP,1.13,746.0,783.0,870.0,870.0,9.0,970467.0,1000000.0,211.0,4.0,290.0,14.0
Dancer in the flare,724.0,ESP,1.13,929.0,974.0,1083.0,1083.0,13.0,971764.0,1000000.0,2188.0,5.0,361.0,3.0
The World Ends Now,886.0,BDP,1.13,853.0,904.0,1005.0,1005.0,9.0,965602.0,1000000.0,307.0,8.0,335.0,18.0
Pierce The Sky,372.0,DSP,1.13,1012.0,1069.0,1188.0,1188.0,11.0,965784.0,1000000.0,924.0,8.0,396.0,35.0
We're so Happy,991.0,DSP,1.13,1404.0,1479.0,1644.0,1644.0,13.0,969048.0,1000000.0,1301.0,5.0,548.0,6.0
Thank You Merry Christmas,623.0,ESP,1.13,1207.0,1269.0,1410.0,1410.0,12.0,967398.0,1000000.0,1405.0,5.0,470.0,41.0
地方創生☆チクワクティクス,674.0,DSP,1.13,709.0,756.0,840.0,840.0,10.0,965220.0,1000000.0,868.0,21.0,280.0,4.0
heron,493.0,ESP,1.13,917.0,977.0,1086.0,1086.0,12.0,965392.0,1000000.0,1577.0,20.0,362.0,5.0
Music In The Rhythm,249.0,DSP,1.13,767.0,823.0,915.0,915.0,8.0,960781.0,1000000.0,175.0,11.0,305.0,14.0
Trust -DanceDanceRevolution mix-,267.0,DDP,1.13,583.0,610.0,678.0,678.0,8.0,971004.0,1000000.0,174.0,4.0,226.0,13.0
rainbow flyer,196.0,EDP,1.13,783.0,823.0,915.0,915.0,11.0,969513.0,1000000.0,358.0,5.0,305.0,15.0
Believe,709.0,DSP,1.13,599.0,642.0,714.0,714.0,9.0,962987.0,1000000.0,312.0,16.0,238.0,5.0
Fly away,163.0,DDP,1.13,554.0,580.0,645.0,645.0,8.0,971342.0,1000000.0,174.0,4.0,215.0,10.0
Find The Way,506.0,DSP,1.13,804.0,847.0,942.0,942.0,10.0,968669.0,1000000.0,611.0,7.0,314.0,13.0
Monkey Punk,185.0,EDP,1.13,716.0,750.0,834.0,834.0,10.0,969900.0,1000000.0,253.0,4.0,278.0,18.0
Midnight Amaretto,944.0,DDP,1.13,719.0,758.0,843.0,843.0,10.0,966664.0,1000000.0,372.0,7.0,281.0,24.0
Procyon,831.0,ESP,1.12,1226.0,1287.0,1431.0,1431.0,15.0,970741.0,1000000.0,1928.0,4.0,477.0,6.0
叛逆のディスパレート,960.0,ESP,1.12,1204.0,1266.0,1407.0,1407.0,13.0,968879.0,1000000.0,1317.0,5.0,469.0,22.0
New York EVOLVED (Type C),467.0,BSP,1.12,628.0,666.0,741.0,741.0,9.0,966636.0,1000000.0,225.0,9.0,247.0,5.0
Show me your moves,812.0,DDP,1.12,893.0,947.0,1053.0,1053.0,8.0,962841.0,1000000.0,715.0,11.0,351.0,40.0
Uh-Oh,1013.0,DDP,1.12,1199.0,1263.0,1404.0,1404.0,11.0,968416.0,1000000.0,329.0,4.0,468.0,19.0
いーあるふぁんくらぶ,784.0,DSP,1.12,653.0,699.0,777.0,777.0,8.0,960355.0,1000000.0,822.0,26.0,259.0,22.0
CANDY (UFO mix),1128.0,DDP,1.12,888.0,926.0,1029.0,1029.0,11.0,972882.0,1000000.0,169.0,2.0,343.0,12.0
ドーパミン,661.0,begSP,1.12,519.0,558.0,621.0,621.0,7.0,960737.0,1000000.0,459.0,24.0,207.0,8.0
CELEBRATE NITE,32.0,DSP,1.12,495.0,534.0,594.0,594.0,8.0,961221.0,1000000.0,407.0,26.0,198.0,0.0
You,512.0,ESP,1.12,644.0,683.0,759.0,759.0,10.0,961315.0,1000000.0,832.0,17.0,253.0,39.0
Cleopatrysm,606.0,BDP,1.12,643.0,693.0,771.0,771.0,7.0,959872.0,1000000.0,216.0,15.0,257.0,8.0
妄想感傷代償連盟,881.0,DDP,1.12,512.0,545.0,606.0,606.0,9.0,962797.0,1000000.0,335.0,15.0,202.0,18.0
Sand Blow,637.0,BSP,1.12,618.0,664.0,738.0,738.0,7.0,960881.0,1000000.0,232.0,15.0,246.0,12.0
SEXY PLANET,44.0,DDP,1.12,529.0,558.0,621.0,621.0,7.0,969649.0,1000000.0,177.0,7.0,207.0,0.0
CENTAUR,154.0,ESP,1.12,746.0,780.0,867.0,867.0,12.0,972410.0,1000000.0,1146.0,5.0,289.0,6.0
Poseidon(kors k mix),374.0,DSP,1.11,676.0,723.0,804.0,804.0,9.0,961941.0,1000000.0,497.0,19.0,268.0,14.0
BALLAD THE FEATHERS,342.0,DSP,1.11,503.0,540.0,600.0,600.0,7.0,963529.0,1000000.0,234.0,17.0,200.0,0.0
Starry Sky,833.0,DDP,1.11,778.0,818.0,909.0,909.0,9.0,968664.0,1000000.0,225.0,5.0,303.0,20.0
Dance Dance Revolution,108.0,CSP,1.11,944.0,996.0,1107.0,1107.0,12.0,969697.0,1000000.0,1510.0,10.0,369.0,0.0
朧,691.0,DSP,1.11,802.0,861.0,957.0,957.0,8.0,957150.0,1000000.0,1456.0,35.0,319.0,39.0
Eternal Summer,802.0,DSP,1.11,938.0,999.0,1110.0,1110.0,9.0,965098.0,1000000.0,471.0,12.0,370.0,10.0
MUTEKI BUFFALO,969.0,DSP,1.11,947.0,996.0,1107.0,1107.0,11.0,970242.0,1000000.0,775.0,6.0,369.0,7.0
無頼ック自己ライザー,796.0,DSP,1.11,771.0,823.0,915.0,915.0,8.0,964226.0,1000000.0,669.0,18.0,305.0,8.0
S!ck,730.0,BSP,1.11,677.0,726.0,807.0,807.0,8.0,956736.0,1000000.0,660.0,25.0,269.0,38.0
I'm an Albatraoz,872.0,ESP,1.11,834.0,872.0,969.0,969.0,11.0,972146.0,1000000.0,1251.0,4.0,323.0,13.0
No Tears Left to Cry,874.0,BSP,1.11,337.0,375.0,417.0,417.0,5.0,945067.0,1000000.0,164.0,28.0,139.0,6.0
Yeah! Yeah!,690.0,ESP,1.11,810.0,853.0,948.0,948.0,12.0,969171.0,1000000.0,1609.0,10.0,316.0,14.0
スイーツはとまらない&#9834;,846.0,DDP,1.11,782.0,831.0,924.0,924.0,9.0,963957.0,1000000.0,300.0,10.0,308.0,22.0
BREDLI,1148.0,DDP,1.11,1005.0,1061.0,1179.0,1179.0,12.0,960624.0,1000000.0,313.0,6.0,393.0,79.0
F4SH10N,859.0,ESP,1.11,1113.0,1163.0,1293.0,1293.0,14.0,970940.0,1000000.0,1968.0,3.0,431.0,23.0
ラクガキスト,596.0,ESP,1.11,1440.0,1522.0,1692.0,1692.0,13.0,968085.0,1000000.0,1957.0,8.0,564.0,2.0
Astrogazer,728.0,BDP,1.1,545.0,580.0,645.0,645.0,7.0,966819.0,1000000.0,583.0,19.0,215.0,0.0
SUNKiSS&hearts;DROP,263.0,ESP,1.1,1102.0,1177.0,1308.0,1308.0,12.0,963174.0,1000000.0,2369.0,27.0,436.0,14.0
Synergy For Angels,533.0,ESP,1.1,1420.0,1498.0,1665.0,1665.0,14.0,967743.0,1000000.0,2159.0,7.0,555.0,20.0
Let's DANCE aROUND!!,1066.0,BSP,1.1,607.0,639.0,711.0,711.0,7.0,960967.0,1000000.0,214.0,6.0,237.0,53.0
LOVE THIS FEELIN',22.0,DSP,1.1,580.0,607.0,675.0,675.0,10.0,973048.0,1000000.0,336.0,5.0,225.0,0.0
sakura storm,383.0,DSP,1.1,576.0,618.0,687.0,687.0,7.0,961281.0,1000000.0,527.0,25.0,229.0,11.0
FUJIMORI -祭- FESTIVAL,610.0,DSP,1.1,754.0,807.0,897.0,897.0,9.0,962109.0,1000000.0,442.0,17.0,299.0,16.0
Tribe,433.0,DDP,1.1,643.0,677.0,753.0,753.0,7.0,968709.0,1000000.0,215.0,6.0,251.0,13.0
放課後ストライド,703.0,BSP,1.1,462.0,499.0,555.0,555.0,5.0,959525.0,1000000.0,451.0,31.0,185.0,5.0
Show me your moves,812.0,EDP,1.1,1098.0,1152.0,1281.0,1281.0,12.0,967221.0,1000000.0,748.0,4.0,427.0,47.0
Lachryma《Re:Queen&rsquo;M》,920.0,DSP,1.1,1412.0,1479.0,1644.0,1644.0,14.0,968844.0,1000000.0,1734.0,3.0,548.0,42.0
RЁVOLUTIФN,553.0,ESP,1.1,1505.0,1590.0,1767.0,1767.0,14.0,967364.0,1000000.0,2281.0,8.0,589.0,16.0
Mermaid girl,431.0,CSP,1.1,969.0,1026.0,1140.0,1140.0,12.0,964278.0,1000000.0,1706.0,15.0,380.0,37.0
IMANOGUILTS,591.0,BSP,1.1,759.0,807.0,897.0,897.0,8.0,963746.0,1000000.0,423.0,13.0,299.0,21.0
ハピ恋☆らぶりぃタイム!!,720.0,DSP,1.1,676.0,723.0,804.0,804.0,8.0,962676.0,1000000.0,659.0,23.0,268.0,9.0
Sword of Vengeance,1008.0,DSP,1.1,1487.0,1566.0,1740.0,1740.0,13.0,968815.0,1000000.0,1149.0,5.0,580.0,14.0
ラキラキ,527.0,BDP,1.1,643.0,683.0,759.0,759.0,7.0,965531.0,1000000.0,312.0,12.0,253.0,12.0
No Tears Left to Cry,874.0,EDP,1.1,714.0,742.0,825.0,825.0,10.0,970658.0,1000000.0,374.0,2.0,275.0,36.0
No.13,189.0,ESP,1.1,1099.0,1158.0,1287.0,1287.0,13.0,969323.0,1000000.0,1728.0,8.0,429.0,9.0
PUNISHER,569.0,DSP,1.1,1015.0,1069.0,1188.0,1188.0,11.0,969039.0,1000000.0,907.0,7.0,396.0,14.0
ラブキラ☆スプラッシュ,927.0,DDP,1.1,912.0,958.0,1065.0,1065.0,10.0,968713.0,1000000.0,400.0,5.0,355.0,23.0
sync (EXTREME version),132.0,DDP,1.1,663.0,707.0,786.0,786.0,9.0,964621.0,1000000.0,204.0,11.0,262.0,7.0
黒髪乱れし修羅となりて～凛 edition～,701.0,ESP,1.1,1466.0,1541.0,1713.0,1713.0,14.0,969897.0,1000000.0,2652.0,5.0,571.0,5.0
Heaven is a '57 metallic gray ～gimmix～,115.0,DSP,1.1,594.0,626.0,696.0,696.0,7.0,969062.0,1000000.0,194.0,7.0,232.0,7.0
ようこそジャパリパークへ,768.0,DSP,1.1,768.0,815.0,906.0,906.0,10.0,964701.0,1000000.0,956.0,17.0,302.0,20.0
S・A・G・A,309.0,DSP,1.1,748.0,791.0,879.0,879.0,10.0,967258.0,1000000.0,408.0,10.0,293.0,12.0
零 - ZERO -,334.0,DDP,1.1,709.0,747.0,831.0,831.0,8.0,967477.0,1000000.0,374.0,7.0,277.0,21.0
Wicked Plastik,426.0,DDP,1.1,780.0,815.0,906.0,906.0,11.0,971880.0,1000000.0,227.0,3.0,302.0,14.0
SHION,698.0,BSP,1.09,656.0,712.0,792.0,792.0,7.0,957932.0,1000000.0,470.0,30.0,264.0,2.0
Sparkle Smilin',952.0,ESP,1.09,1529.0,1609.0,1788.0,1788.0,14.0,968837.0,1000000.0,1569.0,5.0,596.0,16.0
折れないハート,505.0,EDP,1.09,788.0,812.0,902.0,903.0,11.0,977220.0,999990.0,67.0,0.0,301.0,11.0
惑星☆ロリポップ,1135.0,DDP,1.09,1006.0,1055.0,1173.0,1173.0,11.0,967752.0,1000000.0,483.0,4.0,391.0,41.0
ロストワンの号哭,727.0,DSP,1.09,940.0,1004.0,1116.0,1116.0,10.0,964586.0,1000000.0,1169.0,23.0,372.0,0.0
妄想税,825.0,DDP,1.09,814.0,853.0,948.0,948.0,9.0,971304.0,1000000.0,234.0,4.0,316.0,9.0
S!ck,730.0,BDP,1.09,654.0,693.0,771.0,771.0,8.0,961864.0,1000000.0,450.0,12.0,257.0,37.0
イーディーエム・ジャンパーズ,675.0,ESP,1.09,983.0,1034.0,1149.0,1149.0,12.0,965935.0,1000000.0,2074.0,9.0,383.0,47.0
A Stupid Barber,145.0,DDP,1.09,598.0,631.0,702.0,702.0,8.0,968447.0,1000000.0,270.0,8.0,234.0,9.0
AI,1028.0,ESP,1.09,1409.0,1479.0,1644.0,1644.0,16.0,966025.0,1000000.0,1352.0,4.0,548.0,69.0
Jetcoaster Windy,968.0,DSP,1.09,1136.0,1188.0,1320.0,1320.0,12.0,971853.0,1000000.0,748.0,3.0,440.0,13.0
蒼い衝動 ～for EXTREME～,143.0,ESP,1.09,728.0,780.0,867.0,867.0,9.0,963072.0,1000000.0,1417.0,37.0,289.0,4.0
MARIA(I believe...),180.0,DDP,1.09,554.0,583.0,648.0,648.0,9.0,968722.0,1000000.0,207.0,7.0,216.0,14.0
Sweet Rain,547.0,BDP,1.08,579.0,623.0,693.0,693.0,6.0,959760.0,1000000.0,246.0,18.0,231.0,10.0
Angelic Jelly,737.0,ESP,1.08,1361.0,1439.0,1599.0,1599.0,13.0,968079.0,1000000.0,2332.0,11.0,533.0,2.0
Wuv U,1114.0,ESP,1.08,1076.0,1131.0,1257.0,1257.0,14.0,969440.0,1000000.0,981.0,6.0,419.0,17.0
LOVE IS THE POWER -Re:born-,478.0,BDP,1.08,412.0,437.0,486.0,486.0,6.0,966856.0,1000000.0,186.0,12.0,162.0,4.0
Something Just Like This (Alesso Remix) ,877.0,DDP,1.08,547.0,575.0,639.0,639.0,8.0,970479.0,1000000.0,148.0,6.0,213.0,6.0
Across the nightmare,101.0,begSP,1.08,427.0,461.0,513.0,513.0,7.0,960491.0,1000000.0,175.0,18.0,171.0,0.0
ラブキラ☆スプラッシュ,927.0,ESP,1.08,1259.0,1328.0,1476.0,1476.0,14.0,966329.0,1000000.0,1582.0,8.0,492.0,39.0
腐れ外道とチョコレゐト,854.0,BSP,1.08,689.0,734.0,816.0,816.0,8.0,962089.0,1000000.0,456.0,16.0,272.0,26.0
Une mage blanche,900.0,ESP,1.08,1326.0,1393.0,1548.0,1548.0,13.0,967264.0,1000000.0,1373.0,5.0,516.0,48.0
ビビットストリーム,658.0,ESP,1.08,1230.0,1301.0,1446.0,1446.0,13.0,966913.0,1000000.0,2221.0,12.0,482.0,18.0
STERLING SILVER,732.0,ESP,1.08,1260.0,1328.0,1476.0,1476.0,13.0,968995.0,1000000.0,2335.0,9.0,492.0,6.0
dream of love,236.0,EDP,1.08,593.0,621.0,690.0,690.0,8.0,972937.0,1000000.0,237.0,5.0,230.0,2.0
Sakura Mirage,664.0,ESP,1.08,1141.0,1209.0,1344.0,1344.0,14.0,966695.0,1000000.0,2399.0,16.0,448.0,10.0
X-ray binary,973.0,DDP,1.08,980.0,1031.0,1146.0,1146.0,10.0,969649.0,1000000.0,272.0,5.0,382.0,9.0
LA BAMBA,122.0,EDP,1.08,846.0,888.0,987.0,987.0,10.0,971444.0,1000000.0,301.0,5.0,329.0,1.0
Dance Celebration (System 7 Remix),283.0,DDP,1.08,462.0,488.0,543.0,543.0,8.0,967894.0,1000000.0,182.0,9.0,181.0,7.0
Tribe,433.0,DSP,1.08,653.0,693.0,771.0,771.0,7.0,964905.0,1000000.0,268.0,11.0,257.0,14.0
マインド・ゲーム,568.0,DSP,1.08,913.0,972.0,1080.0,1080.0,10.0,963868.0,1000000.0,614.0,15.0,360.0,22.0
クリムゾンゲイト,629.0,BDP,1.07,572.0,610.0,678.0,678.0,6.0,963249.0,1000000.0,164.0,11.0,226.0,16.0
Star Gate Heaven,204.0,DDP,1.07,541.0,567.0,630.0,630.0,8.0,972997.0,1000000.0,165.0,5.0,210.0,1.0
Starry HEAVEN,504.0,BSP,1.07,315.0,345.0,384.0,384.0,5.0,951876.0,1000000.0,129.0,21.0,128.0,5.0
DoLL,157.0,DDP,1.07,810.0,850.0,945.0,945.0,8.0,962403.0,1000000.0,339.0,5.0,315.0,71.0
Bad Apple!! feat. nomico,679.0,BDP,1.07,501.0,537.0,597.0,597.0,5.0,960361.0,1000000.0,420.0,25.0,199.0,15.0
Heatstroke,356.0,ESP,1.07,792.0,834.0,927.0,927.0,10.0,970130.0,1000000.0,908.0,10.0,309.0,4.0
Ah La La La,508.0,DDP,1.07,478.0,504.0,561.0,561.0,7.0,965480.0,1000000.0,170.0,8.0,187.0,20.0
Clarity,871.0,DDP,1.07,527.0,558.0,621.0,621.0,7.0,963402.0,1000000.0,162.0,9.0,207.0,23.0
Last Card,941.0,BDP,1.07,702.0,745.0,828.0,828.0,8.0,967243.0,1000000.0,360.0,12.0,276.0,5.0
FIRE,241.0,DSP,1.07,672.0,718.0,798.0,798.0,8.0,963744.0,1000000.0,198.0,12.0,266.0,10.0
VANITY ANGEL,139.0,ESP,1.07,840.0,877.0,975.0,975.0,12.0,973722.0,1000000.0,1164.0,4.0,325.0,0.0
宇宙(ソラ)への片道切符,705.0,DDP,1.07,632.0,672.0,747.0,747.0,9.0,964103.0,1000000.0,581.0,18.0,249.0,19.0
TSUGARU,93.0,BDP,1.07,414.0,437.0,486.0,486.0,6.0,969101.0,1000000.0,156.0,9.0,162.0,4.0
Dance Celebration,282.0,ESP,1.06,873.0,918.0,1020.0,1020.0,11.0,970177.0,1000000.0,855.0,8.0,340.0,10.0
Wow Wow VENUS,563.0,DSP,1.06,785.0,842.0,936.0,936.0,8.0,959662.0,1000000.0,360.0,18.0,312.0,24.0
革命パッショネイト,845.0,DSP,1.06,946.0,1001.0,1113.0,1113.0,10.0,966545.0,1000000.0,727.0,11.0,371.0,18.0
In the past,939.0,ESP,1.06,1286.0,1358.0,1509.0,1509.0,16.0,967895.0,1000000.0,1649.0,10.0,503.0,13.0
BONE BORN,1136.0,ESP,1.06,1078.0,1123.0,1248.0,1248.0,13.0,973457.0,1000000.0,1040.0,2.0,416.0,13.0
Desert Journey,523.0,ESP,1.06,970.0,1023.0,1137.0,1137.0,12.0,967730.0,1000000.0,1316.0,11.0,379.0,20.0
cachaca,151.0,DDP,1.06,563.0,588.0,654.0,654.0,9.0,968690.0,1000000.0,156.0,4.0,218.0,28.0
DEAD END,16.0,ESP,1.06,1053.0,1107.0,1230.0,1230.0,12.0,970919.0,1000000.0,2127.0,9.0,410.0,0.0
未来（ダ）FUTURE,867.0,DDP,1.06,760.0,799.0,888.0,888.0,10.0,969348.0,1000000.0,386.0,7.0,296.0,15.0
THIS NIGHT,394.0,DDP,1.06,756.0,799.0,888.0,888.0,8.0,963823.0,1000000.0,239.0,8.0,296.0,39.0
SUPER SAMURAI,315.0,BDP,1.06,692.0,729.0,810.0,810.0,8.0,969129.0,1000000.0,219.0,7.0,270.0,11.0
This Beat Is.....,834.0,EDP,1.06,732.0,764.0,849.0,849.0,10.0,972428.0,1000000.0,502.0,4.0,283.0,14.0
鋳鉄の檻,1014.0,BDP,1.06,693.0,739.0,822.0,822.0,7.0,965483.0,1000000.0,270.0,13.0,274.0,1.0
Cosy Catastrophe,755.0,begSP,1.06,482.0,518.0,576.0,576.0,6.0,962243.0,1000000.0,445.0,28.0,192.0,4.0
I/O,441.0,ESP,1.06,977.0,1031.0,1146.0,1146.0,11.0,967990.0,1000000.0,1785.0,13.0,382.0,15.0
GIRIGILI門前雀羅,245.0,DDP,1.06,673.0,704.0,783.0,783.0,8.0,971955.0,1000000.0,159.0,4.0,261.0,6.0
ユメブキ,1024.0,DSP,1.06,1175.0,1228.0,1365.0,1365.0,12.0,972516.0,1000000.0,926.0,3.0,455.0,6.0
KISS KISS KISS,120.0,ESP,1.06,927.0,980.0,1089.0,1089.0,12.0,965409.0,1000000.0,1354.0,15.0,363.0,31.0
PARANOIA EVOLUTION,43.0,DSP,1.06,727.0,774.0,861.0,861.0,10.0,965831.0,1000000.0,507.0,17.0,287.0,0.0
零 - ZERO -,334.0,DSP,1.06,778.0,828.0,921.0,921.0,8.0,962535.0,1000000.0,620.0,17.0,307.0,27.0
恋のパズルマジック,766.0,EDP,1.05,770.0,807.0,897.0,897.0,11.0,971575.0,1000000.0,649.0,6.0,299.0,9.0
GUILTY DIAMONDS,930.0,DSP,1.05,973.0,1036.0,1152.0,1152.0,10.0,962749.0,1000000.0,578.0,15.0,384.0,26.0
dazzle,286.0,EDP,1.05,685.0,718.0,798.0,798.0,10.0,969273.0,1000000.0,353.0,6.0,266.0,23.0
TRIP MACHINE CLIMAX(X-Special),327.0,CSP,1.05,967.0,1020.0,1134.0,1134.0,14.0,967911.0,1000000.0,1925.0,13.0,378.0,17.0
Never See You Again,985.0,BSP,1.05,831.0,877.0,975.0,975.0,9.0,967289.0,1000000.0,443.0,9.0,325.0,19.0
"Help me, ERINNNNNN!!",681.0,BSP,1.05,455.0,494.0,549.0,549.0,5.0,957032.0,1000000.0,487.0,42.0,183.0,6.0
フー・フローツ,550.0,DSP,1.05,857.0,907.0,1008.0,1008.0,9.0,967696.0,1000000.0,617.0,12.0,336.0,9.0
MOON,186.0,DSP,1.05,619.0,664.0,738.0,738.0,7.0,962233.0,1000000.0,289.0,19.0,246.0,6.0
THE SHINING POLARIS,206.0,EDP,1.05,689.0,723.0,804.0,804.0,9.0,967915.0,1000000.0,302.0,6.0,268.0,28.0
Twin Bee -Generation X-,137.0,EDP,1.05,631.0,658.0,732.0,732.0,11.0,972543.0,1000000.0,379.0,4.0,244.0,11.0
鋳鉄の檻,1014.0,DSP,1.05,949.0,1004.0,1116.0,1116.0,10.0,966541.0,1000000.0,652.0,11.0,372.0,20.0
Idola,599.0,BSP,1.05,769.0,823.0,915.0,915.0,8.0,961650.0,1000000.0,690.0,25.0,305.0,16.0
リリーゼと炎龍レーヴァテイン,1098.0,DSP,1.05,1295.0,1350.0,1500.0,1500.0,13.0,973364.0,1000000.0,1054.0,2.0,500.0,8.0
Party Rock Anthem,875.0,BSP,1.05,407.0,448.0,498.0,498.0,5.0,948978.0,1000000.0,245.0,34.0,166.0,11.0
ZETA～素数の世界と超越者～,401.0,BSP,1.05,604.0,648.0,720.0,720.0,6.0,961031.0,1000000.0,228.0,17.0,240.0,13.0
ALPACORE,901.0,DSP,1.05,931.0,972.0,1080.0,1080.0,12.0,973172.0,1000000.0,1189.0,4.0,360.0,7.0
BAD GIRLS,473.0,CSP,1.05,637.0,669.0,744.0,744.0,11.0,971684.0,1000000.0,137.0,5.0,248.0,0.0
Poochie,697.0,BDP,1.05,709.0,747.0,831.0,831.0,8.0,968781.0,1000000.0,342.0,8.0,277.0,11.0
We Can Win The Fight,1049.0,DDP,1.05,639.0,672.0,747.0,747.0,9.0,968830.0,1000000.0,98.0,5.0,249.0,15.0
Saturn,256.0,ESP,1.05,938.0,982.0,1092.0,1092.0,13.0,969678.0,1000000.0,1650.0,6.0,364.0,27.0
A thing called LOVE,226.0,EDP,1.05,916.0,958.0,1065.0,1065.0,11.0,972238.0,1000000.0,580.0,4.0,355.0,9.0
Dragon Blade,158.0,DSP,1.05,802.0,842.0,936.0,936.0,10.0,971674.0,1000000.0,386.0,6.0,312.0,1.0
Ishtar,749.0,ESP,1.04,1083.0,1139.0,1266.0,1266.0,14.0,968581.0,1000000.0,2461.0,10.0,422.0,23.0
Play Hard,876.0,DSP,1.04,789.0,837.0,930.0,930.0,9.0,966234.0,1000000.0,294.0,11.0,310.0,12.0
Gotta Dance,355.0,DDP,1.04,634.0,669.0,744.0,744.0,7.0,965009.0,1000000.0,194.0,8.0,248.0,28.0
aftershock!!,339.0,ESP,1.04,1183.0,1244.0,1383.0,1383.0,13.0,969266.0,1000000.0,1706.0,8.0,461.0,14.0
ちゅ～いん☆バニー,592.0,DSP,1.04,643.0,691.0,768.0,768.0,8.0,959285.0,1000000.0,337.0,22.0,256.0,18.0
Sweet Sweet &hearts; Magic,92.0,ESP,1.04,1042.0,1093.0,1215.0,1215.0,13.0,968674.0,1000000.0,1784.0,7.0,405.0,33.0
ミックスナッツ,1120.0,DDP,1.04,597.0,626.0,696.0,696.0,8.0,967039.0,1000000.0,288.0,7.0,232.0,30.0
StrayedCatz,740.0,BDP,1.04,510.0,534.0,594.0,594.0,7.0,969792.0,1000000.0,871.0,10.0,198.0,17.0
SUPER HERO,604.0,DDP,1.04,616.0,648.0,720.0,720.0,10.0,969372.0,1000000.0,392.0,10.0,240.0,11.0
Mythomane,915.0,DSP,1.04,732.0,764.0,849.0,849.0,10.0,973441.0,1000000.0,366.0,4.0,283.0,6.0
AFRONOVA,13.0,BSP,1.04,528.0,572.0,636.0,636.0,7.0,959212.0,1000000.0,435.0,35.0,212.0,0.0
GHOST KINGDOM,967.0,ESP,1.04,959.0,999.0,1110.0,1110.0,14.0,973406.0,1000000.0,1522.0,3.0,370.0,14.0
Ace out,879.0,DDP,1.03,793.0,831.0,924.0,924.0,9.0,971376.0,1000000.0,349.0,5.0,308.0,10.0
Clarity,871.0,DSP,1.03,514.0,548.0,609.0,609.0,7.0,961811.0,1000000.0,246.0,16.0,203.0,21.0
Leaving&hellip;,365.0,DDP,1.03,628.0,658.0,732.0,732.0,8.0,971670.0,1000000.0,209.0,5.0,244.0,7.0
Mind Parasite,184.0,DSP,1.03,566.0,599.0,666.0,666.0,9.0,964664.0,1000000.0,262.0,12.0,222.0,21.0
Waiting,835.0,ESP,1.03,1048.0,1096.0,1218.0,1218.0,13.0,972493.0,1000000.0,1631.0,5.0,406.0,5.0
マインド・ゲーム,568.0,ESP,1.03,1376.0,1449.0,1611.0,1611.0,14.0,967791.0,1000000.0,1971.0,8.0,537.0,28.0
AM-3P,3.0,BSP,1.03,413.0,442.0,492.0,492.0,7.0,964115.0,1000000.0,313.0,23.0,164.0,0.0
プレインエイジア -PHQ remix-,791.0,ESP,1.03,1256.0,1325.0,1473.0,1473.0,13.0,968552.0,1000000.0,2099.0,11.0,491.0,9.0
PARANOiA KCET ～clean mix～,9.0,BSP,1.03,663.0,707.0,786.0,786.0,8.0,965458.0,1000000.0,450.0,20.0,262.0,0.0
び,926.0,DSP,1.03,1327.0,1393.0,1548.0,1548.0,12.0,969865.0,1000000.0,1381.0,6.0,516.0,16.0
sync (EXTREME version),132.0,CSP,1.03,860.0,907.0,1008.0,1008.0,12.0,969173.0,1000000.0,1342.0,14.0,336.0,8.0
Plan 8,628.0,ESP,1.03,1437.0,1501.0,1668.0,1668.0,14.0,971457.0,1000000.0,2521.0,3.0,556.0,23.0
New Gravity,497.0,CSP,1.03,1207.0,1274.0,1416.0,1416.0,14.0,969008.0,1000000.0,2189.0,13.0,472.0,1.0
女言葉の消失,651.0,DSP,1.03,899.0,947.0,1053.0,1053.0,9.0,966445.0,1000000.0,503.0,8.0,351.0,35.0
Boom Boom Dollar (Red Monster Mix),474.0,ESP,1.03,535.0,564.0,627.0,627.0,9.0,970122.0,1000000.0,190.0,9.0,209.0,0.0
パ&rarr;ピ&rarr;プ&rarr;Yeah!,667.0,BDP,1.03,339.0,361.0,402.0,402.0,6.0,964138.0,1000000.0,510.0,30.0,134.0,6.0
One Sided Love,621.0,DDP,1.03,699.0,734.0,816.0,816.0,9.0,970069.0,1000000.0,362.0,7.0,272.0,14.0
Special One,721.0,DDP,1.02,467.0,491.0,546.0,546.0,8.0,970816.0,1000000.0,321.0,10.0,182.0,5.0
ライアーダンス,856.0,BDP,1.02,496.0,529.0,588.0,588.0,7.0,963770.0,1000000.0,214.0,16.0,196.0,9.0
Let Me Know,1121.0,DDP,1.02,814.0,853.0,948.0,948.0,11.0,971319.0,1000000.0,244.0,5.0,316.0,9.0
The World Ends Now,886.0,DSP,1.02,1174.0,1225.0,1362.0,1362.0,12.0,972451.0,1000000.0,1209.0,3.0,454.0,13.0
ジョジョ～その血の運命～,541.0,DSP,1.02,625.0,650.0,723.0,723.0,8.0,973684.0,1000000.0,41.0,2.0,241.0,7.0
Your Angel,400.0,DSP,1.02,608.0,650.0,723.0,723.0,7.0,963827.0,1000000.0,217.0,15.0,241.0,4.0
春を告げる,980.0,DDP,1.02,643.0,677.0,753.0,753.0,8.0,969088.0,1000000.0,278.0,8.0,251.0,12.0
HEART BEAT FORMULA (Vinyl Mix),645.0,BDP,1.02,683.0,718.0,798.0,798.0,8.0,967670.0,1000000.0,170.0,6.0,266.0,27.0
Riot of Color,947.0,BSP,1.02,533.0,561.0,624.0,624.0,8.0,970003.0,1000000.0,565.0,14.0,208.0,3.0
SABER WING (Akira Ishihara Headshot mix),311.0,begSP,1.02,470.0,504.0,561.0,561.0,6.0,960092.0,1000000.0,221.0,19.0,187.0,12.0
Arrabbiata,228.0,BSP,1.02,786.0,837.0,930.0,930.0,11.0,966464.0,1000000.0,808.0,23.0,310.0,0.0
STARS☆☆☆(2nd NAOKI's style),205.0,DDP,1.02,615.0,642.0,714.0,714.0,8.0,971877.0,1000000.0,177.0,4.0,238.0,14.0
cachaca,151.0,ESP,1.02,693.0,723.0,804.0,804.0,12.0,971526.0,1000000.0,1220.0,6.0,268.0,19.0
Globe Glitter,1023.0,ESP,1.02,1547.0,1617.0,1797.0,1797.0,15.0,971664.0,1000000.0,1359.0,3.0,599.0,12.0
rainbow rainbow,197.0,DDP,1.02,577.0,612.0,681.0,681.0,7.0,967239.0,1000000.0,187.0,11.0,227.0,1.0
Environ [De-SYNC] (feat. lythe),1097.0,ESP,1.02,1277.0,1336.0,1485.0,1485.0,15.0,970522.0,1000000.0,1084.0,4.0,495.0,26.0
ビューティフル レシート,405.0,BDP,1.01,606.0,648.0,720.0,720.0,7.0,957992.0,1000000.0,307.0,19.0,240.0,37.0
革命パッショネイト,845.0,ESP,1.01,1281.0,1339.0,1488.0,1488.0,13.0,971792.0,1000000.0,1685.0,4.0,496.0,14.0
Give Me,868.0,DDP,1.01,943.0,985.0,1095.0,1095.0,12.0,972752.0,1000000.0,490.0,4.0,365.0,6.0
きゅん&times;きゅんばっきゅん☆LOVE,683.0,DSP,1.01,908.0,982.0,1092.0,1092.0,8.0,959150.0,1000000.0,703.0,35.0,364.0,2.0
プレインエイジア -PHQ remix-,791.0,DSP,1.01,998.0,1055.0,1173.0,1173.0,10.0,966271.0,1000000.0,941.0,13.0,391.0,25.0
Kilonova,1149.0,DSP,1.01,1463.0,1525.0,1695.0,1695.0,13.0,971050.0,1000000.0,773.0,2.0,565.0,40.0
幸せになれる隠しコマンドがあるらしい,758.0,DSP,1.01,821.0,872.0,969.0,969.0,10.0,966572.0,1000000.0,1337.0,27.0,323.0,4.0
零 - ZERO -,334.0,ESP,1.01,1053.0,1115.0,1239.0,1239.0,11.0,965206.0,1000000.0,1753.0,20.0,413.0,29.0
ハラショー！おにぎりサーカス団☆,976.0,DDP,1.01,975.0,1020.0,1134.0,1134.0,11.0,970569.0,1000000.0,289.0,4.0,378.0,22.0
Sakura Sunrise,384.0,BSP,1.01,639.0,688.0,765.0,765.0,7.0,958453.0,1000000.0,578.0,34.0,255.0,18.0
Jewelry days,779.0,DSP,1.01,719.0,764.0,849.0,849.0,9.0,965974.0,1000000.0,363.0,15.0,283.0,10.0
アリスサイド・キャスリング,957.0,BDP,1.01,318.0,334.0,372.0,372.0,5.0,966307.0,1000000.0,182.0,10.0,124.0,16.0
New Generation,559.0,BDP,1.01,495.0,523.0,582.0,582.0,7.0,968109.0,1000000.0,172.0,10.0,194.0,5.0
Play Hard,876.0,DDP,1.01,820.0,855.0,951.0,951.0,9.0,973337.0,1000000.0,194.0,3.0,317.0,6.0
妖隠し -あやかしかくし-,656.0,BSP,1.0,654.0,704.0,783.0,783.0,7.0,959367.0,1000000.0,796.0,40.0,261.0,14.0
Aftermath,1037.0,BSP,1.0,843.0,899.0,999.0,999.0,9.0,964147.0,1000000.0,235.0,13.0,333.0,10.0
Empathetic,534.0,ESP,1.0,1289.0,1344.0,1494.0,1494.0,14.0,972746.0,1000000.0,1918.0,3.0,498.0,11.0
BRILLIANT 2U(Orchestra Groove),5.0,BSP,1.0,417.0,448.0,498.0,498.0,6.0,963520.0,1000000.0,315.0,27.0,166.0,0.0
30 Lives (Up-Up-Down-Dance Mix),275.0,EDP,1.0,629.0,658.0,732.0,732.0,8.0,972433.0,1000000.0,302.0,6.0,244.0,3.0
Bang Pad(Werk Mix),963.0,ESP,1.0,1332.0,1387.0,1542.0,1542.0,13.0,973416.0,1000000.0,1325.0,2.0,514.0,10.0
only my railgun,371.0,DSP,1.0,514.0,558.0,621.0,621.0,6.0,951098.0,1000000.0,524.0,43.0,207.0,29.0
PARANOiA Rebirth,23.0,BSP,1.0,708.0,756.0,840.0,840.0,8.0,965039.0,1000000.0,259.0,16.0,280.0,0.0
dirty digital,348.0,DDP,1.0,505.0,529.0,588.0,588.0,7.0,972212.0,1000000.0,151.0,6.0,196.0,5.0
三毛猫ロック,142.0,BSP,1.0,376.0,399.0,444.0,444.0,5.0,961502.0,1000000.0,169.0,14.0,148.0,20.0
Hella Deep,995.0,ESP,1.0,1243.0,1296.0,1440.0,1440.0,14.0,972386.0,1000000.0,1459.0,3.0,480.0,21.0
BLAKE,1039.0,ESP,1.0,1468.0,1536.0,1707.0,1707.0,14.0,970099.0,1000000.0,1218.0,4.0,569.0,31.0
Poseidon(kors k mix),374.0,DDP,1.0,628.0,666.0,741.0,741.0,9.0,965548.0,1000000.0,268.0,13.0,247.0,12.0
HANDS UP IN THE AIR,688.0,ESP,1.0,935.0,977.0,1086.0,1086.0,13.0,973239.0,1000000.0,1869.0,6.0,362.0,2.0
tokyoEVOLVED (TYPE3),464.0,begSP,1.0,245.0,261.0,291.0,291.0,6.0,964606.0,1000000.0,106.0,13.0,97.0,4.0
Tell me what to do,515.0,CSP,1.0,1314.0,1379.0,1533.0,1533.0,14.0,969086.0,1000000.0,1838.0,7.0,511.0,28.0
Frozen Ray ～for EXTREME～,111.0,DSP,0.99,716.0,761.0,846.0,846.0,9.0,966437.0,1000000.0,347.0,15.0,282.0,5.0
Not Alone,1217.0,DSP,0.99,980.0,1023.0,1137.0,1137.0,13.0,973120.0,1000000.0,532.0,4.0,379.0,5.0
We Will Live Together,1134.0,ESP,0.99,1270.0,1328.0,1476.0,1476.0,14.0,971015.0,1000000.0,751.0,4.0,492.0,21.0
患部で止まってすぐ溶ける～狂気の優曇華院,1069.0,DDP,0.99,1124.0,1177.0,1308.0,1308.0,11.0,970566.0,1000000.0,314.0,4.0,436.0,23.0
STILL IN MY HEART,59.0,DSP,0.99,642.0,688.0,765.0,765.0,8.0,963536.0,1000000.0,366.0,23.0,255.0,0.0
ロストワンの号哭,727.0,BDP,0.99,678.0,723.0,804.0,804.0,6.0,965701.0,1000000.0,436.0,20.0,268.0,1.0
すろぉもぉしょん,823.0,EDP,0.99,921.0,961.0,1068.0,1068.0,12.0,973067.0,1000000.0,636.0,4.0,356.0,11.0
チルノのパーフェクトさんすう教室,761.0,DSP,0.99,947.0,996.0,1107.0,1107.0,10.0,964051.0,1000000.0,1223.0,12.0,369.0,60.0
LEADING CYBER,39.0,ESP,0.99,923.0,969.0,1077.0,1077.0,13.0,971551.0,1000000.0,1538.0,11.0,359.0,0.0
STAY (Organic house Version),130.0,EDP,0.99,528.0,556.0,618.0,618.0,9.0,970859.0,1000000.0,243.0,10.0,206.0,2.0
ミッドナイト☆WAR,895.0,DSP,0.98,1059.0,1109.0,1233.0,1233.0,11.0,970769.0,1000000.0,974.0,6.0,411.0,18.0
地方創生☆チクワクティクス,674.0,BDP,0.98,477.0,507.0,564.0,564.0,7.0,967029.0,1000000.0,308.0,18.0,188.0,2.0
恋のパズルマジック,766.0,DDP,0.98,623.0,653.0,726.0,726.0,9.0,971869.0,1000000.0,321.0,8.0,242.0,3.0
roppongi EVOLVED ver.C,380.0,BSP,0.98,662.0,707.0,786.0,786.0,8.0,961876.0,1000000.0,246.0,16.0,262.0,21.0
murmur twins,187.0,ESP,0.98,852.0,896.0,996.0,996.0,11.0,970040.0,1000000.0,1350.0,14.0,332.0,7.0
逆さま&hearts;シンデレラパレード,934.0,DSP,0.98,760.0,796.0,885.0,885.0,10.0,970500.0,1000000.0,503.0,7.0,295.0,18.0
ラキラキ,527.0,BSP,0.98,638.0,683.0,759.0,759.0,7.0,962627.0,1000000.0,436.0,25.0,253.0,12.0
Sector,1167.0,DSP,0.98,1065.0,1117.0,1242.0,1242.0,12.0,968554.0,1000000.0,540.0,6.0,414.0,34.0
Drive Away,1198.0,DSP,0.98,944.0,980.0,1089.0,1089.0,12.0,975038.0,1000000.0,252.0,2.0,363.0,7.0
Deep tenDon Reflex,1063.0,DSP,0.98,983.0,1034.0,1149.0,1149.0,11.0,969544.0,1000000.0,878.0,10.0,383.0,15.0
ALGORITHM,798.0,ESP,0.98,1131.0,1185.0,1317.0,1317.0,13.0,970800.0,1000000.0,2172.0,8.0,439.0,16.0
Stella Sinistra,567.0,BDP,0.98,546.0,572.0,636.0,636.0,7.0,971943.0,1000000.0,137.0,6.0,212.0,4.0
LOVING YOU (Epidemik remix),295.0,EDP,0.98,815.0,850.0,945.0,945.0,11.0,972554.0,1000000.0,423.0,4.0,315.0,16.0
Go To The Oasis,1153.0,DDP,0.98,1051.0,1093.0,1215.0,1215.0,12.0,973466.0,1000000.0,210.0,2.0,405.0,18.0
Slip Out,312.0,EDP,0.98,519.0,542.0,603.0,603.0,9.0,971393.0,1000000.0,213.0,6.0,201.0,12.0
Back In Your Arms,507.0,DSP,0.98,619.0,658.0,732.0,732.0,8.0,965565.0,1000000.0,242.0,14.0,244.0,8.0
紅焔,489.0,ESP,0.98,1133.0,1185.0,1317.0,1317.0,12.0,971240.0,1000000.0,1665.0,6.0,439.0,19.0
IN THE ZONE,420.0,DDP,0.98,545.0,569.0,633.0,633.0,8.0,970237.0,1000000.0,145.0,5.0,211.0,19.0
Stay 4 Ever,903.0,EDP,0.98,797.0,826.0,918.0,918.0,11.0,974744.0,1000000.0,477.0,2.0,306.0,17.0
Emera,743.0,DSP,0.98,827.0,869.0,966.0,966.0,11.0,969395.0,1000000.0,1577.0,14.0,322.0,17.0
Starlight Fantasia,624.0,DSP,0.97,993.0,1039.0,1155.0,1155.0,11.0,969814.0,1000000.0,749.0,6.0,385.0,30.0
不沈艦CANDY,403.0,BDP,0.97,565.0,602.0,669.0,669.0,5.0,963436.0,1000000.0,268.0,18.0,223.0,15.0
I'm so Happy,359.0,BSP,0.97,497.0,537.0,597.0,597.0,6.0,957158.0,1000000.0,494.0,41.0,199.0,15.0
アユミ☆マジカルショータイム,1067.0,EDP,0.97,1190.0,1244.0,1383.0,1383.0,13.0,971399.0,1000000.0,545.0,4.0,461.0,18.0
セツナトリップ,595.0,begSP,0.97,257.0,278.0,309.0,309.0,1.0,958967.0,1000000.0,558.0,66.0,103.0,2.0
IRON HEART,902.0,ESP,0.97,1042.0,1093.0,1215.0,1215.0,14.0,971472.0,1000000.0,1708.0,10.0,405.0,1.0
Break Free,710.0,DSP,0.97,772.0,810.0,900.0,900.0,9.0,967312.0,1000000.0,475.0,9.0,300.0,36.0
Diamond Dust,408.0,CSP,0.97,849.0,893.0,993.0,993.0,13.0,963615.0,1000000.0,1503.0,15.0,331.0,57.0
Anti-Matter,341.0,begSP,0.97,476.0,513.0,570.0,570.0,6.0,961877.0,1000000.0,379.0,34.0,190.0,0.0
DOUBLE TORNARD,1082.0,ESP,0.97,1479.0,1539.0,1710.0,1710.0,15.0,971970.0,1000000.0,969.0,2.0,570.0,38.0
び,926.0,begSP,0.97,460.0,496.0,552.0,552.0,5.0,957733.0,1000000.0,325.0,30.0,184.0,14.0
Abyss,49.0,ESP,0.97,795.0,834.0,927.0,927.0,10.0,971969.0,1000000.0,1491.0,13.0,309.0,0.0
south,496.0,DDP,0.97,585.0,612.0,681.0,681.0,8.0,970560.0,1000000.0,228.0,6.0,227.0,16.0
GRADIUSIC CYBER ～AMD G5 MIX～,19.0,BSP,0.97,665.0,715.0,795.0,795.0,8.0,962253.0,1000000.0,240.0,20.0,265.0,0.0
ちくわパフェだよ☆ＣＫＰ,561.0,begSP,0.97,327.0,359.0,399.0,399.0,4.0,954432.0,1000000.0,214.0,35.0,133.0,0.0
CyberConnect,921.0,ESP,0.97,1392.0,1447.0,1608.0,1608.0,15.0,972333.0,1000000.0,1618.0,2.0,536.0,36.0
Dance Phenomena,1055.0,EDP,0.97,1004.0,1042.0,1158.0,1158.0,12.0,974680.0,1000000.0,415.0,2.0,386.0,12.0
CAN'T STOP FALLIN' IN LOVE ～SPEED MIX～,52.0,DSP,0.97,815.0,866.0,963.0,963.0,9.0,966875.0,1000000.0,565.0,19.0,321.0,0.0
Anthurium,1054.0,DDP,0.96,750.0,785.0,873.0,873.0,10.0,972214.0,1000000.0,316.0,6.0,291.0,5.0
SKY HIGH (20th Anniversary Mix),863.0,EDP,0.96,813.0,845.0,939.0,939.0,12.0,974677.0,1000000.0,434.0,3.0,313.0,9.0
on the bounce,299.0,ESP,0.96,1123.0,1177.0,1308.0,1308.0,14.0,971023.0,1000000.0,2269.0,9.0,436.0,13.0
someday...,391.0,EDP,0.96,862.0,901.0,1002.0,1002.0,10.0,971207.0,1000000.0,445.0,5.0,334.0,20.0
CAN'T STOP FALLIN' IN LOVE ～SPEED MIX～,52.0,ESP,0.96,1142.0,1196.0,1329.0,1329.0,12.0,972282.0,1000000.0,1952.0,8.0,443.0,0.0
PANIC HOLIC,956.0,BSP,0.96,767.0,810.0,900.0,900.0,9.0,968470.0,1000000.0,433.0,13.0,300.0,10.0
Sakura Mirage,664.0,BSP,0.96,651.0,693.0,771.0,771.0,7.0,964126.0,1000000.0,475.0,22.0,257.0,12.0
愛言葉,821.0,DDP,0.96,682.0,715.0,795.0,795.0,8.0,971086.0,1000000.0,379.0,8.0,265.0,10.0
Top The Charts,519.0,EDP,0.96,847.0,880.0,978.0,978.0,12.0,973036.0,1000000.0,515.0,3.0,326.0,24.0
She is my wife,386.0,begSP,0.96,170.0,189.0,210.0,210.0,3.0,947768.0,1000000.0,162.0,39.0,70.0,0.0
SODA GALAXY,843.0,EDP,0.96,1086.0,1128.0,1254.0,1254.0,12.0,973943.0,1000000.0,622.0,2.0,418.0,18.0
Pierce The Sky,372.0,BDP,0.96,747.0,788.0,876.0,876.0,8.0,967331.0,1000000.0,327.0,11.0,292.0,19.0
Start a New Day,746.0,BSP,0.96,571.0,621.0,690.0,690.0,6.0,955466.0,1000000.0,505.0,47.0,230.0,11.0
ヤマトなでなで&#9825;かぐや姫,573.0,DSP,0.96,640.0,683.0,759.0,759.0,8.0,962989.0,1000000.0,583.0,28.0,253.0,17.0
ライアーダンス,856.0,DSP,0.96,827.0,869.0,966.0,966.0,9.0,969482.0,1000000.0,422.0,9.0,322.0,15.0
Leaving&hellip;,365.0,DSP,0.96,623.0,669.0,744.0,744.0,8.0,961340.0,1000000.0,280.0,22.0,248.0,9.0
ノルエピネフリン,953.0,DSP,0.96,1029.0,1071.0,1191.0,1191.0,11.0,972579.0,1000000.0,613.0,3.0,397.0,22.0
Synergy For Angels,533.0,DSP,0.96,1048.0,1104.0,1227.0,1227.0,10.0,968042.0,1000000.0,719.0,11.0,409.0,22.0
突撃！ガラスのニーソ姫！,659.0,BDP,0.96,681.0,718.0,798.0,798.0,7.0,965539.0,1000000.0,362.0,12.0,266.0,32.0
Ah La La La,508.0,ESP,0.96,848.0,888.0,987.0,987.0,12.0,971566.0,1000000.0,1119.0,10.0,329.0,8.0
Boom Boom Dollar (Red Monster Mix),474.0,BDP,0.95,299.0,318.0,354.0,354.0,5.0,964085.0,1000000.0,51.0,8.0,118.0,0.0
Jewelry days,779.0,DDP,0.95,723.0,753.0,837.0,837.0,9.0,973654.0,1000000.0,242.0,4.0,279.0,9.0
LEADING CYBER,39.0,DSP,0.95,662.0,696.0,774.0,774.0,9.0,971373.0,1000000.0,291.0,9.0,258.0,0.0
PUT YOUR FAITH IN ME,11.0,EDP,0.95,436.0,459.0,510.0,510.0,8.0,971683.0,1000000.0,408.0,16.0,170.0,0.0
IF YOU WERE HERE (L.E.D.-G STYLE REMIX),358.0,ESP,0.95,1178.0,1231.0,1368.0,1368.0,13.0,971224.0,1000000.0,439.0,4.0,456.0,25.0
Emera,743.0,BDP,0.95,521.0,548.0,609.0,609.0,7.0,969268.0,1000000.0,507.0,15.0,203.0,13.0
チルノのパーフェクトさんすう教室 (EDM REMIX),676.0,BSP,0.95,349.0,375.0,417.0,417.0,4.0,963020.0,1000000.0,326.0,33.0,139.0,1.0
Grand Chariot,738.0,BDP,0.95,611.0,642.0,714.0,714.0,7.0,967311.0,1000000.0,875.0,16.0,238.0,25.0
NEPHILIM DELTA,449.0,BDP,0.95,731.0,772.0,858.0,858.0,8.0,968887.0,1000000.0,208.0,10.0,286.0,4.0
dirty digital,348.0,DSP,0.95,497.0,531.0,591.0,591.0,7.0,963748.0,1000000.0,193.0,17.0,197.0,5.0
Electro Tuned ( the SubS Mix ),55.0,ESP,0.95,903.0,942.0,1047.0,1047.0,12.0,974030.0,1000000.0,1261.0,6.0,349.0,0.0
ロストワンの号哭,727.0,CSP,0.95,1908.0,1992.0,2214.0,2214.0,15.0,969357.0,1000000.0,2175.0,3.0,738.0,61.0
GENOM SCREAMS,7.0,DSP,0.95,519.0,553.0,615.0,615.0,8.0,965787.0,1000000.0,339.0,23.0,205.0,0.0
PARANOiA (kskst mix),487.0,BSP,0.95,861.0,912.0,1014.0,1014.0,9.0,965567.0,1000000.0,630.0,17.0,338.0,23.0
Trigger,326.0,begSP,0.95,267.0,283.0,315.0,315.0,5.0,968870.0,1000000.0,177.0,17.0,105.0,0.0
Blue Rain,279.0,DSP,0.94,531.0,567.0,630.0,630.0,6.0,962068.0,1000000.0,376.0,26.0,210.0,17.0
星屑のキロク,574.0,ESP,0.94,1031.0,1082.0,1203.0,1203.0,11.0,967146.0,1000000.0,1280.0,10.0,401.0,46.0
Your Angel,400.0,DDP,0.94,628.0,658.0,732.0,732.0,7.0,971655.0,1000000.0,151.0,6.0,244.0,5.0
WILD SIDE,499.0,CSP,0.94,1182.0,1239.0,1377.0,1377.0,13.0,968548.0,1000000.0,1556.0,9.0,459.0,39.0
TSUGARU (APPLE MIX),94.0,CSP,0.94,933.0,969.0,1077.0,1077.0,11.0,975109.0,1000000.0,1188.0,3.0,359.0,6.0
HEART BEAT FORMULA (Vinyl Mix),645.0,ESP,0.94,1024.0,1066.0,1185.0,1185.0,13.0,973904.0,1000000.0,1390.0,4.0,395.0,8.0
Trill auf G,888.0,BDP,0.94,762.0,801.0,891.0,891.0,8.0,968073.0,1000000.0,254.0,8.0,297.0,23.0
"Blind Justice ～Torn souls, Hurt Faiths ～",230.0,ESP,0.94,1028.0,1077.0,1197.0,1197.0,12.0,969792.0,1000000.0,1973.0,11.0,399.0,25.0
jane jana,118.0,DSP,0.94,454.0,480.0,534.0,534.0,7.0,968841.0,1000000.0,204.0,14.0,178.0,0.0
GRADIUSIC CYBER ～AMD G5 MIX～,19.0,DSP,0.94,796.0,837.0,930.0,930.0,10.0,971470.0,1000000.0,423.0,10.0,310.0,0.0
Secret Rendez-vous,87.0,EDP,0.94,685.0,712.0,792.0,792.0,12.0,974079.0,1000000.0,338.0,4.0,264.0,8.0
Happy,711.0,DDP,0.94,566.0,596.0,663.0,663.0,8.0,969986.0,1000000.0,494.0,16.0,221.0,2.0
エキサイティング！！も・ちゃ・ちゃ☆,753.0,BSP,0.94,675.0,710.0,789.0,789.0,8.0,968761.0,1000000.0,512.0,13.0,263.0,18.0
イノセントバイブル,974.0,DSP,0.94,529.0,558.0,621.0,621.0,7.0,967309.0,1000000.0,379.0,15.0,207.0,14.0
SMASH,1201.0,DSP,0.94,1184.0,1225.0,1362.0,1362.0,12.0,975648.0,1000000.0,331.0,1.0,454.0,13.0
Gamelan de Couple,112.0,ESP,0.94,769.0,804.0,894.0,894.0,12.0,973364.0,1000000.0,1544.0,10.0,298.0,0.0
Hillbilly Shoes,712.0,DSP,0.94,556.0,585.0,651.0,651.0,8.0,970327.0,1000000.0,330.0,12.0,217.0,3.0
I Want To Do This Keep,949.0,ESP,0.93,1284.0,1336.0,1485.0,1485.0,15.0,972170.0,1000000.0,1795.0,3.0,495.0,33.0
Twinkle Wonderland,982.0,ESP,0.93,980.0,1023.0,1137.0,1137.0,13.0,969468.0,1000000.0,1038.0,6.0,379.0,44.0
Wake Me Up,716.0,BSP,0.93,395.0,421.0,468.0,468.0,5.0,965808.0,1000000.0,274.0,23.0,156.0,4.0
アルストロメリア (walk with you remix),456.0,BDP,0.93,567.0,604.0,672.0,672.0,6.0,962591.0,1000000.0,439.0,25.0,224.0,18.0
ホメ猫☆センセーション,655.0,DSP,0.93,930.0,980.0,1089.0,1089.0,10.0,969904.0,1000000.0,1060.0,16.0,363.0,4.0
Seasons,425.0,ESP,0.93,967.0,1017.0,1131.0,1131.0,12.0,965710.0,1000000.0,1032.0,13.0,377.0,46.0
Smiling Passion,801.0,DDP,0.93,776.0,810.0,900.0,900.0,10.0,973210.0,1000000.0,267.0,5.0,300.0,9.0
I Want You To Know,713.0,begSP,0.93,269.0,297.0,330.0,330.0,1.0,946106.0,1000000.0,223.0,43.0,110.0,11.0
neko＊neko,670.0,BSP,0.93,386.0,413.0,459.0,459.0,5.0,961911.0,1000000.0,261.0,27.0,153.0,9.0
bass 2 bass,695.0,ESP,0.93,964.0,1009.0,1122.0,1122.0,12.0,972427.0,1000000.0,2389.0,11.0,374.0,1.0
dreaming can make a wish come true,418.0,ESP,0.93,863.0,907.0,1008.0,1008.0,11.0,970017.0,1000000.0,1080.0,15.0,336.0,10.0
CURUS,156.0,DDP,0.93,466.0,494.0,549.0,549.0,5.0,965425.0,1000000.0,192.0,15.0,183.0,14.0
凛として咲く花の如く,335.0,BSP,0.93,517.0,553.0,615.0,615.0,6.0,961337.0,1000000.0,494.0,33.0,205.0,16.0
色は匂へど散りぬるを,702.0,BSP,0.92,521.0,556.0,618.0,618.0,5.0,964540.0,1000000.0,796.0,44.0,206.0,4.0
Evans,994.0,BDP,0.92,751.0,783.0,870.0,870.0,10.0,973726.0,1000000.0,453.0,6.0,290.0,6.0
TYPH&Oslash;N,1041.0,BDP,0.92,934.0,974.0,1083.0,1083.0,10.0,972210.0,1000000.0,334.0,4.0,361.0,20.0
Healing Vision ～Angelic mix～,63.0,BSP,0.92,688.0,737.0,819.0,819.0,7.0,964199.0,1000000.0,435.0,28.0,273.0,0.0
イノセントバイブル,974.0,BSP,0.92,309.0,334.0,372.0,372.0,4.0,955535.0,1000000.0,242.0,32.0,124.0,12.0
THE REASON,521.0,DDP,0.92,459.0,480.0,534.0,534.0,7.0,970713.0,1000000.0,141.0,7.0,178.0,12.0
INTO YOUR HEART (Ruffage remix),293.0,DSP,0.92,570.0,607.0,675.0,675.0,8.0,964928.0,1000000.0,343.0,22.0,225.0,8.0
おねがいダーリン,795.0,EDP,0.92,1151.0,1201.0,1335.0,1335.0,11.0,972173.0,1000000.0,1016.0,5.0,445.0,18.0
Freeze,352.0,DSP,0.92,595.0,637.0,708.0,708.0,8.0,956039.0,1000000.0,231.0,20.0,236.0,42.0
MAKE IT BETTER (So-REAL Mix),476.0,CSP,0.92,714.0,745.0,828.0,828.0,12.0,968746.0,1000000.0,944.0,9.0,276.0,39.0
CANDY&#9825;,74.0,DSP,0.92,614.0,664.0,738.0,738.0,7.0,957299.0,1000000.0,532.0,44.0,246.0,16.0
Sweet Clock,1026.0,EDP,0.92,1252.0,1304.0,1449.0,1449.0,12.0,972998.0,1000000.0,311.0,3.0,483.0,16.0
&dagger;渚の小悪魔ラヴリィ～レイディオ&dagger;,557.0,CSP,0.92,855.0,899.0,999.0,999.0,9.0,957785.0,1000000.0,1764.0,19.0,333.0,99.0
Theory of Eternity,393.0,DSP,0.92,824.0,880.0,978.0,978.0,9.0,964090.0,1000000.0,684.0,30.0,326.0,9.0
ラクガキスト,596.0,BSP,0.92,813.0,880.0,978.0,978.0,7.0,959368.0,1000000.0,445.0,35.0,326.0,2.0
Special One,721.0,DSP,0.92,464.0,491.0,546.0,546.0,8.0,967491.0,1000000.0,452.0,24.0,182.0,6.0
FUJIMORI -祭- FESTIVAL,610.0,ESP,0.91,1032.0,1082.0,1203.0,1203.0,12.0,970819.0,1000000.0,1642.0,12.0,401.0,10.0
ハッピーシンセサイザ,704.0,BDP,0.91,333.0,353.0,393.0,393.0,5.0,966443.0,1000000.0,420.0,29.0,131.0,5.0
Glitch Angel,909.0,BSP,0.91,622.0,656.0,729.0,729.0,8.0,965495.0,1000000.0,399.0,16.0,243.0,28.0
dreaming can make a wish come true,418.0,DDP,0.91,653.0,683.0,759.0,759.0,8.0,969772.0,1000000.0,214.0,7.0,253.0,24.0
BRILLIANT 2U,4.0,BDP,0.91,424.0,445.0,495.0,495.0,6.0,971833.0,1000000.0,313.0,14.0,165.0,0.0
晴天Bon Voyage,528.0,ESP,0.91,1106.0,1150.0,1278.0,1278.0,12.0,969293.0,1000000.0,1538.0,4.0,426.0,65.0
TSUBASA,669.0,DDP,0.91,729.0,764.0,849.0,849.0,9.0,971589.0,1000000.0,248.0,8.0,283.0,6.0
MAXX UNLIMITED,84.0,begSP,0.91,240.0,253.0,282.0,282.0,5.0,970561.0,1000000.0,191.0,16.0,94.0,0.0
Quick Master,194.0,ESP,0.91,738.0,766.0,852.0,852.0,11.0,974720.0,1000000.0,1175.0,4.0,284.0,11.0
SOUL CRASH,259.0,ESP,0.91,1031.0,1077.0,1197.0,1197.0,13.0,972479.0,1000000.0,1470.0,8.0,399.0,9.0
MAX 300,65.0,begSP,0.91,214.0,229.0,255.0,255.0,5.0,964073.0,1000000.0,383.0,46.0,85.0,0.0
ミッドナイト☆WAR,895.0,BSP,0.91,640.0,675.0,750.0,750.0,7.0,968662.0,1000000.0,451.0,17.0,250.0,10.0
TYPH&Oslash;N,1041.0,BSP,0.91,934.0,972.0,1080.0,1080.0,10.0,972780.0,1000000.0,908.0,5.0,360.0,22.0
HEART BEAT FORMULA,448.0,ESP,0.91,1207.0,1260.0,1401.0,1401.0,13.0,972469.0,1000000.0,1754.0,6.0,467.0,10.0
Go&darr;Go&uarr;Girls&amp;Boys!,627.0,DDP,0.91,780.0,818.0,909.0,909.0,8.0,970255.0,1000000.0,331.0,9.0,303.0,15.0
Summer Fairytale,517.0,CSP,0.91,1139.0,1185.0,1317.0,1317.0,14.0,973306.0,1000000.0,1725.0,4.0,439.0,19.0
HyperTwist,938.0,ESP,0.91,1468.0,1547.0,1719.0,1719.0,15.0,968712.0,1000000.0,1929.0,15.0,573.0,11.0
天空の華,665.0,BDP,0.91,461.0,483.0,537.0,537.0,7.0,970741.0,1000000.0,402.0,14.0,179.0,9.0
天上の星～黎明記～,452.0,DSP,0.91,628.0,666.0,741.0,741.0,8.0,965509.0,1000000.0,459.0,21.0,247.0,14.0
BRILLIANT 2U (AKBK MIX),486.0,DSP,0.91,1039.0,1093.0,1215.0,1215.0,11.0,969522.0,1000000.0,1165.0,14.0,405.0,13.0
Dancer in the flare,724.0,BDP,0.91,378.0,402.0,447.0,447.0,6.0,965878.0,1000000.0,356.0,28.0,149.0,5.0
.59,27.0,ESP,0.91,712.0,742.0,825.0,825.0,11.0,974724.0,1000000.0,1360.0,8.0,275.0,0.0
HANDS UP IN THE AIR,688.0,DSP,0.91,626.0,661.0,735.0,735.0,9.0,969442.0,1000000.0,596.0,20.0,245.0,2.0
WILD RUSH(FROM NONSTOP MEGAMIX),95.0,CDP,0.91,641.0,666.0,741.0,741.0,10.0,973101.0,1000000.0,307.0,4.0,247.0,18.0
THE ANCIENT KING IS BACK,1126.0,DSP,0.9,1204.0,1252.0,1392.0,1392.0,11.0,972246.0,1000000.0,574.0,3.0,464.0,31.0
逆さま&hearts;シンデレラパレード,934.0,BDP,0.9,465.0,488.0,543.0,543.0,6.0,969686.0,1000000.0,174.0,10.0,181.0,9.0
We're so Happy,991.0,BDP,0.9,920.0,961.0,1068.0,1068.0,9.0,972004.0,1000000.0,391.0,6.0,356.0,15.0
スカイクラッドの観測者,1002.0,DDP,0.9,795.0,831.0,924.0,924.0,9.0,970605.0,1000000.0,345.0,7.0,308.0,21.0
Alone,870.0,DSP,0.9,682.0,723.0,804.0,804.0,9.0,967688.0,1000000.0,537.0,22.0,268.0,3.0
ウソツキ横丁は雨模様,975.0,DSP,0.9,753.0,788.0,876.0,876.0,8.0,971012.0,1000000.0,346.0,8.0,292.0,15.0
滅亡天使 &dagger; にこきゅっぴん,643.0,begSP,0.9,441.0,486.0,540.0,540.0,4.0,951360.0,1000000.0,173.0,31.0,180.0,1.0
Debug Dance,1141.0,ESP,0.9,1574.0,1630.0,1812.0,1812.0,15.0,974935.0,1000000.0,925.0,1.0,604.0,17.0
Easy Peasy,1137.0,DDP,0.9,803.0,834.0,927.0,927.0,10.0,974132.0,1000000.0,177.0,3.0,309.0,15.0
Ska Ska No.3,203.0,DDP,0.9,436.0,453.0,504.0,504.0,8.0,975453.0,1000000.0,138.0,5.0,168.0,0.0
D2R,76.0,DSP,0.9,672.0,715.0,795.0,795.0,7.0,961573.0,1000000.0,341.0,21.0,265.0,29.0
ありふれたせかいせいふく,822.0,BDP,0.9,522.0,548.0,609.0,609.0,7.0,971430.0,1000000.0,309.0,12.0,203.0,6.0
tokyoEVOLVED (TYPE1),462.0,begSP,0.9,317.0,334.0,372.0,372.0,6.0,969855.0,1000000.0,130.0,12.0,124.0,1.0
おーまい！らぶりー！すうぃーてぃ！だーりん！,892.0,ESP,0.9,1536.0,1601.0,1779.0,1779.0,15.0,972779.0,1000000.0,1978.0,4.0,593.0,15.0
漆黒のスペシャルプリンセスサンデー,673.0,ESP,0.9,1249.0,1304.0,1449.0,1449.0,13.0,971692.0,1000000.0,1824.0,7.0,483.0,21.0
sola,546.0,ESP,0.9,1112.0,1158.0,1287.0,1287.0,12.0,973091.0,1000000.0,1305.0,5.0,429.0,16.0
スーパー戦湯ババンバーン,1021.0,BSP,0.9,738.0,780.0,867.0,867.0,7.0,966914.0,1000000.0,264.0,13.0,289.0,17.0
ドキドキ☆流星トラップガール!!,600.0,ESP,0.9,1353.0,1406.0,1563.0,1563.0,14.0,973703.0,1000000.0,1903.0,3.0,521.0,15.0
BE LOVIN,105.0,DSP,0.9,590.0,629.0,699.0,699.0,9.0,965251.0,1000000.0,473.0,30.0,233.0,4.0
チョコレートスマイル,657.0,BDP,0.9,439.0,467.0,519.0,519.0,6.0,966416.0,1000000.0,339.0,27.0,173.0,2.0
Together Going My Way,932.0,EDP,0.9,973.0,1007.0,1119.0,1119.0,13.0,974423.0,1000000.0,560.0,2.0,373.0,27.0
クリムゾンゲイト,629.0,BSP,0.9,564.0,607.0,675.0,675.0,7.0,959100.0,1000000.0,241.0,25.0,225.0,14.0
Starlight Fantasia (Endorphins Mix),647.0,BSP,0.9,739.0,777.0,864.0,864.0,8.0,967290.0,1000000.0,272.0,10.0,288.0,28.0
Let Me Know,1121.0,ESP,0.89,1422.0,1476.0,1641.0,1641.0,15.0,974375.0,1000000.0,1025.0,2.0,547.0,11.0
Cosmic Hurricane,490.0,DSP,0.89,875.0,928.0,1032.0,1032.0,9.0,964663.0,1000000.0,627.0,22.0,344.0,22.0
Tohoku EVOLVED,471.0,begSP,0.89,572.0,618.0,687.0,687.0,6.0,960643.0,1000000.0,354.0,35.0,229.0,1.0
華爛漫 -Flowers-,220.0,BDP,0.89,464.0,499.0,555.0,555.0,4.0,961768.0,1000000.0,401.0,39.0,185.0,1.0
Rejoin,807.0,DSP,0.89,973.0,1017.0,1131.0,1131.0,10.0,969249.0,1000000.0,1389.0,9.0,377.0,39.0
aftershock!!,339.0,DDP,0.89,890.0,936.0,1041.0,1041.0,9.0,965593.0,1000000.0,262.0,9.0,347.0,43.0
roppongi EVOLVED ver.C,380.0,BDP,0.89,679.0,712.0,792.0,792.0,8.0,968870.0,1000000.0,206.0,8.0,264.0,22.0
めうめうぺったんたん！！,495.0,BSP,0.89,543.0,588.0,654.0,654.0,6.0,957495.0,1000000.0,441.0,45.0,218.0,7.0
Beautiful Dream,500.0,DSP,0.89,796.0,842.0,936.0,936.0,9.0,966217.0,1000000.0,855.0,24.0,312.0,21.0
INSIDE YOUR HEART,173.0,EDP,0.89,635.0,664.0,738.0,738.0,9.0,973079.0,1000000.0,286.0,8.0,246.0,4.0
ランカーキラーガール,904.0,BDP,0.89,636.0,666.0,741.0,741.0,8.0,971368.0,1000000.0,319.0,9.0,247.0,9.0
You gotta move it (feat. Julie Rugaard),215.0,EDP,0.89,711.0,739.0,822.0,822.0,10.0,973374.0,1000000.0,286.0,4.0,274.0,17.0
セツナトリップ,595.0,BDP,0.89,389.0,413.0,459.0,459.0,4.0,966351.0,1000000.0,337.0,27.0,153.0,6.0
十二星座の聖域,685.0,DSP,0.89,885.0,934.0,1038.0,1038.0,10.0,967329.0,1000000.0,1073.0,23.0,346.0,19.0
Amalgamation,429.0,BDP,0.89,680.0,710.0,789.0,789.0,7.0,972017.0,1000000.0,277.0,7.0,263.0,15.0
TRIP MACHINE,2.0,BSP,0.89,482.0,515.0,573.0,573.0,8.0,965221.0,1000000.0,444.0,33.0,191.0,0.0
チルノのパーフェクトさんすう教室,761.0,ESP,0.89,1130.0,1185.0,1317.0,1317.0,13.0,969305.0,1000000.0,2239.0,14.0,439.0,30.0
LEVEL UP,866.0,ESP,0.89,1058.0,1107.0,1230.0,1230.0,13.0,971447.0,1000000.0,1704.0,11.0,410.0,16.0
Get Your Wish,1108.0,DSP,0.89,678.0,707.0,786.0,786.0,9.0,971170.0,1000000.0,227.0,6.0,262.0,22.0
TOMORROW,208.0,EDP,0.89,769.0,799.0,888.0,888.0,11.0,974477.0,1000000.0,309.0,4.0,296.0,11.0
御伽噺に幕切れを,933.0,ESP,0.89,1173.0,1220.0,1356.0,1356.0,13.0,972872.0,1000000.0,1409.0,4.0,452.0,26.0
セツナトリップ,595.0,BSP,0.88,402.0,432.0,480.0,480.0,4.0,961267.0,1000000.0,462.0,46.0,160.0,7.0
Dragon Blade,158.0,begSP,0.88,401.0,437.0,486.0,486.0,5.0,956729.0,1000000.0,116.0,21.0,162.0,0.0
Love You More,792.0,BSP,0.88,797.0,842.0,936.0,936.0,9.0,968580.0,1000000.0,676.0,21.0,312.0,4.0
Electro Tuned ( the SubS Mix ),55.0,BSP,0.88,453.0,483.0,537.0,537.0,6.0,965862.0,1000000.0,166.0,18.0,179.0,0.0
十二星座の聖域,685.0,ESP,0.88,1211.0,1266.0,1407.0,1407.0,13.0,971329.0,1000000.0,2171.0,9.0,469.0,21.0
INTO YOUR HEART (Ruffage remix),293.0,DDP,0.88,554.0,577.0,642.0,642.0,8.0,973432.0,1000000.0,235.0,6.0,214.0,8.0
TECH-NOID,707.0,ESP,0.88,1007.0,1058.0,1176.0,1176.0,12.0,969712.0,1000000.0,2021.0,19.0,392.0,15.0
MAX LOVE,367.0,CSP,0.88,1414.0,1485.0,1650.0,1650.0,13.0,970650.0,1000000.0,1955.0,13.0,550.0,3.0
Time Of Our Lives,715.0,begSP,0.88,168.0,186.0,207.0,207.0,2.0,944297.0,1000000.0,164.0,40.0,69.0,6.0
First Time,820.0,BSP,0.88,469.0,494.0,549.0,549.0,7.0,969249.0,1000000.0,333.0,17.0,183.0,10.0
Love&#9825;Shine わんだふるmix,811.0,DDP,0.88,762.0,791.0,879.0,879.0,8.0,974253.0,1000000.0,289.0,4.0,293.0,14.0
Dummy,350.0,DDP,0.88,575.0,602.0,669.0,669.0,7.0,973087.0,1000000.0,181.0,8.0,223.0,1.0
BRILLIANT 2U,4.0,ESP,0.88,570.0,607.0,675.0,675.0,10.0,966495.0,1000000.0,1712.0,65.0,225.0,0.0
Far east nightbird,735.0,ESP,0.88,1151.0,1209.0,1344.0,1344.0,12.0,970490.0,1000000.0,2326.0,17.0,448.0,7.0
風鈴花火,804.0,BDP,0.88,528.0,558.0,621.0,621.0,5.0,968095.0,1000000.0,674.0,27.0,207.0,6.0
熱情のサパデアード,847.0,ESP,0.88,1148.0,1188.0,1320.0,1320.0,13.0,973629.0,1000000.0,1619.0,2.0,440.0,40.0
Crazy Shuffle,885.0,BDP,0.87,544.0,580.0,645.0,645.0,5.0,960819.0,1000000.0,240.0,21.0,215.0,24.0
LOVE IS ORANGE,178.0,DDP,0.87,636.0,664.0,738.0,738.0,8.0,969963.0,1000000.0,220.0,7.0,246.0,27.0
The History of the Future,905.0,BDP,0.87,669.0,696.0,774.0,774.0,9.0,973812.0,1000000.0,276.0,5.0,258.0,11.0
隅田川夏恋歌,428.0,DSP,0.87,921.0,974.0,1083.0,1083.0,10.0,968127.0,1000000.0,1444.0,29.0,361.0,5.0
IN BETWEEN,789.0,BDP,0.87,551.0,583.0,648.0,648.0,7.0,965527.0,1000000.0,483.0,24.0,216.0,20.0
Trust -DanceDanceRevolution mix-,267.0,DSP,0.87,589.0,623.0,693.0,693.0,8.0,966371.0,1000000.0,281.0,17.0,231.0,13.0
ZEPHYRANTHES,741.0,DSP,0.87,1146.0,1198.0,1332.0,1332.0,12.0,971051.0,1000000.0,2074.0,10.0,444.0,22.0
Crazy Shuffle,885.0,ESP,0.87,1144.0,1188.0,1320.0,1320.0,13.0,973707.0,1000000.0,1824.0,4.0,440.0,23.0
ALGORITHM,798.0,BSP,0.87,536.0,567.0,630.0,630.0,7.0,967428.0,1000000.0,548.0,28.0,210.0,9.0
Take A Step Forward,417.0,DSP,0.87,634.0,666.0,741.0,741.0,9.0,966961.0,1000000.0,610.0,16.0,247.0,29.0
BABY BABY GIMME YOUR LOVE,29.0,EDP,0.87,449.0,475.0,528.0,528.0,8.0,969168.0,1000000.0,342.0,23.0,176.0,0.0
MOVE! (We Keep It Movin'),1019.0,DSP,0.87,931.0,972.0,1080.0,1080.0,10.0,970810.0,1000000.0,524.0,7.0,360.0,31.0
MITOれて！いばらきっしゅだ～りん,590.0,ESP,0.87,1128.0,1177.0,1308.0,1308.0,13.0,972675.0,1000000.0,1118.0,7.0,436.0,13.0
Crazy Hot,928.0,DDP,0.87,933.0,974.0,1083.0,1083.0,10.0,971150.0,1000000.0,346.0,6.0,361.0,24.0
SOUL CRASH,259.0,DSP,0.87,765.0,807.0,897.0,897.0,9.0,969070.0,1000000.0,266.0,13.0,299.0,5.0
Sector,1167.0,BDP,0.87,611.0,637.0,708.0,708.0,8.0,972148.0,1000000.0,169.0,6.0,236.0,16.0
REVOLUTIONARY ADDICT,481.0,BSP,0.87,602.0,645.0,717.0,717.0,7.0,960928.0,1000000.0,243.0,23.0,239.0,18.0
Desert Journey,523.0,DSP,0.87,595.0,629.0,699.0,699.0,8.0,967805.0,1000000.0,327.0,19.0,233.0,8.0
Dream Machine,287.0,ESP,0.86,816.0,850.0,945.0,945.0,11.0,973365.0,1000000.0,938.0,8.0,315.0,10.0
New Gravity,497.0,DSP,0.86,770.0,815.0,906.0,906.0,9.0,968663.0,1000000.0,536.0,21.0,302.0,1.0
Romancing Layer,584.0,ESP,0.86,1165.0,1228.0,1365.0,1365.0,14.0,968051.0,1000000.0,2431.0,26.0,455.0,18.0
Qwerty,1075.0,ESP,0.86,1378.0,1428.0,1587.0,1587.0,14.0,974386.0,1000000.0,1033.0,2.0,529.0,23.0
どきドキ バレンタイン,910.0,DDP,0.86,957.0,999.0,1110.0,1110.0,9.0,969327.0,1000000.0,226.0,5.0,370.0,47.0
The Least 100sec,134.0,begSP,0.86,256.0,272.0,303.0,303.0,5.0,966626.0,1000000.0,112.0,16.0,101.0,0.0
DROP OUT(FROM NONSTOP MEGAMIX),79.0,CSP,0.86,737.0,769.0,855.0,855.0,12.0,973642.0,1000000.0,1482.0,12.0,285.0,4.0
Electro Tuned ( the SubS Mix ),55.0,DSP,0.86,687.0,723.0,804.0,804.0,9.0,971015.0,1000000.0,242.0,11.0,268.0,0.0
Mermaid girl,431.0,begSP,0.86,255.0,278.0,309.0,309.0,1.0,956022.0,1000000.0,440.0,69.0,103.0,4.0
Cytokinesis,729.0,begSP,0.86,307.0,326.0,363.0,363.0,4.0,963406.0,1000000.0,196.0,21.0,121.0,12.0
Rejoin,807.0,BDP,0.86,657.0,685.0,762.0,762.0,7.0,970566.0,1000000.0,572.0,9.0,254.0,25.0
Six String Proof,890.0,DSP,0.86,889.0,923.0,1026.0,1026.0,11.0,974490.0,1000000.0,727.0,4.0,342.0,15.0
escape,524.0,DDP,0.86,579.0,604.0,672.0,672.0,8.0,973013.0,1000000.0,194.0,7.0,224.0,5.0
STULTI,529.0,begSP,0.86,337.0,361.0,402.0,402.0,4.0,955867.0,1000000.0,131.0,19.0,134.0,22.0
LOVE AGAIN TONIGHT～For Melissa MIX～,40.0,EDP,0.86,728.0,758.0,843.0,843.0,10.0,974908.0,1000000.0,432.0,6.0,281.0,0.0
SEXY PLANET,44.0,ESP,0.86,676.0,707.0,786.0,786.0,11.0,973322.0,1000000.0,1219.0,16.0,262.0,0.0
Dance Partay,622.0,ESP,0.86,782.0,815.0,906.0,906.0,11.0,973603.0,1000000.0,742.0,8.0,302.0,8.0
Beautiful Inside (Cube::Hard Mix),278.0,EDP,0.86,702.0,739.0,822.0,822.0,11.0,968485.0,1000000.0,314.0,13.0,274.0,15.0
I'm an Albatraoz,872.0,DDP,0.86,553.0,575.0,639.0,639.0,7.0,974789.0,1000000.0,180.0,5.0,213.0,8.0
Playa (Original Mix),307.0,ESP,0.86,878.0,912.0,1014.0,1014.0,11.0,974656.0,1000000.0,757.0,5.0,338.0,7.0
CHAOS Terror-Tech Mix,814.0,begSP,0.86,345.0,367.0,408.0,408.0,5.0,963630.0,1000000.0,340.0,31.0,136.0,13.0
Flight of the Phoenix,288.0,EDP,0.86,627.0,650.0,723.0,723.0,9.0,971556.0,1000000.0,245.0,4.0,241.0,32.0
AA,146.0,BDP,0.86,474.0,507.0,564.0,564.0,5.0,964249.0,1000000.0,291.0,28.0,188.0,2.0
天空の華,665.0,DSP,0.86,919.0,955.0,1062.0,1062.0,12.0,974214.0,1000000.0,1639.0,6.0,354.0,10.0
MAXIMIZER,182.0,DSP,0.86,712.0,756.0,840.0,840.0,9.0,965119.0,1000000.0,391.0,23.0,280.0,16.0
The Island Song,518.0,ESP,0.85,518.0,542.0,603.0,603.0,9.0,973076.0,1000000.0,622.0,15.0,201.0,1.0
Wake Me Up,716.0,BDP,0.85,460.0,486.0,540.0,540.0,5.0,968841.0,1000000.0,234.0,17.0,180.0,7.0
Poppin' Soda,1007.0,BSP,0.85,737.0,774.0,861.0,861.0,9.0,971113.0,1000000.0,559.0,14.0,287.0,4.0
ロンロンへ　ライライライ！,754.0,BDP,0.85,550.0,577.0,642.0,642.0,6.0,970110.0,1000000.0,463.0,15.0,214.0,12.0
虹色の花,530.0,DSP,0.85,814.0,858.0,954.0,954.0,8.0,967493.0,1000000.0,216.0,11.0,318.0,20.0
Cleopatrysm,606.0,BSP,0.85,632.0,685.0,762.0,762.0,7.0,957000.0,1000000.0,319.0,36.0,254.0,9.0
EMOTiON TRiPPER,1221.0,ESP,0.85,1427.0,1479.0,1644.0,1644.0,14.0,974608.0,1000000.0,724.0,2.0,548.0,17.0
Flow,161.0,DSP,0.85,622.0,656.0,729.0,729.0,9.0,969072.0,1000000.0,260.0,15.0,243.0,7.0
AA,146.0,BSP,0.85,460.0,507.0,564.0,564.0,5.0,951475.0,1000000.0,362.0,56.0,188.0,2.0
Haunted Rhapsody,414.0,ESP,0.85,980.0,1023.0,1137.0,1137.0,13.0,972039.0,1000000.0,1530.0,11.0,379.0,16.0
Share The Love,440.0,ESP,0.85,788.0,820.0,912.0,912.0,12.0,973824.0,1000000.0,1021.0,8.0,304.0,8.0
朧,691.0,CSP,0.85,1196.0,1247.0,1386.0,1386.0,13.0,973047.0,1000000.0,2548.0,8.0,462.0,12.0
PUT YOUR FAITH IN ME,11.0,BDP,0.85,345.0,364.0,405.0,405.0,6.0,970431.0,1000000.0,182.0,16.0,135.0,0.0
MAKE IT BETTER,0.0,DSP,0.85,480.0,507.0,564.0,564.0,9.0,969761.0,1000000.0,414.0,23.0,188.0,0.0
SUPER STAR,45.0,DSP,0.85,583.0,618.0,687.0,687.0,8.0,968122.0,1000000.0,238.0,18.0,229.0,0.0
50th Memorial Songs -Beginning Story-,838.0,DSP,0.85,1016.0,1061.0,1179.0,1179.0,10.0,972583.0,1000000.0,520.0,7.0,393.0,13.0
Show me your moves,812.0,CSP,0.85,1439.0,1498.0,1665.0,1665.0,14.0,971916.0,1000000.0,1883.0,5.0,555.0,34.0
Sand Blow,637.0,BDP,0.85,609.0,637.0,708.0,708.0,7.0,973265.0,1000000.0,199.0,8.0,236.0,3.0
Ticket to Bombay,321.0,DSP,0.85,567.0,604.0,672.0,672.0,7.0,964223.0,1000000.0,155.0,16.0,224.0,7.0
PERSIAN LAND,1096.0,ESP,0.85,1759.0,1825.0,2028.0,2028.0,15.0,974083.0,1000000.0,923.0,2.0,676.0,17.0
50th Memorial Songs -Beginning Story-,838.0,ESP,0.84,1443.0,1498.0,1665.0,1665.0,14.0,974034.0,1000000.0,1712.0,3.0,555.0,18.0
Chinese Snowy Dance,556.0,BSP,0.84,634.0,677.0,753.0,753.0,7.0,960312.0,1000000.0,373.0,29.0,251.0,25.0
DOWNER &amp; UPPER,884.0,DSP,0.84,701.0,734.0,816.0,816.0,9.0,971547.0,1000000.0,415.0,11.0,272.0,11.0
SUPER SUMMER SALE,808.0,DSP,0.84,1265.0,1325.0,1473.0,1473.0,12.0,970526.0,1000000.0,1623.0,12.0,491.0,19.0
ABSOLUTE,48.0,ESP,0.84,804.0,839.0,933.0,933.0,11.0,973586.0,1000000.0,1714.0,14.0,311.0,0.0
chaos eater,635.0,BSP,0.84,682.0,726.0,807.0,807.0,8.0,965954.0,1000000.0,367.0,25.0,269.0,3.0
Vertigo,989.0,DSP,0.84,987.0,1020.0,1134.0,1134.0,12.0,975873.0,1000000.0,486.0,2.0,378.0,14.0
WILD RUSH,47.0,DSP,0.84,498.0,518.0,576.0,576.0,7.0,975098.0,1000000.0,200.0,7.0,192.0,0.0
invisible rain,778.0,DDP,0.84,467.0,488.0,543.0,543.0,7.0,971367.0,1000000.0,203.0,10.0,181.0,9.0
BRILLIANT 2U(Orchestra Groove),5.0,CSP,0.84,788.0,834.0,927.0,927.0,12.0,968554.0,1000000.0,1644.0,43.0,309.0,0.0
Samurai Shogun vs. Master Ninja,636.0,DSP,0.84,924.0,958.0,1065.0,1065.0,12.0,975471.0,1000000.0,784.0,4.0,355.0,6.0
魔理沙は大変なものを盗んでいきました,678.0,BDP,0.84,562.0,594.0,660.0,660.0,6.0,969015.0,1000000.0,416.0,24.0,220.0,2.0
LEVEL UP,866.0,DDP,0.84,778.0,810.0,900.0,900.0,10.0,974430.0,1000000.0,361.0,6.0,300.0,7.0
New York EVOLVED (Type B),466.0,BSP,0.84,705.0,739.0,822.0,822.0,9.0,970101.0,1000000.0,267.0,10.0,274.0,15.0
Dance Celebration,282.0,CSP,0.84,895.0,928.0,1032.0,1032.0,12.0,972437.0,1000000.0,821.0,4.0,344.0,36.0
Metamorphic,1256.0,begSP,0.84,381.0,410.0,456.0,456.0,6.0,959988.0,1000000.0,41.0,9.0,152.0,1.0
Straight Oath,501.0,BDP,0.84,639.0,672.0,747.0,747.0,8.0,968981.0,1000000.0,170.0,10.0,249.0,17.0
世界の果てに約束の凱歌を -DDR Extended Megamix-,986.0,BSP,0.84,855.0,888.0,987.0,987.0,10.0,973953.0,1000000.0,618.0,5.0,329.0,18.0
One Sided Love,621.0,EDP,0.84,969.0,1012.0,1125.0,1125.0,11.0,971740.0,1000000.0,787.0,9.0,375.0,19.0
爆なな☆てすとロイヤー,660.0,BSP,0.84,731.0,777.0,864.0,864.0,7.0,964933.0,1000000.0,466.0,27.0,288.0,12.0
HyperTwist,938.0,BDP,0.84,758.0,796.0,885.0,885.0,8.0,970163.0,1000000.0,417.0,13.0,295.0,13.0
Grip &amp; Break down !!,680.0,BDP,0.84,542.0,575.0,639.0,639.0,5.0,968100.0,1000000.0,336.0,24.0,213.0,1.0
Votum stellarum -forest #25 DDR RMX-,273.0,DSP,0.84,694.0,726.0,807.0,807.0,9.0,973311.0,1000000.0,273.0,9.0,269.0,0.0
タイガーランペイジ,855.0,ESP,0.83,1001.0,1039.0,1155.0,1155.0,13.0,972634.0,1000000.0,1745.0,5.0,385.0,35.0
Dragon Blade,158.0,ESP,0.83,1028.0,1069.0,1188.0,1188.0,11.0,974933.0,1000000.0,1075.0,6.0,396.0,1.0
斑咲花,1116.0,DDP,0.83,1214.0,1252.0,1392.0,1392.0,12.0,969639.0,1000000.0,395.0,1.0,464.0,103.0
CaptivAte～誓い～,233.0,DDP,0.83,684.0,712.0,792.0,792.0,8.0,972444.0,1000000.0,243.0,6.0,264.0,17.0
ウソツキ横丁は雨模様,975.0,ESP,0.83,1119.0,1161.0,1290.0,1290.0,11.0,974001.0,1000000.0,1038.0,4.0,430.0,23.0
Shine,387.0,CSP,0.83,734.0,761.0,846.0,846.0,12.0,973890.0,1000000.0,884.0,5.0,282.0,23.0
SUNKiSS&hearts;DROP,263.0,DDP,0.83,613.0,648.0,720.0,720.0,7.0,968612.0,1000000.0,379.0,21.0,240.0,7.0
みゅ、みゅ、M&uuml;llる,1163.0,ESP,0.83,1116.0,1161.0,1290.0,1290.0,13.0,972196.0,1000000.0,1003.0,6.0,430.0,32.0
ナイト・オブ・ナイツ,677.0,DSP,0.83,1024.0,1085.0,1206.0,1206.0,11.0,967633.0,1000000.0,2109.0,44.0,402.0,2.0
The Lonely Streets,620.0,DSP,0.83,421.0,448.0,498.0,498.0,7.0,966666.0,1000000.0,149.0,18.0,166.0,1.0
Venus,271.0,CSP,0.83,1180.0,1231.0,1368.0,1368.0,13.0,972255.0,1000000.0,1224.0,8.0,456.0,20.0
星屑の夜果て,925.0,DSP,0.83,1346.0,1406.0,1563.0,1563.0,12.0,970879.0,1000000.0,1232.0,8.0,521.0,30.0
La Se&ntilde;orita,20.0,ESP,0.83,755.0,788.0,876.0,876.0,10.0,973821.0,1000000.0,1198.0,14.0,292.0,0.0
IF YOU WERE HERE,357.0,DSP,0.83,612.0,634.0,705.0,705.0,7.0,974050.0,1000000.0,74.0,3.0,235.0,18.0
Afterimage d'automne,894.0,BSP,0.83,555.0,585.0,651.0,651.0,8.0,967135.0,1000000.0,297.0,17.0,217.0,16.0
CHOCOLATE PHILOSOPHY,776.0,EDP,0.83,772.0,807.0,897.0,897.0,10.0,971613.0,1000000.0,815.0,13.0,299.0,16.0
BALLAD FOR YOU～想いの雨～,149.0,DSP,0.83,453.0,477.0,531.0,531.0,7.0,963680.0,1000000.0,244.0,17.0,177.0,27.0
&Omega;VERSOUL,918.0,DSP,0.82,1057.0,1096.0,1218.0,1218.0,12.0,974468.0,1000000.0,1016.0,4.0,406.0,19.0
患部で止まってすぐ溶ける～狂気の優曇華院,1069.0,BSP,0.82,784.0,823.0,915.0,915.0,8.0,971491.0,1000000.0,285.0,11.0,305.0,2.0
White Stream,1257.0,BSP,0.82,640.0,664.0,738.0,738.0,8.0,972437.0,1000000.0,64.0,3.0,246.0,25.0
Chronos,439.0,BSP,0.82,371.0,396.0,441.0,441.0,4.0,955686.0,1000000.0,211.0,25.0,147.0,29.0
Colors ～for EXTREME～,106.0,CSP,0.82,1133.0,1179.0,1311.0,1311.0,13.0,973844.0,1000000.0,1782.0,7.0,437.0,7.0
Hella Deep,995.0,begSP,0.82,320.0,342.0,381.0,381.0,3.0,963864.0,1000000.0,208.0,27.0,127.0,2.0
Taking It To The Sky,392.0,EDP,0.82,627.0,656.0,729.0,729.0,8.0,969716.0,1000000.0,284.0,11.0,243.0,23.0
隅田川夏恋歌,428.0,BDP,0.82,616.0,653.0,726.0,726.0,6.0,967146.0,1000000.0,467.0,28.0,242.0,5.0
AFTER THE GAME OF LOVE,14.0,EDP,0.82,525.0,558.0,621.0,621.0,8.0,966750.0,1000000.0,473.0,33.0,207.0,0.0
MAGIC PARADE,422.0,DSP,0.82,566.0,599.0,666.0,666.0,7.0,968715.0,1000000.0,154.0,14.0,222.0,0.0
ベビーステップ,849.0,ESP,0.82,1179.0,1223.0,1359.0,1359.0,12.0,973552.0,1000000.0,1417.0,4.0,453.0,31.0
AM-3P -303 BASS MIX-,103.0,DSP,0.82,560.0,585.0,651.0,651.0,9.0,973530.0,1000000.0,285.0,10.0,217.0,0.0
going up,353.0,DSP,0.82,1022.0,1074.0,1194.0,1194.0,10.0,971008.0,1000000.0,427.0,12.0,398.0,0.0
Dance Celebration,282.0,DSP,0.82,612.0,642.0,714.0,714.0,8.0,968916.0,1000000.0,217.0,11.0,238.0,20.0
JET WORLD,119.0,DSP,0.82,597.0,629.0,699.0,699.0,7.0,970260.0,1000000.0,220.0,14.0,233.0,4.0
A Geisha's Dream,276.0,DSP,0.82,729.0,766.0,852.0,852.0,9.0,966907.0,1000000.0,827.0,22.0,284.0,30.0
ロストワンの号哭,727.0,BSP,0.82,657.0,707.0,786.0,786.0,6.0,961971.0,1000000.0,671.0,55.0,262.0,0.0
DROP OUT,34.0,BDP,0.82,452.0,472.0,525.0,525.0,6.0,973546.0,1000000.0,179.0,10.0,175.0,0.0
DROP THE BOMB,17.0,DSP,0.81,605.0,642.0,714.0,714.0,7.0,967842.0,1000000.0,424.0,27.0,238.0,0.0
Electronic Sports Complex,1223.0,DSP,0.81,1250.0,1293.0,1437.0,1437.0,14.0,975645.0,1000000.0,873.0,2.0,479.0,17.0
三毛猫ロック,142.0,BDP,0.81,393.0,410.0,456.0,456.0,5.0,971572.0,1000000.0,169.0,10.0,152.0,11.0
Bad Routine,147.0,DDP,0.81,497.0,515.0,573.0,573.0,8.0,976024.0,1000000.0,218.0,5.0,191.0,4.0
Amalgamation,429.0,BSP,0.81,701.0,739.0,822.0,822.0,7.0,966564.0,1000000.0,407.0,18.0,274.0,25.0
恋する☆宇宙戦争っ!!,747.0,BSP,0.81,844.0,909.0,1011.0,1011.0,7.0,958208.0,1000000.0,1052.0,67.0,337.0,22.0
Dead Heat,827.0,DSP,0.81,732.0,769.0,855.0,855.0,10.0,969972.0,1000000.0,765.0,21.0,285.0,11.0
VOLAQUAS,1150.0,BSP,0.81,1165.0,1212.0,1347.0,1347.0,11.0,968762.0,1000000.0,566.0,5.0,449.0,73.0
DYNAMITE RAVE,18.0,BDP,0.81,551.0,585.0,651.0,651.0,6.0,967111.0,1000000.0,246.0,21.0,217.0,0.0
on the bounce,299.0,BSP,0.81,533.0,564.0,627.0,627.0,7.0,967049.0,1000000.0,317.0,22.0,209.0,12.0
Teleportation,1079.0,ESP,0.81,1187.0,1233.0,1371.0,1371.0,15.0,974349.0,1000000.0,1146.0,5.0,457.0,8.0
More One Night,770.0,DSP,0.81,549.0,577.0,642.0,642.0,8.0,967268.0,1000000.0,624.0,24.0,214.0,21.0
UNBELIEVABLE (Sparky remix),430.0,DSP,0.81,1001.0,1047.0,1164.0,1164.0,11.0,969513.0,1000000.0,1423.0,15.0,388.0,34.0
SHION,698.0,BDP,0.81,704.0,742.0,825.0,825.0,6.0,969533.0,1000000.0,292.0,15.0,275.0,7.0
Flow (True Style),162.0,BSP,0.81,455.0,480.0,534.0,534.0,6.0,966125.0,1000000.0,171.0,15.0,178.0,17.0
Din Don Dan,593.0,CSP,0.81,995.0,1039.0,1155.0,1155.0,12.0,972596.0,1000000.0,2145.0,15.0,385.0,9.0
Musician,1165.0,DDP,0.81,678.0,710.0,789.0,789.0,8.0,969656.0,1000000.0,110.0,7.0,263.0,24.0
Hopeful,745.0,DDP,0.81,803.0,837.0,930.0,930.0,10.0,972238.0,1000000.0,492.0,9.0,310.0,20.0
CURUS,156.0,ESP,0.81,848.0,888.0,987.0,987.0,10.0,968486.0,1000000.0,1194.0,19.0,329.0,35.0
BLACK JACKAL,889.0,ESP,0.81,1354.0,1414.0,1572.0,1572.0,15.0,971511.0,1000000.0,1952.0,10.0,524.0,22.0
Condor,498.0,BSP,0.81,518.0,550.0,612.0,612.0,6.0,963813.0,1000000.0,276.0,23.0,204.0,18.0
Uh-Oh,1013.0,ESP,0.81,1599.0,1665.0,1851.0,1851.0,14.0,972650.0,1000000.0,1444.0,5.0,617.0,21.0
Bad Routine,147.0,DSP,0.81,500.0,529.0,588.0,588.0,7.0,967900.0,1000000.0,246.0,20.0,196.0,7.0
爆なな☆てすとロイヤー,660.0,begSP,0.81,377.0,413.0,459.0,459.0,4.0,954517.0,1000000.0,202.0,38.0,153.0,2.0
Globe Glitter,1023.0,DSP,0.8,1128.0,1174.0,1305.0,1305.0,11.0,973316.0,1000000.0,765.0,6.0,435.0,17.0
JOKER,539.0,ESP,0.8,1045.0,1088.0,1209.0,1209.0,11.0,972390.0,1000000.0,816.0,7.0,403.0,28.0
Qipch&#x101;q,492.0,ESP,0.8,845.0,877.0,975.0,975.0,12.0,974096.0,1000000.0,1114.0,7.0,325.0,16.0
Holic,37.0,BSP,0.8,477.0,510.0,567.0,567.0,7.0,964935.0,1000000.0,314.0,33.0,189.0,0.0
A,100.0,BSP,0.8,390.0,415.0,462.0,462.0,5.0,964495.0,1000000.0,215.0,24.0,154.0,7.0
倉野川音頭,718.0,BDP,0.8,452.0,472.0,525.0,525.0,5.0,971828.0,1000000.0,282.0,13.0,175.0,9.0
AFRONOVA PRIMEVAL,50.0,BDP,0.8,730.0,774.0,861.0,861.0,7.0,967859.0,1000000.0,213.0,16.0,287.0,0.0
In the past,939.0,DSP,0.8,1024.0,1069.0,1188.0,1188.0,12.0,972314.0,1000000.0,892.0,10.0,396.0,17.0
oarfish,370.0,DSP,0.8,663.0,696.0,774.0,774.0,8.0,963873.0,1000000.0,207.0,11.0,258.0,50.0
HIGHER,36.0,DDP,0.8,592.0,621.0,690.0,690.0,7.0,972362.0,1000000.0,206.0,12.0,230.0,0.0
Une mage blanche,900.0,DSP,0.8,902.0,942.0,1047.0,1047.0,10.0,970259.0,1000000.0,463.0,9.0,349.0,34.0
恋愛観測,748.0,BDP,0.8,635.0,669.0,744.0,744.0,7.0,969807.0,1000000.0,394.0,20.0,248.0,3.0
south,496.0,EDP,0.8,884.0,920.0,1023.0,1023.0,10.0,966088.0,1000000.0,503.0,7.0,341.0,75.0
ノルエピネフリン,953.0,BSP,0.8,631.0,664.0,738.0,738.0,6.0,967566.0,1000000.0,233.0,14.0,246.0,23.0
StrayedCatz,740.0,BSP,0.8,510.0,529.0,588.0,588.0,7.0,974165.0,1000000.0,1781.0,14.0,196.0,14.0
CUTIE CHASER,15.0,DDP,0.8,480.0,502.0,558.0,558.0,7.0,973362.0,1000000.0,180.0,11.0,186.0,0.0
The Night Away (MK Remix),682.0,DSP,0.8,742.0,783.0,870.0,870.0,9.0,967009.0,1000000.0,506.0,23.0,290.0,22.0
BALLAD THE FEATHERS,342.0,DDP,0.8,512.0,534.0,594.0,594.0,7.0,973984.0,1000000.0,184.0,9.0,198.0,0.0
Dazzlin' Darlin-秋葉工房mix-,346.0,DDP,0.8,684.0,720.0,801.0,801.0,7.0,969277.0,1000000.0,348.0,17.0,267.0,8.0
rain of sorrow,86.0,ESP,0.8,830.0,861.0,957.0,957.0,12.0,975679.0,1000000.0,1213.0,7.0,319.0,4.0
未完成ノ蒸氣驅動乙女 (DDR Edition),898.0,begSP,0.8,381.0,407.0,453.0,453.0,5.0,960729.0,1000000.0,217.0,28.0,151.0,13.0
esrev:eR,586.0,ESP,0.8,1124.0,1171.0,1302.0,1302.0,13.0,971930.0,1000000.0,1870.0,10.0,434.0,26.0
打打打打打打打打打打,693.0,BSP,0.79,449.0,480.0,534.0,534.0,5.0,962938.0,1000000.0,900.0,69.0,178.0,9.0
Ah La La La,508.0,DSP,0.79,474.0,502.0,558.0,558.0,7.0,964382.0,1000000.0,212.0,20.0,186.0,20.0
Realize,998.0,DDP,0.79,789.0,818.0,909.0,909.0,11.0,974626.0,1000000.0,249.0,4.0,303.0,19.0
Illegal Function Call,731.0,begSP,0.79,352.0,375.0,417.0,417.0,4.0,965983.0,1000000.0,234.0,28.0,139.0,3.0
Seta Para Cima&uarr;&uarr;,832.0,ESP,0.79,1094.0,1136.0,1263.0,1263.0,13.0,974907.0,1000000.0,1438.0,6.0,421.0,5.0
ハッピーシンセサイザ,704.0,ESP,0.79,905.0,939.0,1044.0,1044.0,13.0,975393.0,1000000.0,2370.0,8.0,348.0,4.0
*ハロー、プラネット。,824.0,DSP,0.79,832.0,877.0,975.0,975.0,9.0,967626.0,1000000.0,546.0,21.0,325.0,20.0
Everything I Need,513.0,EDP,0.79,671.0,693.0,771.0,771.0,9.0,972715.0,1000000.0,247.0,3.0,257.0,36.0
Another Phase,526.0,BSP,0.79,705.0,750.0,834.0,834.0,7.0,965584.0,1000000.0,566.0,36.0,278.0,5.0
Flourish,289.0,DDP,0.79,636.0,661.0,735.0,735.0,8.0,974340.0,1000000.0,224.0,6.0,245.0,10.0
Sucka Luva,509.0,DDP,0.79,587.0,610.0,678.0,678.0,8.0,975332.0,1000000.0,117.0,5.0,226.0,4.0
Last Card,941.0,begSP,0.79,372.0,407.0,453.0,453.0,4.0,953847.0,1000000.0,298.0,51.0,151.0,4.0
スカイクラッドの観測者,1002.0,EDP,0.79,997.0,1034.0,1149.0,1149.0,12.0,971910.0,1000000.0,669.0,5.0,383.0,45.0
TimeHollow,323.0,EDP,0.79,468.0,486.0,540.0,540.0,8.0,975915.0,1000000.0,289.0,8.0,180.0,4.0
Pink Rose,128.0,DSP,0.79,511.0,545.0,606.0,606.0,6.0,964308.0,1000000.0,468.0,40.0,202.0,8.0
Seta Para Cima&uarr;&uarr;,832.0,DSP,0.79,824.0,855.0,951.0,951.0,11.0,975250.0,1000000.0,478.0,5.0,317.0,7.0
ノープラン・デイズ,1038.0,DSP,0.79,1324.0,1382.0,1536.0,1536.0,12.0,970585.0,1000000.0,1109.0,9.0,512.0,39.0
LOVE IS THE POWER -Re:born-,478.0,ESP,0.79,737.0,766.0,852.0,852.0,10.0,974474.0,1000000.0,1284.0,10.0,284.0,8.0
プレインエイジア -PHQ remix-,791.0,BDP,0.79,681.0,718.0,798.0,798.0,7.0,968988.0,1000000.0,323.0,18.0,266.0,10.0
Lift You Up,294.0,DDP,0.79,455.0,477.0,531.0,531.0,6.0,971733.0,1000000.0,137.0,10.0,177.0,4.0
BROKEN MY HEART,51.0,DSP,0.79,676.0,720.0,801.0,801.0,7.0,966109.0,1000000.0,368.0,28.0,267.0,0.0
Stella Sinistra,567.0,begSP,0.79,390.0,429.0,477.0,477.0,4.0,952376.0,1000000.0,97.0,22.0,159.0,2.0
雑草魂なめんなよ！,1001.0,EDP,0.79,609.0,631.0,702.0,702.0,11.0,974858.0,1000000.0,401.0,6.0,234.0,11.0
恋閃繚乱,491.0,ESP,0.79,864.0,901.0,1002.0,1002.0,11.0,973209.0,1000000.0,1195.0,13.0,334.0,7.0
ラキラキ,527.0,ESP,0.79,1156.0,1209.0,1344.0,1344.0,13.0,970502.0,1000000.0,2097.0,17.0,448.0,26.0
熱情のサパデアード,847.0,BDP,0.79,485.0,510.0,567.0,567.0,5.0,968609.0,1000000.0,208.0,15.0,189.0,15.0
ずっとみつめていて (Ryu☆Remix),502.0,DSP,0.79,671.0,707.0,786.0,786.0,9.0,969132.0,1000000.0,733.0,28.0,262.0,10.0
JOKER,539.0,DSP,0.78,714.0,756.0,840.0,840.0,8.0,968198.0,1000000.0,197.0,16.0,280.0,4.0
DXY!,53.0,BSP,0.78,398.0,423.0,471.0,471.0,6.0,966128.0,1000000.0,259.0,28.0,157.0,0.0
Squeeze,577.0,BDP,0.78,552.0,583.0,648.0,648.0,6.0,966535.0,1000000.0,168.0,15.0,216.0,18.0
Find You Again,432.0,DDP,0.78,561.0,583.0,648.0,648.0,8.0,971836.0,1000000.0,218.0,7.0,216.0,25.0
ALL MY HEART -この恋に、わたしの全てを賭ける-,694.0,ESP,0.78,1029.0,1071.0,1191.0,1191.0,13.0,974096.0,1000000.0,2041.0,10.0,397.0,6.0
mathematical good-bye,1218.0,BDP,0.78,951.0,990.0,1101.0,1101.0,10.0,967531.0,1000000.0,304.0,6.0,367.0,67.0
六兆年と一夜物語,726.0,BSP,0.78,431.0,459.0,510.0,510.0,5.0,964621.0,1000000.0,487.0,45.0,170.0,9.0
Better Than Me,1042.0,DDP,0.78,918.0,947.0,1053.0,1053.0,12.0,976984.0,1000000.0,284.0,2.0,351.0,9.0
Plan 8,628.0,BSP,0.78,828.0,880.0,978.0,978.0,8.0,963161.0,1000000.0,561.0,33.0,326.0,28.0
Ability,1175.0,DDP,0.78,811.0,842.0,936.0,936.0,11.0,975183.0,1000000.0,243.0,5.0,312.0,6.0
Flourish,289.0,DSP,0.78,680.0,718.0,798.0,798.0,8.0,968182.0,1000000.0,280.0,18.0,266.0,12.0
La Se&ntilde;orita Virtual,21.0,BSP,0.78,690.0,729.0,810.0,810.0,8.0,969471.0,1000000.0,304.0,20.0,270.0,0.0
KEEP ON MOVIN' (Y&amp;Co. DJ BOSS remix),482.0,BSP,0.78,532.0,567.0,630.0,630.0,6.0,963192.0,1000000.0,207.0,23.0,210.0,16.0
患部で止まってすぐ溶ける～狂気の優曇華院,1069.0,DSP,0.78,1134.0,1179.0,1311.0,1311.0,11.0,972924.0,1000000.0,611.0,6.0,437.0,22.0
Party Rock Anthem,875.0,DSP,0.78,609.0,639.0,711.0,711.0,8.0,965977.0,1000000.0,340.0,16.0,237.0,34.0
しゃかりきリレーション,773.0,DDP,0.78,874.0,909.0,1011.0,1011.0,9.0,973429.0,1000000.0,337.0,6.0,337.0,16.0
ロキ(w/緒方恵美),1012.0,DDP,0.77,714.0,745.0,828.0,828.0,9.0,972983.0,1000000.0,313.0,10.0,276.0,9.0
TRUE&hearts;LOVE,210.0,DSP,0.77,683.0,734.0,816.0,816.0,8.0,961299.0,1000000.0,411.0,41.0,272.0,7.0
PARANOIA EVOLUTION,43.0,BSP,0.77,701.0,750.0,834.0,834.0,9.0,964492.0,1000000.0,308.0,29.0,278.0,0.0
色は匂へど散りぬるを,702.0,begSP,0.77,325.0,348.0,387.0,387.0,3.0,960433.0,1000000.0,408.0,50.0,129.0,13.0
BRILLIANT 2U,4.0,BSP,0.77,411.0,437.0,486.0,486.0,6.0,967287.0,1000000.0,448.0,41.0,162.0,0.0
Globe Glitter,1023.0,BDP,0.77,803.0,839.0,933.0,933.0,8.0,971725.0,1000000.0,265.0,9.0,311.0,15.0
TOMORROW,208.0,DDP,0.77,585.0,607.0,675.0,675.0,7.0,974546.0,1000000.0,129.0,5.0,225.0,11.0
MITOれて！いばらきっしゅだ～りん,590.0,DSP,0.77,795.0,834.0,927.0,927.0,9.0,970128.0,1000000.0,208.0,11.0,309.0,14.0
ドキドキ☆流星トラップガール!!,600.0,DSP,0.77,850.0,885.0,984.0,984.0,9.0,974229.0,1000000.0,411.0,8.0,328.0,4.0
Playing With Fire,1184.0,ESP,0.77,1242.0,1279.0,1422.0,1422.0,14.0,976372.0,1000000.0,746.0,1.0,474.0,28.0
Love&#9825;Shine わんだふるmix,811.0,DSP,0.77,776.0,812.0,903.0,903.0,8.0,970312.0,1000000.0,449.0,14.0,301.0,19.0
TIERRA BUENA,207.0,DSP,0.77,503.0,526.0,585.0,585.0,8.0,972286.0,1000000.0,202.0,12.0,195.0,5.0
Pump Pump Pump,1059.0,DDP,0.77,991.0,1031.0,1146.0,1146.0,11.0,973542.0,1000000.0,317.0,6.0,382.0,15.0
voltississimo,893.0,begSP,0.77,445.0,477.0,531.0,531.0,5.0,960511.0,1000000.0,189.0,26.0,177.0,12.0
AM-3P(AM EAST mix),68.0,CSP,0.77,760.0,788.0,876.0,876.0,10.0,975945.0,1000000.0,1019.0,8.0,292.0,3.0
Why not,274.0,DDP,0.77,693.0,731.0,813.0,813.0,7.0,968481.0,1000000.0,276.0,18.0,271.0,8.0
最終鬼畜妹フランドール・Ｓ,922.0,BSP,0.77,1095.0,1147.0,1275.0,1275.0,9.0,970632.0,1000000.0,537.0,12.0,425.0,20.0
アリスサイド・キャスリング,957.0,ESP,0.77,739.0,766.0,852.0,852.0,10.0,973532.0,1000000.0,1182.0,8.0,284.0,23.0
量子の海のリントヴルム,1090.0,DSP,0.77,1278.0,1320.0,1467.0,1467.0,14.0,976268.0,1000000.0,1006.0,2.0,489.0,16.0
Dance Dance Revolution,108.0,ESP,0.76,911.0,950.0,1056.0,1056.0,12.0,974254.0,1000000.0,1617.0,15.0,352.0,0.0
CONNECT-,983.0,DSP,0.76,965.0,1004.0,1116.0,1116.0,10.0,974180.0,1000000.0,466.0,7.0,372.0,9.0
New Beginning,444.0,DDP,0.76,736.0,769.0,855.0,855.0,8.0,969606.0,1000000.0,162.0,8.0,285.0,30.0
Frozen Ray ～for EXTREME～,111.0,ESP,0.76,1029.0,1074.0,1194.0,1194.0,12.0,973448.0,1000000.0,1448.0,14.0,398.0,3.0
Sakura Reflection,788.0,BSP,0.76,697.0,745.0,828.0,828.0,8.0,964175.0,1000000.0,667.0,51.0,276.0,4.0
Scarlet Moon,653.0,DSP,0.76,723.0,764.0,849.0,849.0,9.0,968154.0,1000000.0,840.0,37.0,283.0,10.0
ありふれたせかいせいふく,822.0,DSP,0.76,756.0,793.0,882.0,882.0,10.0,970091.0,1000000.0,871.0,24.0,294.0,13.0
モノクロモーメント,1034.0,DDP,0.76,1005.0,1042.0,1158.0,1158.0,11.0,975707.0,1000000.0,296.0,4.0,386.0,7.0
Star Gate Heaven (FUTURE LOVE Mix),260.0,DDP,0.76,639.0,664.0,738.0,738.0,8.0,974589.0,1000000.0,155.0,6.0,246.0,9.0
Wolf's Rain,1062.0,DDP,0.76,821.0,850.0,945.0,945.0,11.0,976052.0,1000000.0,257.0,4.0,315.0,7.0
東京神話,945.0,begSP,0.76,364.0,386.0,429.0,429.0,5.0,966213.0,1000000.0,332.0,34.0,143.0,9.0
THIS IS MY LAST RESORT ,1051.0,BSP,0.76,701.0,734.0,816.0,816.0,9.0,971319.0,1000000.0,193.0,10.0,272.0,13.0
アルストロメリア (walk with you remix),456.0,BSP,0.76,588.0,629.0,699.0,699.0,6.0,959224.0,1000000.0,615.0,53.0,233.0,30.0
Red Cape Theorem,977.0,DSP,0.76,883.0,918.0,1020.0,1020.0,11.0,974186.0,1000000.0,640.0,9.0,340.0,11.0
いーあるふぁんくらぶ,784.0,begSP,0.76,193.0,210.0,234.0,234.0,1.0,954057.0,1000000.0,512.0,95.0,78.0,5.0
Star Gate Heaven (FUTURE LOVE Mix),260.0,ESP,0.75,896.0,931.0,1035.0,1035.0,12.0,974486.0,1000000.0,1015.0,9.0,345.0,10.0
50th Memorial Songs -二人の時 ～under the cherry blossoms～-,850.0,DSP,0.75,798.0,837.0,930.0,930.0,9.0,971636.0,1000000.0,395.0,16.0,310.0,4.0
Empathetic,534.0,BSP,0.75,693.0,737.0,819.0,819.0,7.0,965331.0,1000000.0,211.0,21.0,273.0,10.0
Quick Master,194.0,DSP,0.75,592.0,618.0,687.0,687.0,8.0,972766.0,1000000.0,216.0,10.0,229.0,10.0
Party Lights (Tommie Sunshine's Brooklyn Fire Remix),603.0,DDP,0.75,616.0,639.0,711.0,711.0,8.0,972068.0,1000000.0,124.0,5.0,237.0,26.0
BRILLIANT 2U(Orchestra Groove),5.0,EDP,0.75,614.0,637.0,708.0,708.0,9.0,976560.0,1000000.0,441.0,8.0,236.0,0.0
La receta,364.0,CSP,0.75,991.0,1026.0,1140.0,1140.0,13.0,975341.0,1000000.0,1164.0,5.0,380.0,19.0
HEART BEAT FORMULA (Vinyl Mix),645.0,BSP,0.75,680.0,718.0,798.0,798.0,8.0,965780.0,1000000.0,199.0,16.0,266.0,27.0
エイリアンエイリアン,782.0,BDP,0.75,541.0,569.0,633.0,633.0,5.0,970446.0,1000000.0,432.0,25.0,211.0,2.0
PARANOiA-Respect-,190.0,begSP,0.75,243.0,256.0,285.0,285.0,5.0,971010.0,1000000.0,185.0,22.0,95.0,0.0
ポリリズム,332.0,ESP,0.75,856.0,904.0,1005.0,1005.0,10.0,967765.0,1000000.0,166.0,13.0,335.0,12.0
MAKE IT BETTER,0.0,BSP,0.75,365.0,386.0,429.0,429.0,7.0,969821.0,1000000.0,274.0,28.0,143.0,0.0
CAN'T STOP FALLIN' IN LOVE,31.0,ESP,0.75,851.0,885.0,984.0,984.0,11.0,975213.0,1000000.0,1423.0,12.0,328.0,0.0
Twin memories W,780.0,DDP,0.75,765.0,793.0,882.0,882.0,9.0,974002.0,1000000.0,271.0,5.0,294.0,21.0
think ya better D,25.0,DDP,0.75,503.0,523.0,582.0,582.0,7.0,975599.0,1000000.0,155.0,7.0,194.0,0.0
とこにゃつ☆トロピカル,1205.0,ESP,0.74,1580.0,1628.0,1809.0,1809.0,15.0,977480.0,1000000.0,720.0,1.0,603.0,6.0
SILVER☆DREAM,458.0,begSP,0.74,555.0,594.0,660.0,660.0,4.0,962309.0,1000000.0,537.0,54.0,220.0,10.0
SP-TRIP MACHINE～JUNGLE MIX～,12.0,BDP,0.74,515.0,534.0,594.0,594.0,8.0,976258.0,1000000.0,200.0,7.0,198.0,0.0
321STARS,99.0,DSP,0.74,654.0,685.0,762.0,762.0,9.0,970570.0,1000000.0,352.0,15.0,254.0,15.0
Decade,347.0,DDP,0.74,611.0,637.0,708.0,708.0,8.0,972726.0,1000000.0,259.0,10.0,236.0,15.0
&Uuml;bertreffen,329.0,DSP,0.74,745.0,791.0,879.0,879.0,8.0,966724.0,1000000.0,310.0,25.0,293.0,7.0
B4U,28.0,ESP,0.74,834.0,877.0,975.0,975.0,10.0,970980.0,1000000.0,2088.0,45.0,325.0,0.0
TEARS,133.0,ESP,0.74,949.0,988.0,1098.0,1098.0,12.0,974158.0,1000000.0,1242.0,13.0,366.0,6.0
Ace out,879.0,DSP,0.74,777.0,812.0,903.0,903.0,9.0,972286.0,1000000.0,653.0,17.0,301.0,7.0
Taking It To The Sky (PLUS step),1011.0,EDP,0.74,870.0,896.0,996.0,996.0,13.0,977800.0,1000000.0,331.0,2.0,332.0,9.0
SigSig,450.0,CSP,0.74,975.0,1028.0,1143.0,1143.0,10.0,962931.0,1000000.0,1237.0,35.0,381.0,63.0
PARADISE,1131.0,EDP,0.74,944.0,969.0,1077.0,1077.0,12.0,978287.0,1000000.0,180.0,1.0,359.0,15.0
Concertino in Blue,1106.0,BSP,0.74,325.0,337.0,375.0,375.0,5.0,975750.0,1000000.0,115.0,7.0,125.0,4.0
Colors ～for EXTREME～,106.0,DSP,0.74,706.0,747.0,831.0,831.0,8.0,967177.0,1000000.0,409.0,27.0,277.0,9.0
CANDY☆(X-Special),280.0,CSP,0.74,981.0,1026.0,1140.0,1140.0,12.0,968842.0,1000000.0,1741.0,24.0,380.0,43.0
A,100.0,ESP,0.74,860.0,896.0,996.0,996.0,11.0,974309.0,1000000.0,1458.0,16.0,332.0,3.0
ベィスドロップ・フリークス,723.0,BDP,0.74,571.0,602.0,669.0,669.0,7.0,967848.0,1000000.0,418.0,28.0,223.0,14.0
#OurMemories,816.0,BDP,0.73,600.0,631.0,702.0,702.0,6.0,967677.0,1000000.0,317.0,20.0,234.0,19.0
Tribe,433.0,ESP,0.73,821.0,855.0,951.0,951.0,10.0,974002.0,1000000.0,1066.0,14.0,317.0,5.0
Aria,1196.0,begSP,0.73,236.0,245.0,273.0,273.0,4.0,972459.0,1000000.0,49.0,6.0,91.0,7.0
HIGHER,36.0,EDP,0.73,725.0,753.0,837.0,837.0,10.0,975987.0,1000000.0,549.0,9.0,279.0,0.0
Easy Peasy,1137.0,ESP,0.73,1292.0,1333.0,1482.0,1482.0,14.0,976660.0,1000000.0,911.0,2.0,494.0,12.0
モノクロモーメント,1034.0,ESP,0.73,1480.0,1533.0,1704.0,1704.0,14.0,974471.0,1000000.0,1246.0,4.0,568.0,23.0
Trill auf G,888.0,BSP,0.73,771.0,810.0,900.0,900.0,8.0,969267.0,1000000.0,412.0,19.0,300.0,20.0
Habibe (Antuh muhleke),605.0,DSP,0.73,757.0,785.0,873.0,873.0,10.0,976388.0,1000000.0,367.0,6.0,291.0,0.0
シュレーディンガーの猫,817.0,begSP,0.73,438.0,461.0,513.0,513.0,6.0,968766.0,1000000.0,309.0,24.0,171.0,9.0
ルミナスデイズ,772.0,ESP,0.73,1078.0,1123.0,1248.0,1248.0,12.0,972910.0,1000000.0,1941.0,15.0,416.0,18.0
PARANOIA EVOLUTION,43.0,ESP,0.73,965.0,1012.0,1125.0,1125.0,12.0,971786.0,1000000.0,1519.0,29.0,375.0,0.0
Burst The Gravity,503.0,DSP,0.73,608.0,629.0,699.0,699.0,8.0,976275.0,1000000.0,94.0,4.0,233.0,8.0
ヤサイマシ☆ニンニクアブラオオメ,1104.0,DDP,0.73,872.0,901.0,1002.0,1002.0,12.0,975515.0,1000000.0,210.0,3.0,334.0,20.0
GROOVE 04,1220.0,DDP,0.73,944.0,980.0,1089.0,1089.0,11.0,973153.0,1000000.0,195.0,5.0,363.0,29.0
out of focus,751.0,BSP,0.73,407.0,426.0,474.0,474.0,6.0,967489.0,1000000.0,589.0,30.0,158.0,21.0
Grip &amp; Break down !!,680.0,BSP,0.73,522.0,558.0,621.0,621.0,6.0,963965.0,1000000.0,554.0,54.0,207.0,2.0
風鈴花火,804.0,DDP,0.73,658.0,683.0,759.0,759.0,8.0,975856.0,1000000.0,673.0,10.0,253.0,5.0
黒髪乱れし修羅となりて～凛 edition～,701.0,BSP,0.73,619.0,656.0,729.0,729.0,6.0,962525.0,1000000.0,662.0,45.0,243.0,32.0
未完成ノ蒸氣驅動乙女 (DDR Edition),898.0,BDP,0.73,862.0,893.0,993.0,993.0,9.0,970823.0,1000000.0,309.0,5.0,331.0,52.0
ALPACORE,901.0,BDP,0.73,668.0,693.0,771.0,771.0,9.0,974828.0,1000000.0,298.0,7.0,257.0,9.0
サナ・モレッテ・ネ・エンテ,60.0,DDP,0.73,579.0,607.0,675.0,675.0,9.0,972677.0,1000000.0,286.0,16.0,225.0,0.0
Rave in the Shell,1204.0,BSP,0.73,614.0,642.0,714.0,714.0,7.0,970719.0,1000000.0,132.0,9.0,238.0,18.0
e-motion,6.0,BDP,0.73,287.0,297.0,330.0,330.0,6.0,977298.0,1000000.0,229.0,12.0,110.0,0.0
PARANOiA Rebirth,23.0,ESP,0.72,1124.0,1169.0,1299.0,1299.0,13.0,974916.0,1000000.0,1812.0,12.0,433.0,0.0
初音ミクの消失,760.0,begSP,0.72,269.0,286.0,318.0,318.0,3.0,964140.0,1000000.0,261.0,37.0,106.0,9.0
Qwerty,1075.0,DSP,0.72,867.0,896.0,996.0,996.0,10.0,975709.0,1000000.0,348.0,4.0,332.0,17.0
Get On Da Floor,840.0,DDP,0.72,718.0,745.0,828.0,828.0,8.0,972568.0,1000000.0,217.0,6.0,276.0,31.0
50th Memorial Songs -The BEMANI History-,852.0,ESP,0.72,1015.0,1047.0,1164.0,1164.0,13.0,976279.0,1000000.0,1368.0,3.0,388.0,20.0
BRILLIANT 2U(Orchestra Groove),5.0,DSP,0.72,481.0,504.0,561.0,561.0,8.0,972076.0,1000000.0,441.0,24.0,187.0,0.0
Dance Floor,285.0,DDP,0.72,519.0,540.0,600.0,600.0,7.0,973520.0,1000000.0,131.0,8.0,200.0,12.0
M.A.Y.U.,650.0,BSP,0.72,504.0,537.0,597.0,597.0,6.0,964196.0,1000000.0,174.0,23.0,199.0,10.0
イノセントバイブル,974.0,ESP,0.72,874.0,909.0,1011.0,1011.0,10.0,972681.0,1000000.0,1074.0,12.0,337.0,23.0
&Omega;VERSOUL,918.0,ESP,0.72,1388.0,1436.0,1596.0,1596.0,15.0,974917.0,1000000.0,1754.0,4.0,532.0,25.0
THIS IS MY LAST RESORT ,1051.0,BDP,0.72,684.0,712.0,792.0,792.0,9.0,973272.0,1000000.0,157.0,7.0,264.0,13.0
ようこそジャパリパークへ,768.0,CSP,0.72,878.0,915.0,1017.0,1017.0,12.0,973689.0,1000000.0,1484.0,19.0,339.0,6.0
SWEET HOME PARTY,899.0,BDP,0.72,495.0,510.0,567.0,567.0,8.0,977315.0,1000000.0,196.0,4.0,189.0,9.0
I Want To Do This Keep,949.0,DSP,0.72,965.0,996.0,1107.0,1107.0,12.0,976438.0,1000000.0,994.0,4.0,369.0,14.0
ウサテイ,1068.0,ESP,0.72,1298.0,1341.0,1491.0,1491.0,14.0,976700.0,1000000.0,1246.0,3.0,497.0,3.0
Shut Up and Dance,714.0,begSP,0.72,239.0,259.0,288.0,288.0,2.0,956800.0,1000000.0,149.0,34.0,96.0,2.0
HYENA,570.0,BSP,0.72,667.0,704.0,783.0,783.0,6.0,964844.0,1000000.0,243.0,19.0,261.0,31.0
Dispersion Star,575.0,ESP,0.72,950.0,980.0,1089.0,1089.0,13.0,975937.0,1000000.0,1403.0,4.0,363.0,23.0
DROP THE BOMB(SyS.F. Mix),110.0,EDP,0.72,712.0,742.0,825.0,825.0,10.0,970499.0,1000000.0,575.0,15.0,275.0,29.0
Next Phase,1004.0,DSP,0.72,1158.0,1201.0,1335.0,1335.0,11.0,975329.0,1000000.0,477.0,5.0,445.0,8.0
Triple Journey -TAG EDITION-,558.0,BSP,0.72,696.0,731.0,813.0,813.0,8.0,969921.0,1000000.0,632.0,26.0,271.0,12.0
BLSTR,864.0,BDP,0.72,750.0,777.0,864.0,864.0,9.0,975375.0,1000000.0,299.0,6.0,288.0,10.0
TRIP MACHINE,2.0,ESP,0.72,587.0,621.0,690.0,690.0,10.0,969059.0,1000000.0,1769.0,85.0,230.0,0.0
SO IN LOVE,129.0,DDP,0.72,400.0,413.0,459.0,459.0,7.0,975750.0,1000000.0,145.0,5.0,153.0,14.0
Angelic Jelly,737.0,begSP,0.72,330.0,351.0,390.0,390.0,4.0,964845.0,1000000.0,305.0,41.0,130.0,7.0
Bloody Tears(IIDX EDITION),231.0,DSP,0.72,494.0,521.0,579.0,579.0,6.0,970048.0,1000000.0,407.0,30.0,193.0,4.0
漆黒のスペシャルプリンセスサンデー,673.0,BSP,0.72,764.0,810.0,900.0,900.0,8.0,966627.0,1000000.0,463.0,33.0,300.0,11.0
おねがいダーリン,795.0,DSP,0.72,808.0,847.0,942.0,942.0,8.0,971233.0,1000000.0,881.0,25.0,314.0,8.0
六兆年と一夜物語,726.0,ESP,0.71,1056.0,1098.0,1221.0,1221.0,12.0,974074.0,1000000.0,1886.0,13.0,407.0,9.0
Drop The Bounce,829.0,BDP,0.71,736.0,764.0,849.0,849.0,8.0,975376.0,1000000.0,266.0,7.0,283.0,8.0
Come To m1dy,1225.0,begSP,0.71,448.0,464.0,516.0,516.0,6.0,976054.0,1000000.0,358.0,10.0,172.0,5.0
Sacred Oath,382.0,DDP,0.71,634.0,658.0,732.0,732.0,8.0,971644.0,1000000.0,212.0,7.0,244.0,30.0
恋愛観測 -2021真夏のエンディング ver.-,1119.0,EDP,0.71,1396.0,1436.0,1596.0,1596.0,14.0,977681.0,1000000.0,253.0,1.0,532.0,15.0
Feelings Won't Fade(Extend Trance Mix),240.0,DDP,0.71,675.0,699.0,777.0,777.0,9.0,976685.0,1000000.0,225.0,6.0,259.0,1.0
I'm an Albatraoz,872.0,DSP,0.71,555.0,577.0,642.0,642.0,7.0,974044.0,1000000.0,263.0,10.0,214.0,8.0
CaptivAte～誓い～,233.0,ESP,0.71,1131.0,1174.0,1305.0,1305.0,13.0,974314.0,1000000.0,1759.0,10.0,435.0,15.0
GIRIGILI門前雀羅,245.0,DSP,0.71,673.0,704.0,783.0,783.0,7.0,972171.0,1000000.0,176.0,11.0,261.0,6.0
ここからよろしく大作戦143,987.0,DSP,0.71,994.0,1042.0,1158.0,1158.0,9.0,969950.0,1000000.0,421.0,16.0,386.0,22.0
Trickster,325.0,ESP,0.71,806.0,826.0,918.0,918.0,9.0,979204.0,1000000.0,181.0,1.0,306.0,12.0
EMOTiON TRiPPER,1221.0,DDP,0.71,897.0,926.0,1029.0,1029.0,10.0,976050.0,1000000.0,168.0,3.0,343.0,20.0
恋愛観測 -2021真夏のエンディング ver.-,1119.0,ESP,0.71,1478.0,1520.0,1689.0,1689.0,14.0,977524.0,1000000.0,698.0,1.0,563.0,18.0
ロストワンの号哭,727.0,ESP,0.71,1333.0,1390.0,1545.0,1545.0,12.0,973662.0,1000000.0,2207.0,16.0,515.0,0.0
Gamelan de Couple,112.0,DDP,0.7,440.0,461.0,513.0,513.0,7.0,972176.0,1000000.0,184.0,16.0,171.0,0.0
Adularia,611.0,BDP,0.7,519.0,550.0,612.0,612.0,6.0,964661.0,1000000.0,257.0,26.0,204.0,18.0
滅亡天使 &dagger; にこきゅっぴん,643.0,BSP,0.7,572.0,604.0,672.0,672.0,6.0,967390.0,1000000.0,313.0,26.0,224.0,11.0
Hella Deep,995.0,BSP,0.7,696.0,723.0,804.0,804.0,7.0,973528.0,1000000.0,357.0,10.0,268.0,15.0
SP-TRIP MACHINE～JUNGLE MIX～,12.0,BSP,0.7,495.0,523.0,582.0,582.0,8.0,968866.0,1000000.0,265.0,26.0,194.0,0.0
Fly away -mix del matador-,243.0,DDP,0.7,665.0,688.0,765.0,765.0,9.0,975082.0,1000000.0,206.0,5.0,255.0,18.0
Votum stellarum -forest #25 DDR RMX-,273.0,DDP,0.7,591.0,612.0,681.0,681.0,7.0,976398.0,1000000.0,159.0,6.0,227.0,0.0
Poochie,697.0,begSP,0.7,335.0,356.0,396.0,396.0,5.0,965721.0,1000000.0,219.0,31.0,132.0,5.0
"Help me, ERINNNNNN!!",681.0,ESP,0.7,910.0,947.0,1053.0,1053.0,12.0,974736.0,1000000.0,2108.0,18.0,351.0,2.0
Happy,711.0,begSP,0.7,229.0,251.0,279.0,279.0,3.0,944468.0,1000000.0,317.0,72.0,93.0,17.0
Sakura Reflection,788.0,BDP,0.7,558.0,585.0,651.0,651.0,7.0,971812.0,1000000.0,370.0,22.0,217.0,0.0
Back In Your Arms,507.0,ESP,0.7,813.0,842.0,936.0,936.0,10.0,975541.0,1000000.0,888.0,9.0,312.0,10.0
エイリアンエイリアン,782.0,BSP,0.7,568.0,602.0,669.0,669.0,5.0,965696.0,1000000.0,601.0,48.0,223.0,14.0
1998 (Sparky 2006),1050.0,DSP,0.7,867.0,896.0,996.0,996.0,11.0,976408.0,1000000.0,428.0,5.0,332.0,9.0
BAD GIRLS,473.0,EDP,0.7,458.0,472.0,525.0,525.0,8.0,978750.0,1000000.0,66.0,3.0,175.0,0.0
SigSig,450.0,BDP,0.7,622.0,656.0,729.0,729.0,6.0,969216.0,1000000.0,281.0,23.0,243.0,7.0
Inner Spirit -GIGA HiTECH MIX-,970.0,DDP,0.69,1044.0,1082.0,1203.0,1203.0,11.0,974025.0,1000000.0,294.0,5.0,401.0,26.0
Poseidon(kors k mix),374.0,ESP,0.69,1063.0,1112.0,1236.0,1236.0,14.0,971202.0,1000000.0,2208.0,30.0,412.0,19.0
Kilonova,1149.0,BDP,0.69,830.0,858.0,954.0,954.0,9.0,974217.0,1000000.0,194.0,4.0,318.0,30.0
ABSOLUTE,48.0,BSP,0.69,360.0,383.0,426.0,426.0,4.0,966799.0,1000000.0,215.0,31.0,142.0,0.0
Do The Evolution,585.0,DSP,0.69,593.0,626.0,696.0,696.0,7.0,966959.0,1000000.0,335.0,27.0,232.0,17.0
Wake Me Up,716.0,begSP,0.69,279.0,299.0,333.0,333.0,3.0,960308.0,1000000.0,170.0,32.0,111.0,7.0
New Millennium,1227.0,begSP,0.69,440.0,456.0,507.0,507.0,6.0,972931.0,1000000.0,364.0,12.0,169.0,19.0
Our Soul,860.0,DDP,0.69,709.0,734.0,816.0,816.0,9.0,974814.0,1000000.0,308.0,7.0,272.0,16.0
朝色の紙飛行機,649.0,BDP,0.69,452.0,475.0,528.0,528.0,5.0,968482.0,1000000.0,257.0,22.0,176.0,16.0
IRON HEART,902.0,DDP,0.69,692.0,715.0,795.0,795.0,10.0,977536.0,1000000.0,279.0,5.0,265.0,1.0
闘え！ダダンダーンＶ,774.0,DDP,0.69,905.0,939.0,1044.0,1044.0,10.0,972810.0,1000000.0,335.0,7.0,348.0,31.0
Come To m1dy,1225.0,BSP,0.69,885.0,915.0,1017.0,1017.0,11.0,976392.0,1000000.0,770.0,6.0,339.0,10.0
Astrogazer,728.0,BSP,0.69,559.0,591.0,657.0,657.0,7.0,969441.0,1000000.0,864.0,55.0,219.0,0.0
Curry Up,1129.0,EDP,0.69,808.0,834.0,927.0,927.0,12.0,973906.0,1000000.0,253.0,4.0,309.0,37.0
True Blue,571.0,BSP,0.69,651.0,688.0,765.0,765.0,7.0,964453.0,1000000.0,465.0,33.0,255.0,31.0
Glitch Angel,909.0,DSP,0.69,995.0,1026.0,1140.0,1140.0,13.0,976938.0,1000000.0,1192.0,4.0,380.0,15.0
Come To m1dy,1225.0,BDP,0.69,879.0,904.0,1005.0,1005.0,11.0,977478.0,1000000.0,321.0,2.0,335.0,18.0
No Life Queen [DJ Command Remix],931.0,DSP,0.69,1137.0,1185.0,1317.0,1317.0,11.0,973589.0,1000000.0,693.0,13.0,439.0,4.0
DIGITAL LUV,914.0,DDP,0.69,736.0,764.0,849.0,849.0,9.0,974591.0,1000000.0,335.0,9.0,283.0,13.0
L'amour et la libert&eacute;(Darwin &amp; DJ Silver remix),246.0,ESP,0.69,887.0,920.0,1023.0,1023.0,11.0,975951.0,1000000.0,971.0,10.0,341.0,1.0
Flip Flap,1179.0,DDP,0.69,706.0,729.0,810.0,810.0,8.0,976194.0,1000000.0,144.0,4.0,270.0,16.0
Second Heaven,385.0,BSP,0.69,437.0,461.0,513.0,513.0,5.0,966470.0,1000000.0,274.0,28.0,171.0,13.0
Silly Love,924.0,BDP,0.69,712.0,739.0,822.0,822.0,7.0,974435.0,1000000.0,253.0,8.0,274.0,11.0
AWAKE,652.0,DSP,0.69,937.0,985.0,1095.0,1095.0,10.0,968473.0,1000000.0,1135.0,37.0,365.0,23.0
TWINKLE&#9825;HEART,455.0,CSP,0.69,807.0,853.0,948.0,948.0,10.0,956722.0,1000000.0,1457.0,63.0,316.0,85.0
Like A Star,1058.0,DSP,0.69,1021.0,1058.0,1176.0,1176.0,12.0,972623.0,1000000.0,658.0,7.0,392.0,43.0
ユメブキ,1024.0,BSP,0.68,809.0,847.0,942.0,942.0,8.0,972169.0,1000000.0,367.0,16.0,314.0,5.0
Ishtar,749.0,DSP,0.68,855.0,893.0,993.0,993.0,11.0,970718.0,1000000.0,1406.0,27.0,331.0,25.0
Hunny Bunny,912.0,DSP,0.68,873.0,912.0,1014.0,1014.0,10.0,972090.0,1000000.0,742.0,19.0,338.0,14.0
ホメ猫☆センセーション,655.0,ESP,0.68,1409.0,1466.0,1629.0,1629.0,13.0,973919.0,1000000.0,2166.0,14.0,543.0,7.0
ベィスドロップ・フリークス,723.0,ESP,0.68,1237.0,1282.0,1425.0,1425.0,13.0,974586.0,1000000.0,2339.0,9.0,475.0,20.0
50th Memorial Songs -The BEMANI History-,852.0,DSP,0.68,782.0,812.0,903.0,903.0,9.0,974713.0,1000000.0,297.0,8.0,301.0,10.0
六兆年と一夜物語,726.0,BDP,0.68,463.0,483.0,537.0,537.0,6.0,972734.0,1000000.0,353.0,19.0,179.0,9.0
Prey,809.0,begSP,0.68,342.0,364.0,405.0,405.0,5.0,966178.0,1000000.0,316.0,44.0,135.0,0.0
Shine,387.0,DDP,0.68,416.0,432.0,480.0,480.0,7.0,976271.0,1000000.0,133.0,9.0,160.0,1.0
すきなことだけでいいです,882.0,DDP,0.68,746.0,774.0,861.0,861.0,10.0,973532.0,1000000.0,396.0,9.0,287.0,20.0
Magnetic,548.0,BDP,0.68,791.0,818.0,909.0,909.0,7.0,972479.0,1000000.0,233.0,5.0,303.0,44.0
Catch Our Fire!,819.0,BSP,0.68,987.0,1028.0,1143.0,1143.0,10.0,972192.0,1000000.0,657.0,13.0,381.0,24.0
Feelings Won't Fade(Extend Trance Mix),240.0,DSP,0.68,677.0,712.0,792.0,792.0,8.0,968244.0,1000000.0,285.0,20.0,264.0,19.0
Rejoin,807.0,BSP,0.68,658.0,685.0,762.0,762.0,6.0,971322.0,1000000.0,1315.0,24.0,254.0,25.0
ロンロンへ　ライライライ！,754.0,BSP,0.68,557.0,585.0,651.0,651.0,6.0,969497.0,1000000.0,646.0,34.0,217.0,12.0
愛言葉,821.0,DSP,0.68,663.0,699.0,777.0,777.0,7.0,969044.0,1000000.0,440.0,30.0,259.0,9.0
ちゅ～いん☆バニー,592.0,ESP,0.68,829.0,864.0,960.0,960.0,10.0,973657.0,1000000.0,1035.0,20.0,320.0,10.0
Eon Break,1166.0,begSP,0.68,251.0,264.0,294.0,294.0,4.0,969895.0,1000000.0,202.0,25.0,98.0,4.0
SWEET HOME PARTY,899.0,BSP,0.68,479.0,494.0,549.0,549.0,8.0,977593.0,1000000.0,276.0,6.0,183.0,7.0
千年ノ理,790.0,DSP,0.68,815.0,858.0,954.0,954.0,9.0,969089.0,1000000.0,914.0,39.0,318.0,12.0
Dance Celebration,282.0,DDP,0.68,525.0,542.0,603.0,603.0,7.0,976354.0,1000000.0,142.0,5.0,201.0,9.0
Wings of an Angel (Fly With Me),445.0,DSP,0.68,652.0,683.0,759.0,759.0,8.0,970191.0,1000000.0,274.0,17.0,253.0,19.0
灼熱 Pt.2 Long Train Running,1025.0,DSP,0.68,1377.0,1420.0,1578.0,1578.0,13.0,976926.0,1000000.0,1231.0,3.0,526.0,10.0
Shut Up and Dance,714.0,BDP,0.68,373.0,391.0,435.0,435.0,5.0,971166.0,1000000.0,198.0,19.0,145.0,6.0
stoic (EXTREME version),131.0,DSP,0.68,709.0,739.0,822.0,822.0,9.0,973732.0,1000000.0,373.0,14.0,274.0,4.0
梅雪夜,992.0,DDP,0.68,899.0,931.0,1035.0,1035.0,11.0,974134.0,1000000.0,409.0,7.0,345.0,24.0
SHINY DAYS,981.0,DSP,0.68,463.0,488.0,543.0,543.0,8.0,969395.0,1000000.0,286.0,27.0,181.0,4.0
Heatstroke,356.0,DSP,0.68,664.0,696.0,774.0,774.0,8.0,966437.0,1000000.0,241.0,16.0,258.0,39.0
WH1TE RO5E,397.0,DSP,0.68,653.0,680.0,756.0,756.0,9.0,972477.0,1000000.0,297.0,12.0,252.0,19.0
海神,630.0,BSP,0.67,694.0,729.0,810.0,810.0,8.0,966875.0,1000000.0,777.0,37.0,270.0,33.0
Finale,1213.0,EDP,0.67,1153.0,1190.0,1323.0,1323.0,12.0,964159.0,1000000.0,264.0,3.0,441.0,146.0
She is my wife,386.0,BSP,0.67,385.0,410.0,456.0,456.0,5.0,960440.0,1000000.0,217.0,32.0,152.0,21.0
Lift You Up,294.0,ESP,0.67,603.0,623.0,693.0,693.0,10.0,977050.0,1000000.0,773.0,10.0,231.0,2.0
シル・ヴ・プレジデント,1022.0,DDP,0.67,611.0,634.0,705.0,705.0,8.0,975527.0,1000000.0,467.0,12.0,235.0,5.0
タイガーランペイジ,855.0,DSP,0.67,579.0,602.0,669.0,669.0,9.0,972915.0,1000000.0,631.0,19.0,223.0,17.0
チルノのパーフェクトさんすう教室 (EDM REMIX),676.0,begSP,0.67,158.0,167.0,186.0,186.0,1.0,968320.0,1000000.0,374.0,61.0,62.0,0.0
Helios,841.0,BDP,0.67,766.0,793.0,882.0,882.0,8.0,972491.0,1000000.0,229.0,6.0,294.0,36.0
Wings of an Angel (Fly With Me),445.0,ESP,0.67,953.0,988.0,1098.0,1098.0,12.0,974129.0,1000000.0,1337.0,12.0,366.0,23.0
Strobe&#9825;Girl,601.0,BSP,0.67,738.0,769.0,855.0,855.0,7.0,973576.0,1000000.0,155.0,9.0,285.0,7.0
Don't Stop!～AMD 2nd MIX～,33.0,EDP,0.67,573.0,596.0,663.0,663.0,8.0,975217.0,1000000.0,317.0,13.0,221.0,0.0
Yuni's Nocturnal Days,1000.0,DDP,0.67,888.0,920.0,1023.0,1023.0,11.0,974054.0,1000000.0,320.0,7.0,341.0,22.0
stoic (EXTREME version),131.0,DDP,0.67,695.0,715.0,795.0,795.0,10.0,979153.0,1000000.0,281.0,3.0,265.0,0.0
BREDLI,1148.0,begSP,0.67,174.0,191.0,213.0,213.0,2.0,953567.0,1000000.0,130.0,36.0,71.0,0.0
STAY GOLD,1072.0,BDP,0.66,654.0,680.0,756.0,756.0,9.0,974359.0,1000000.0,207.0,10.0,252.0,7.0
TRUE&hearts;LOVE,210.0,ESP,0.66,914.0,955.0,1062.0,1062.0,10.0,972961.0,1000000.0,1430.0,30.0,354.0,1.0
ロールプレイングゲーム,781.0,DDP,0.66,979.0,1015.0,1128.0,1128.0,10.0,974005.0,1000000.0,678.0,9.0,376.0,26.0
朧,691.0,BSP,0.66,569.0,602.0,669.0,669.0,6.0,964392.0,1000000.0,1063.0,73.0,223.0,25.0
アルストロメリア (walk with you remix),456.0,ESP,0.66,991.0,1031.0,1146.0,1146.0,11.0,973910.0,1000000.0,2075.0,21.0,382.0,12.0
A Geisha's Dream,276.0,BDP,0.66,503.0,529.0,588.0,588.0,7.0,969804.0,1000000.0,399.0,32.0,196.0,8.0
Fleur,1057.0,DSP,0.66,1165.0,1198.0,1332.0,1332.0,12.0,977299.0,1000000.0,614.0,2.0,444.0,19.0
REVOLUTIONARY ADDICT,481.0,BDP,0.66,578.0,604.0,672.0,672.0,6.0,972134.0,1000000.0,165.0,12.0,224.0,10.0
iFUTURELIST(DDR VERSION),171.0,ESP,0.66,794.0,820.0,912.0,912.0,12.0,976578.0,1000000.0,886.0,7.0,304.0,10.0
Hella Deep,995.0,DSP,0.66,882.0,915.0,1017.0,1017.0,10.0,974455.0,1000000.0,742.0,11.0,339.0,18.0
Private Eye,423.0,DDP,0.66,656.0,683.0,759.0,759.0,8.0,972892.0,1000000.0,308.0,14.0,253.0,15.0
BURNIN' THE FLOOR,30.0,DDP,0.66,616.0,642.0,714.0,714.0,7.0,974472.0,1000000.0,242.0,13.0,238.0,0.0
晴天Bon Voyage,528.0,begSP,0.66,331.0,353.0,393.0,393.0,4.0,964488.0,1000000.0,121.0,23.0,131.0,2.0
"BLUE FOG, SILVER BULLET.",1222.0,BDP,0.66,817.0,842.0,936.0,936.0,8.0,976190.0,1000000.0,342.0,4.0,312.0,22.0
華爛漫 -Flowers-,220.0,BSP,0.66,541.0,583.0,648.0,648.0,5.0,960377.0,1000000.0,612.0,82.0,216.0,5.0
PARANOiA KCET ～clean mix～,9.0,ESP,0.66,905.0,947.0,1053.0,1053.0,11.0,972847.0,1000000.0,1685.0,36.0,351.0,0.0
零 - ZERO -,334.0,BSP,0.66,498.0,529.0,588.0,588.0,5.0,966138.0,1000000.0,327.0,38.0,196.0,8.0
CELEBRATE NITE,32.0,ESP,0.66,717.0,747.0,831.0,831.0,11.0,974199.0,1000000.0,1471.0,30.0,277.0,0.0
STILL IN MY HEART,59.0,ESP,0.66,747.0,783.0,870.0,870.0,10.0,972502.0,1000000.0,1395.0,46.0,290.0,0.0
追憶のアリア,958.0,DDP,0.66,590.0,610.0,678.0,678.0,7.0,975426.0,1000000.0,237.0,7.0,226.0,16.0
roppongi EVOLVED ver.B,379.0,BSP,0.65,670.0,702.0,780.0,780.0,8.0,968998.0,1000000.0,236.0,17.0,260.0,26.0
はなまるぴっぴはよいこだけ,672.0,BDP,0.65,460.0,486.0,540.0,540.0,6.0,968107.0,1000000.0,275.0,31.0,180.0,8.0
ANNIVERSARY &there4;∵&there4; &larr;&darr;&uarr;&rarr;,818.0,BDP,0.65,723.0,753.0,837.0,837.0,7.0,973426.0,1000000.0,441.0,15.0,279.0,13.0
She is my wife,386.0,BDP,0.65,367.0,383.0,426.0,426.0,5.0,969604.0,1000000.0,189.0,17.0,142.0,17.0
ハッピーシンセサイザ,704.0,BSP,0.65,333.0,351.0,390.0,390.0,5.0,970338.0,1000000.0,647.0,60.0,130.0,3.0
BRILLIANT 2U,4.0,DSP,0.65,445.0,475.0,528.0,528.0,6.0,965454.0,1000000.0,508.0,64.0,176.0,0.0
Condor,498.0,BDP,0.65,529.0,550.0,612.0,612.0,6.0,972427.0,1000000.0,213.0,11.0,204.0,18.0
春風ブローインウィンド,786.0,DSP,0.65,962.0,999.0,1110.0,1110.0,10.0,972729.0,1000000.0,937.0,14.0,370.0,32.0
BLACK JACKAL,889.0,DSP,0.65,1005.0,1044.0,1161.0,1161.0,11.0,974124.0,1000000.0,1140.0,15.0,387.0,11.0
Sword of Vengeance,1008.0,BDP,0.65,1060.0,1098.0,1221.0,1221.0,10.0,975661.0,1000000.0,368.0,6.0,407.0,9.0
PUT YOUR FAITH IN ME ～SATURDAY NIGHT MIX～,193.0,DDP,0.65,524.0,545.0,606.0,606.0,7.0,975178.0,1000000.0,132.0,9.0,202.0,3.0
A Geisha's Dream,276.0,ESP,0.65,960.0,999.0,1110.0,1110.0,11.0,972258.0,1000000.0,1971.0,24.0,370.0,30.0
凛として咲く花の如く ～ひなビタ&#9834; edition～,562.0,ESP,0.65,1142.0,1190.0,1323.0,1323.0,11.0,971497.0,1000000.0,1720.0,23.0,441.0,30.0
ポラリスノウタ,1239.0,ESP,0.65,1285.0,1314.0,1460.0,1461.0,13.0,978636.0,999990.0,616.0,0.0,487.0,32.0
Fly away,163.0,ESP,0.65,868.0,899.0,999.0,999.0,11.0,976441.0,1000000.0,1074.0,12.0,333.0,3.0
Rampage Hero,896.0,BDP,0.65,677.0,702.0,780.0,780.0,9.0,975909.0,1000000.0,274.0,10.0,260.0,4.0
Come to Life,734.0,BSP,0.65,701.0,731.0,813.0,813.0,8.0,972922.0,1000000.0,1209.0,32.0,271.0,8.0
プレインエイジア -PHQ remix-,791.0,BSP,0.65,668.0,712.0,792.0,792.0,7.0,964140.0,1000000.0,478.0,50.0,264.0,8.0
朧 (dj TAKA Remix),793.0,DSP,0.65,756.0,791.0,879.0,879.0,8.0,970806.0,1000000.0,791.0,31.0,293.0,18.0
"Blind Justice ～Torn souls, Hurt Faiths ～",230.0,BSP,0.64,488.0,513.0,570.0,570.0,5.0,968803.0,1000000.0,252.0,24.0,190.0,16.0
The Heavens Above,416.0,DSP,0.64,687.0,715.0,795.0,795.0,9.0,968738.0,1000000.0,196.0,10.0,265.0,46.0
Sky Is The Limit,389.0,DDP,0.64,689.0,718.0,798.0,798.0,9.0,971461.0,1000000.0,230.0,12.0,266.0,26.0
KEEP ON MOVIN',8.0,DSP,0.64,360.0,378.0,420.0,420.0,7.0,972394.0,1000000.0,394.0,37.0,140.0,0.0
なだめスかし Negotiation,979.0,DDP,0.64,540.0,558.0,621.0,621.0,9.0,975753.0,1000000.0,246.0,7.0,207.0,12.0
Angelic Jelly,737.0,BSP,0.64,620.0,645.0,717.0,717.0,6.0,972641.0,1000000.0,1892.0,34.0,239.0,20.0
The flower in your smile,319.0,EDP,0.64,699.0,720.0,801.0,801.0,10.0,977826.0,1000000.0,217.0,4.0,267.0,5.0
sync (EXTREME version),132.0,DSP,0.64,683.0,723.0,804.0,804.0,8.0,966909.0,1000000.0,294.0,29.0,268.0,11.0
Second Heaven,385.0,begSP,0.64,229.0,251.0,279.0,279.0,2.0,955197.0,1000000.0,185.0,48.0,93.0,0.0
Follow Tomorrow,609.0,ESP,0.64,1019.0,1055.0,1173.0,1173.0,11.0,975984.0,1000000.0,2069.0,13.0,391.0,4.0
凛として咲く花の如く,335.0,ESP,0.64,927.0,966.0,1074.0,1074.0,10.0,972090.0,1000000.0,1855.0,30.0,358.0,21.0
TRIP MACHINE CLIMAX,46.0,DSP,0.64,709.0,737.0,819.0,819.0,9.0,975456.0,1000000.0,281.0,12.0,273.0,0.0
TSUBASA,669.0,ESP,0.64,1211.0,1252.0,1392.0,1392.0,13.0,976172.0,1000000.0,1656.0,7.0,464.0,10.0
Ha･lle･lu･jah,696.0,begSP,0.64,175.0,186.0,207.0,207.0,1.0,967554.0,1000000.0,527.0,86.0,69.0,0.0
The Lonely Streets,620.0,CSP,0.64,785.0,807.0,897.0,897.0,12.0,977750.0,1000000.0,947.0,4.0,299.0,15.0
ミライプリズム,644.0,ESP,0.64,839.0,872.0,969.0,969.0,10.0,972349.0,1000000.0,1617.0,24.0,323.0,29.0
ECSTASY,54.0,BSP,0.64,429.0,456.0,507.0,507.0,5.0,966628.0,1000000.0,143.0,23.0,169.0,0.0
DYNAMITE RAVE,18.0,BSP,0.64,475.0,507.0,564.0,564.0,6.0,965753.0,1000000.0,378.0,49.0,188.0,0.0
不沈艦CANDY,403.0,BSP,0.64,621.0,656.0,729.0,729.0,6.0,967083.0,1000000.0,427.0,38.0,243.0,15.0
DXY!,53.0,ESP,0.64,924.0,958.0,1065.0,1065.0,12.0,975952.0,1000000.0,1703.0,17.0,355.0,0.0
Black Emperor,1077.0,BSP,0.64,730.0,756.0,840.0,840.0,9.0,975347.0,1000000.0,265.0,8.0,280.0,15.0
Last Summer,1109.0,EDP,0.64,1071.0,1098.0,1221.0,1221.0,12.0,978490.0,1000000.0,201.0,1.0,407.0,20.0
esrev:eR,586.0,DSP,0.64,755.0,788.0,876.0,876.0,9.0,971007.0,1000000.0,517.0,21.0,292.0,23.0
VEGA,581.0,BSP,0.64,801.0,845.0,939.0,939.0,7.0,967901.0,1000000.0,459.0,33.0,313.0,17.0
rain of sorrow,86.0,DDP,0.64,573.0,591.0,657.0,657.0,7.0,977129.0,1000000.0,139.0,5.0,219.0,9.0
What Will Come of Me,398.0,ESP,0.63,998.0,1026.0,1140.0,1140.0,13.0,978523.0,1000000.0,1129.0,3.0,380.0,9.0
すろぉもぉしょん,823.0,DSP,0.63,832.0,872.0,969.0,969.0,9.0,969911.0,1000000.0,456.0,24.0,323.0,22.0
ever snow,419.0,DSP,0.63,765.0,796.0,885.0,885.0,8.0,974403.0,1000000.0,420.0,15.0,295.0,5.0
Poseidon,254.0,BDP,0.63,419.0,437.0,486.0,486.0,6.0,974562.0,1000000.0,201.0,16.0,162.0,1.0
ナナホシ,1086.0,ESP,0.63,1383.0,1431.0,1590.0,1590.0,15.0,976303.0,1000000.0,1116.0,7.0,530.0,4.0
melody H4CKER,1260.0,DDP,0.63,967.0,980.0,1085.0,1089.0,11.0,982853.0,999960.0,51.0,0.0,363.0,13.0
Somehow You Found Me,522.0,DSP,0.63,820.0,855.0,951.0,951.0,10.0,973278.0,1000000.0,771.0,22.0,317.0,8.0
IN BETWEEN,789.0,DSP,0.63,911.0,945.0,1050.0,1050.0,12.0,972660.0,1000000.0,1502.0,18.0,350.0,36.0
In the past,939.0,BSP,0.63,588.0,623.0,693.0,693.0,7.0,965959.0,1000000.0,310.0,34.0,231.0,12.0
めうめうぺったんたん！！,495.0,BDP,0.63,562.0,588.0,654.0,654.0,6.0,971852.0,1000000.0,245.0,19.0,218.0,7.0
TIERRA BUENA,207.0,DDP,0.63,471.0,488.0,543.0,543.0,7.0,975759.0,1000000.0,127.0,8.0,181.0,5.0
地方創生☆チクワクティクス,674.0,ESP,0.63,1066.0,1101.0,1224.0,1224.0,13.0,977106.0,1000000.0,1974.0,8.0,408.0,4.0
Leaving&hellip;,365.0,ESP,0.63,821.0,847.0,942.0,942.0,11.0,976928.0,1000000.0,1122.0,8.0,314.0,9.0
毒占欲,880.0,ESP,0.63,873.0,904.0,1005.0,1005.0,11.0,974324.0,1000000.0,1133.0,12.0,335.0,26.0
Confession,520.0,ESP,0.63,915.0,947.0,1053.0,1053.0,12.0,972937.0,1000000.0,1513.0,12.0,351.0,41.0
KEEP ON MOVIN' ～DMX MIX～,175.0,ESP,0.63,879.0,912.0,1014.0,1014.0,11.0,972715.0,1000000.0,1022.0,16.0,338.0,31.0
stomp to my beat,475.0,BDP,0.63,465.0,477.0,531.0,531.0,7.0,980041.0,1000000.0,46.0,2.0,177.0,0.0
VEGA,581.0,BDP,0.62,776.0,810.0,900.0,900.0,7.0,972093.0,1000000.0,265.0,15.0,300.0,17.0
Sweet Rain,547.0,ESP,0.62,1250.0,1298.0,1443.0,1443.0,12.0,973331.0,1000000.0,1899.0,16.0,481.0,27.0
S・A・G・A,309.0,ESP,0.62,868.0,901.0,1002.0,1002.0,13.0,974142.0,1000000.0,1529.0,19.0,334.0,17.0
INFINITE WORLD,1232.0,DDP,0.62,1207.0,1242.0,1380.0,1380.0,11.0,976454.0,1000000.0,81.0,2.0,460.0,32.0
Our Soul,860.0,CSP,0.62,1270.0,1312.0,1458.0,1458.0,15.0,976251.0,1000000.0,1807.0,7.0,486.0,15.0
スカイクラッドの観測者,1002.0,DSP,0.62,815.0,853.0,948.0,948.0,9.0,970286.0,1000000.0,493.0,25.0,316.0,21.0
Dance Partay,622.0,CSP,0.62,1006.0,1034.0,1149.0,1149.0,13.0,978888.0,1000000.0,1095.0,3.0,383.0,5.0
stealth,262.0,DDP,0.62,644.0,669.0,744.0,744.0,8.0,974134.0,1000000.0,188.0,10.0,248.0,11.0
Run The Show,988.0,DDP,0.62,825.0,850.0,945.0,945.0,11.0,977271.0,1000000.0,215.0,4.0,315.0,12.0
Starry Sky,833.0,DSP,0.62,809.0,834.0,927.0,927.0,9.0,975800.0,1000000.0,354.0,5.0,309.0,26.0
ヒカリユリイカ,848.0,EDP,0.62,975.0,1004.0,1116.0,1116.0,11.0,977001.0,1000000.0,675.0,4.0,372.0,20.0
The History of the Future,905.0,DSP,0.62,1246.0,1285.0,1428.0,1428.0,14.0,976749.0,1000000.0,1552.0,5.0,476.0,17.0
Silent Hill,24.0,DSP,0.62,524.0,545.0,606.0,606.0,9.0,975500.0,1000000.0,300.0,16.0,202.0,0.0
BURNIN' THE FLOOR,30.0,DSP,0.62,630.0,658.0,732.0,732.0,8.0,973795.0,1000000.0,436.0,22.0,244.0,0.0
Starry HEAVEN,504.0,DDP,0.62,553.0,569.0,633.0,633.0,8.0,977469.0,1000000.0,119.0,4.0,211.0,10.0
Life is beautiful,805.0,DSP,0.62,1160.0,1196.0,1329.0,1329.0,12.0,977020.0,1000000.0,1732.0,6.0,443.0,13.0
ナイト・オブ・ナイツ (Ryu☆Remix),923.0,DSP,0.62,1529.0,1584.0,1761.0,1761.0,13.0,975075.0,1000000.0,1392.0,9.0,587.0,9.0
Neutrino,752.0,begSP,0.62,325.0,340.0,378.0,378.0,6.0,972939.0,1000000.0,452.0,37.0,126.0,4.0
V ～for EXTREME～,138.0,ESP,0.62,979.0,1017.0,1131.0,1131.0,12.0,974271.0,1000000.0,1580.0,20.0,377.0,12.0
suspicions,1216.0,BSP,0.62,717.0,739.0,822.0,822.0,9.0,975736.0,1000000.0,161.0,4.0,274.0,24.0
Unity,1112.0,EDP,0.62,834.0,858.0,954.0,954.0,11.0,978200.0,1000000.0,192.0,3.0,318.0,9.0
London EVOLVED ver.A,468.0,begSP,0.62,349.0,369.0,411.0,411.0,5.0,966831.0,1000000.0,134.0,22.0,137.0,6.0
妄想税,825.0,DSP,0.62,850.0,885.0,984.0,984.0,9.0,973300.0,1000000.0,347.0,14.0,328.0,13.0
Drive Away,1198.0,BDP,0.62,522.0,545.0,606.0,606.0,7.0,972992.0,1000000.0,40.0,6.0,202.0,6.0
ロストワンの号哭,727.0,begSP,0.62,368.0,396.0,441.0,441.0,3.0,961404.0,1000000.0,308.0,56.0,147.0,0.0
Twin Bee -Generation X-,137.0,DDP,0.62,460.0,477.0,531.0,531.0,7.0,973711.0,1000000.0,158.0,10.0,177.0,13.0
We Can Win The Fight,1049.0,EDP,0.61,845.0,869.0,966.0,966.0,11.0,976955.0,1000000.0,189.0,3.0,322.0,23.0
Dreamin&rsquo;,619.0,DSP,0.61,486.0,513.0,570.0,570.0,6.0,966641.0,1000000.0,166.0,23.0,190.0,15.0
エンドルフィン,626.0,begSP,0.61,451.0,486.0,540.0,540.0,4.0,960043.0,1000000.0,279.0,51.0,180.0,7.0
Dance Celebration (System 7 Remix),283.0,DSP,0.61,666.0,688.0,765.0,765.0,9.0,973671.0,1000000.0,266.0,7.0,255.0,32.0
SHION,698.0,ESP,0.61,1326.0,1368.0,1521.0,1521.0,13.0,976832.0,1000000.0,2264.0,6.0,507.0,8.0
Metamorphic,1256.0,BDP,0.61,942.0,958.0,1063.0,1065.0,11.0,982589.0,999980.0,56.0,0.0,355.0,2.0
COME BACK TO MY HEART,435.0,DSP,0.61,534.0,556.0,618.0,618.0,8.0,972725.0,1000000.0,426.0,23.0,206.0,13.0
CAN'T STOP FALLIN' IN LOVE -super euro version-,153.0,BDP,0.61,221.0,234.0,261.0,261.0,2.0,967794.0,1000000.0,606.0,83.0,87.0,0.0
You You You,1127.0,ESP,0.61,1082.0,1112.0,1236.0,1236.0,13.0,978416.0,1000000.0,864.0,3.0,412.0,8.0
invisible rain,778.0,ESP,0.61,717.0,739.0,822.0,822.0,11.0,977093.0,1000000.0,1171.0,9.0,274.0,10.0
Diamond Night,516.0,DSP,0.61,621.0,650.0,723.0,723.0,8.0,971075.0,1000000.0,232.0,19.0,241.0,10.0
Dance With The Dead,1254.0,begSP,0.61,281.0,294.0,327.0,327.0,3.0,967364.0,1000000.0,32.0,7.0,109.0,10.0
RISING FIRE HAWK,708.0,BSP,0.61,597.0,631.0,702.0,702.0,6.0,968474.0,1000000.0,712.0,57.0,234.0,5.0
Dance Celebration (System 7 Remix),283.0,ESP,0.61,904.0,931.0,1035.0,1035.0,13.0,975764.0,1000000.0,1299.0,6.0,345.0,31.0
CAN'T STOP FALLIN' IN LOVE,31.0,DSP,0.61,601.0,634.0,705.0,705.0,6.0,969936.0,1000000.0,293.0,30.0,235.0,0.0
Procyon,831.0,DDP,0.61,787.0,810.0,900.0,900.0,10.0,977267.0,1000000.0,402.0,5.0,300.0,17.0
SHINY DAYS,981.0,ESP,0.61,631.0,653.0,726.0,726.0,10.0,975842.0,1000000.0,1090.0,19.0,242.0,9.0
Mermaid girl,431.0,BDP,0.61,536.0,564.0,627.0,627.0,5.0,971152.0,1000000.0,258.0,26.0,209.0,2.0
New York EVOLVED (Type C),467.0,BDP,0.61,681.0,702.0,780.0,780.0,8.0,976939.0,1000000.0,165.0,5.0,260.0,15.0
Hoping To Be Good,511.0,ESP,0.61,672.0,693.0,771.0,771.0,12.0,977772.0,1000000.0,843.0,10.0,257.0,1.0
Crazy Shuffle,885.0,DSP,0.61,942.0,982.0,1092.0,1092.0,10.0,969700.0,1000000.0,875.0,23.0,364.0,45.0
ONYX,1006.0,BDP,0.6,821.0,853.0,948.0,948.0,8.0,974797.0,1000000.0,262.0,11.0,316.0,9.0
GOLD RUSH,354.0,BDP,0.6,443.0,464.0,516.0,516.0,6.0,969636.0,1000000.0,248.0,23.0,172.0,17.0
タイガーランペイジ,855.0,BDP,0.6,370.0,388.0,432.0,432.0,5.0,968971.0,1000000.0,252.0,27.0,144.0,12.0
Teleportation,1079.0,DDP,0.6,903.0,926.0,1029.0,1029.0,12.0,978699.0,1000000.0,301.0,2.0,343.0,17.0
I-W-U (I Want U),1208.0,DDP,0.6,1154.0,1188.0,1320.0,1320.0,12.0,977532.0,1000000.0,295.0,3.0,440.0,17.0
siberite,689.0,DSP,0.6,909.0,947.0,1053.0,1053.0,10.0,974124.0,1000000.0,647.0,20.0,351.0,3.0
Hold Tight,1169.0,EDP,0.6,983.0,1012.0,1125.0,1125.0,12.0,974192.0,1000000.0,128.0,3.0,375.0,50.0
Special One,721.0,ESP,0.6,688.0,710.0,789.0,789.0,11.0,977864.0,1000000.0,1608.0,15.0,263.0,2.0
Crystarium,1157.0,DDP,0.6,964.0,990.0,1101.0,1101.0,11.0,975537.0,1000000.0,170.0,2.0,367.0,46.0
SHINY DAYS,981.0,CSP,0.6,986.0,1015.0,1128.0,1128.0,14.0,976630.0,1000000.0,1005.0,5.0,376.0,26.0
アドレナリン,1177.0,DSP,0.6,646.0,664.0,738.0,738.0,10.0,979181.0,1000000.0,343.0,5.0,246.0,2.0
妖隠し -あやかしかくし-,656.0,begSP,0.6,306.0,326.0,363.0,363.0,4.0,966013.0,1000000.0,368.0,59.0,121.0,0.0
Aria,1196.0,BDP,0.6,652.0,669.0,744.0,744.0,9.0,977008.0,1000000.0,59.0,2.0,248.0,26.0
KUNG FU FIGHTING,472.0,EDP,0.6,426.0,434.0,483.0,483.0,7.0,981880.0,1000000.0,63.0,1.0,161.0,0.0
bass 2 bass,695.0,BSP,0.6,332.0,353.0,393.0,393.0,5.0,966967.0,1000000.0,599.0,80.0,131.0,0.0
Pump Pump Pump,1059.0,ESP,0.6,1481.0,1522.0,1692.0,1692.0,15.0,977370.0,1000000.0,1199.0,2.0,564.0,24.0
La Se&ntilde;orita,20.0,DSP,0.6,657.0,683.0,759.0,759.0,8.0,975755.0,1000000.0,275.0,14.0,253.0,0.0
Squeeze,577.0,BSP,0.6,542.0,569.0,633.0,633.0,6.0,968571.0,1000000.0,184.0,20.0,211.0,17.0
LOVE &amp; JOY -Risk Junk MIX-,540.0,DSP,0.6,1082.0,1120.0,1245.0,1245.0,9.0,975237.0,1000000.0,67.0,4.0,415.0,16.0
dirty digital,348.0,ESP,0.6,671.0,693.0,771.0,771.0,11.0,976810.0,1000000.0,879.0,13.0,257.0,5.0
カゲロウ,216.0,ESP,0.6,762.0,796.0,885.0,885.0,9.0,973116.0,1000000.0,861.0,33.0,295.0,5.0
Grand Chariot,738.0,BSP,0.6,607.0,631.0,702.0,702.0,7.0,972815.0,1000000.0,1795.0,39.0,234.0,18.0
In The Air,442.0,DSP,0.6,557.0,580.0,645.0,645.0,9.0,970462.0,1000000.0,202.0,15.0,215.0,25.0
地方創生☆チクワクティクス,674.0,BSP,0.6,481.0,507.0,564.0,564.0,6.0,969360.0,1000000.0,420.0,43.0,188.0,4.0
Triple Cross,1032.0,BSP,0.6,938.0,974.0,1083.0,1083.0,9.0,973721.0,1000000.0,452.0,13.0,361.0,19.0
Step This Way,1027.0,BDP,0.6,839.0,866.0,963.0,963.0,9.0,976979.0,1000000.0,179.0,5.0,321.0,9.0
Resurrection,446.0,DSP,0.6,613.0,639.0,711.0,711.0,7.0,968628.0,1000000.0,229.0,16.0,237.0,34.0
THE REASON,521.0,begSP,0.6,136.0,145.0,162.0,162.0,1.0,964309.0,1000000.0,230.0,52.0,54.0,0.0
IRON HEART,902.0,DSP,0.6,685.0,712.0,792.0,792.0,10.0,975102.0,1000000.0,557.0,20.0,264.0,1.0
はなまるぴっぴはよいこだけ,672.0,DSP,0.6,590.0,615.0,684.0,684.0,10.0,973998.0,1000000.0,902.0,37.0,228.0,2.0
夢幻ノ光,225.0,ESP,0.59,927.0,961.0,1068.0,1068.0,11.0,974074.0,1000000.0,1464.0,19.0,356.0,25.0
CUTIE CHASER,15.0,DSP,0.59,478.0,499.0,555.0,555.0,7.0,974279.0,1000000.0,252.0,20.0,185.0,0.0
Destiny lovers,109.0,ESP,0.59,972.0,1004.0,1116.0,1116.0,13.0,976210.0,1000000.0,1638.0,12.0,372.0,14.0
SURVIVAL AT THE END OF THE UNIVERSE,1186.0,BDP,0.59,877.0,904.0,1005.0,1005.0,9.0,977914.0,1000000.0,132.0,4.0,335.0,3.0
Votum stellarum -forest #25 DDR RMX-,273.0,ESP,0.59,933.0,963.0,1071.0,1071.0,12.0,977681.0,1000000.0,1283.0,9.0,357.0,0.0
LoveLove DokiDoki,594.0,ESP,0.59,1336.0,1385.0,1539.0,1539.0,12.0,974097.0,1000000.0,859.0,11.0,513.0,28.0
BLAKE,1039.0,DDP,0.59,1068.0,1098.0,1221.0,1221.0,11.0,976677.0,1000000.0,280.0,3.0,407.0,27.0
Summer fantasy (Darwin remix),663.0,ESP,0.59,960.0,996.0,1107.0,1107.0,13.0,974174.0,1000000.0,1406.0,20.0,369.0,21.0
Baile Le Samba,148.0,DSP,0.59,468.0,483.0,537.0,537.0,10.0,974974.0,1000000.0,384.0,12.0,179.0,18.0
からふるぱすてる,551.0,BSP,0.59,553.0,580.0,645.0,645.0,6.0,969649.0,1000000.0,329.0,29.0,215.0,14.0
PERSIAN LAND,1096.0,DDP,0.59,1249.0,1279.0,1422.0,1422.0,12.0,978824.0,1000000.0,232.0,1.0,474.0,20.0
We're so Happy,991.0,BSP,0.59,915.0,950.0,1056.0,1056.0,9.0,974391.0,1000000.0,655.0,17.0,352.0,12.0
Open Your Eyes,1189.0,EDP,0.59,536.0,550.0,612.0,612.0,9.0,978166.0,1000000.0,92.0,3.0,204.0,11.0
鋳鉄の檻,1014.0,ESP,0.59,1296.0,1341.0,1491.0,1491.0,13.0,975336.0,1000000.0,1309.0,10.0,497.0,17.0
チカラ,218.0,ESP,0.59,956.0,993.0,1104.0,1104.0,10.0,975257.0,1000000.0,1309.0,23.0,368.0,1.0
Eternal Summer,802.0,BDP,0.59,682.0,710.0,789.0,789.0,6.0,973731.0,1000000.0,241.0,15.0,263.0,10.0
The Light,836.0,DSP,0.59,677.0,710.0,789.0,789.0,9.0,970173.0,1000000.0,651.0,42.0,263.0,14.0
resonance,377.0,ESP,0.59,935.0,972.0,1080.0,1080.0,11.0,973323.0,1000000.0,1025.0,24.0,360.0,20.0
Strawberry Chu&#9825;Chu&#9825;,767.0,DSP,0.59,872.0,901.0,1002.0,1002.0,11.0,975656.0,1000000.0,575.0,9.0,334.0,18.0
RISING FIRE HAWK,708.0,BDP,0.59,605.0,629.0,699.0,699.0,6.0,974460.0,1000000.0,484.0,22.0,233.0,8.0
ヒマワリ,219.0,DSP,0.59,731.0,766.0,852.0,852.0,7.0,971602.0,1000000.0,624.0,35.0,284.0,6.0
DEADLOCK -Out Of Reach-,966.0,BDP,0.59,822.0,847.0,942.0,942.0,9.0,977015.0,1000000.0,309.0,5.0,314.0,15.0
going up,353.0,BSP,0.59,753.0,799.0,888.0,888.0,7.0,966943.0,1000000.0,174.0,24.0,296.0,0.0
Romancing Layer,584.0,DSP,0.59,748.0,777.0,864.0,864.0,11.0,974247.0,1000000.0,997.0,26.0,288.0,10.0
LEADING CYBER,39.0,BSP,0.59,497.0,521.0,579.0,579.0,8.0,972856.0,1000000.0,313.0,29.0,193.0,0.0
HAVE YOU NEVER BEEN MELLOW (20th Anniversary Mix),839.0,DDP,0.59,660.0,685.0,762.0,762.0,7.0,975037.0,1000000.0,223.0,11.0,254.0,8.0
Your Angel,400.0,ESP,0.59,962.0,996.0,1107.0,1107.0,10.0,975290.0,1000000.0,1118.0,15.0,369.0,16.0
エイリアンエイリアン,782.0,begSP,0.59,368.0,394.0,438.0,438.0,2.0,963007.0,1000000.0,358.0,61.0,146.0,7.0
CELEBRATE NITE,32.0,BDP,0.59,456.0,480.0,534.0,534.0,6.0,971251.0,1000000.0,242.0,28.0,178.0,0.0
New Generation,559.0,BSP,0.59,508.0,531.0,591.0,591.0,7.0,972614.0,1000000.0,236.0,20.0,197.0,5.0
NEPHILIM DELTA,449.0,BSP,0.59,770.0,807.0,897.0,897.0,8.0,971110.0,1000000.0,344.0,25.0,299.0,10.0
GERBERA,1078.0,BSP,0.58,955.0,993.0,1104.0,1104.0,9.0,974212.0,1000000.0,333.0,13.0,368.0,9.0
Something Just Like This (Alesso Remix) ,877.0,DSP,0.58,545.0,569.0,633.0,633.0,8.0,972552.0,1000000.0,221.0,19.0,211.0,6.0
灼熱Beach Side Bunny,615.0,begSP,0.58,385.0,410.0,456.0,456.0,3.0,966979.0,1000000.0,390.0,58.0,152.0,0.0
回レ！雪月花,566.0,BSP,0.58,387.0,415.0,462.0,462.0,5.0,960708.0,1000000.0,596.0,94.0,154.0,8.0
AFTER THE GAME OF LOVE,14.0,DDP,0.58,427.0,450.0,501.0,501.0,6.0,970295.0,1000000.0,206.0,27.0,167.0,0.0
DANCE ALL NIGHT (DDR EDITION),687.0,DSP,0.58,688.0,723.0,804.0,804.0,8.0,969858.0,1000000.0,571.0,40.0,268.0,12.0
Crazy Control,344.0,ESP,0.58,633.0,656.0,729.0,729.0,9.0,976823.0,1000000.0,582.0,18.0,243.0,0.0
ハラショー！おにぎりサーカス団☆,976.0,DSP,0.58,942.0,974.0,1083.0,1083.0,11.0,975740.0,1000000.0,668.0,11.0,361.0,13.0
A Brighter Day,338.0,ESP,0.58,809.0,842.0,936.0,936.0,9.0,969101.0,1000000.0,989.0,28.0,312.0,50.0
50th Memorial Songs -Flagship medley-,851.0,BDP,0.58,664.0,683.0,759.0,759.0,8.0,978357.0,1000000.0,165.0,4.0,253.0,11.0
BALLAD FOR YOU～想いの雨～,149.0,BSP,0.58,291.0,307.0,342.0,342.0,5.0,965840.0,1000000.0,145.0,25.0,114.0,10.0
SHINY DAYS,981.0,DDP,0.58,495.0,513.0,570.0,570.0,8.0,976430.0,1000000.0,223.0,13.0,190.0,4.0
B4U,28.0,BSP,0.58,480.0,507.0,564.0,564.0,5.0,969785.0,1000000.0,468.0,50.0,188.0,0.0
All My Love,340.0,DSP,0.58,588.0,615.0,684.0,684.0,8.0,970130.0,1000000.0,419.0,28.0,228.0,21.0
恋する☆宇宙戦争っ!!,747.0,begSP,0.58,451.0,483.0,537.0,537.0,4.0,960390.0,1000000.0,504.0,77.0,179.0,16.0
I Love You,911.0,DSP,0.58,1372.0,1412.0,1569.0,1569.0,13.0,976934.0,1000000.0,1220.0,4.0,523.0,25.0
Rescue Me,436.0,ESP,0.58,806.0,831.0,924.0,924.0,12.0,978134.0,1000000.0,1073.0,10.0,308.0,0.0
SHION,698.0,begSP,0.58,386.0,413.0,459.0,459.0,4.0,964449.0,1000000.0,187.0,37.0,153.0,1.0
High School Love,777.0,DSP,0.58,925.0,961.0,1068.0,1068.0,10.0,973117.0,1000000.0,905.0,21.0,356.0,26.0
TRIP MACHINE CLIMAX,46.0,BDP,0.58,549.0,569.0,633.0,633.0,7.0,976470.0,1000000.0,163.0,10.0,211.0,0.0
Destiny lovers,109.0,DDP,0.58,549.0,569.0,633.0,633.0,7.0,974302.0,1000000.0,192.0,11.0,211.0,14.0
X-ray binary,973.0,DSP,0.58,1010.0,1050.0,1167.0,1167.0,10.0,974430.0,1000000.0,490.0,15.0,389.0,10.0
イーディーエム・ジャンパーズ,675.0,BSP,0.58,429.0,448.0,498.0,498.0,5.0,968610.0,1000000.0,377.0,31.0,166.0,24.0
Freeway Shuffle,244.0,DSP,0.58,642.0,672.0,747.0,747.0,8.0,971499.0,1000000.0,468.0,32.0,249.0,10.0
I'm so Happy,359.0,begSP,0.58,256.0,275.0,306.0,306.0,3.0,962246.0,1000000.0,201.0,45.0,102.0,2.0
WARNING&times;WARNING&times;WARNING,1070.0,EDP,0.58,1211.0,1250.0,1389.0,1389.0,13.0,973766.0,1000000.0,441.0,6.0,463.0,53.0
繚乱ヒットチャート,453.0,BDP,0.58,475.0,496.0,552.0,552.0,5.0,970590.0,1000000.0,176.0,18.0,184.0,14.0
チュッチュ&#9834;マチュピチュ,1115.0,DSP,0.58,874.0,893.0,993.0,993.0,11.0,980890.0,1000000.0,524.0,1.0,331.0,2.0
バンブーソード・ガール,597.0,begSP,0.58,233.0,248.0,276.0,276.0,2.0,965985.0,1000000.0,217.0,45.0,92.0,0.0
毒占欲,880.0,DSP,0.58,647.0,672.0,747.0,747.0,8.0,973605.0,1000000.0,299.0,16.0,249.0,15.0
Tracers (4Beat Remix),324.0,DSP,0.58,614.0,645.0,717.0,717.0,7.0,970608.0,1000000.0,155.0,18.0,239.0,8.0
KUNG FU FIGHTING,472.0,DDP,0.58,355.0,367.0,408.0,408.0,6.0,977414.0,1000000.0,39.0,5.0,136.0,0.0
轟け！恋のビーンボール！！,579.0,BDP,0.58,591.0,615.0,684.0,684.0,6.0,973959.0,1000000.0,319.0,19.0,228.0,7.0
鋳鉄の檻,1014.0,BSP,0.58,704.0,739.0,822.0,822.0,7.0,971550.0,1000000.0,329.0,27.0,274.0,1.0
ずっとみつめていて (Ryu☆Remix),502.0,ESP,0.58,934.0,969.0,1077.0,1077.0,12.0,975375.0,1000000.0,1840.0,26.0,359.0,7.0
Step This Way,1027.0,BSP,0.58,869.0,901.0,1002.0,1002.0,9.0,975095.0,1000000.0,245.0,10.0,334.0,9.0
Wake Me Up,716.0,ESP,0.58,1016.0,1047.0,1164.0,1164.0,12.0,975632.0,1000000.0,1581.0,8.0,388.0,32.0
Concertino in Blue,1106.0,BDP,0.58,323.0,332.0,369.0,369.0,5.0,978841.0,1000000.0,100.0,6.0,123.0,4.0
Right Time Right Way,861.0,DSP,0.58,1022.0,1058.0,1176.0,1176.0,11.0,974830.0,1000000.0,653.0,12.0,392.0,21.0
みゅ、みゅ、M&uuml;llる,1163.0,DSP,0.57,870.0,899.0,999.0,999.0,11.0,976335.0,1000000.0,593.0,11.0,333.0,12.0
Shout It Out,1040.0,DDP,0.57,1214.0,1242.0,1380.0,1380.0,12.0,978266.0,1000000.0,246.0,1.0,460.0,37.0
Dazzlin' Darlin,345.0,BSP,0.57,491.0,518.0,576.0,576.0,6.0,968574.0,1000000.0,429.0,47.0,192.0,8.0
Silver Platform - I wanna get your heart -,258.0,DSP,0.57,634.0,661.0,735.0,735.0,7.0,971554.0,1000000.0,197.0,16.0,245.0,18.0
stealth,262.0,EDP,0.57,897.0,923.0,1026.0,1026.0,11.0,977990.0,1000000.0,421.0,5.0,342.0,10.0
New Century,700.0,begSP,0.57,337.0,359.0,399.0,399.0,4.0,964233.0,1000000.0,452.0,74.0,133.0,7.0
HYPER EUROBEAT,116.0,ESP,0.57,805.0,834.0,927.0,927.0,10.0,974977.0,1000000.0,1156.0,21.0,309.0,16.0
LoveLove DokiDoki,594.0,DSP,0.57,998.0,1034.0,1149.0,1149.0,10.0,975885.0,1000000.0,312.0,10.0,383.0,6.0
大見解,144.0,BDP,0.57,531.0,553.0,615.0,615.0,5.0,974241.0,1000000.0,199.0,17.0,205.0,2.0
New Beginning,444.0,CSP,0.57,983.0,1017.0,1131.0,1131.0,12.0,970829.0,1000000.0,819.0,13.0,377.0,62.0
伐折羅-vajra-,1182.0,DSP,0.57,1015.0,1044.0,1161.0,1161.0,12.0,977842.0,1000000.0,497.0,4.0,387.0,13.0
MOONSTER,248.0,ESP,0.57,895.0,923.0,1026.0,1026.0,12.0,974737.0,1000000.0,1207.0,10.0,342.0,37.0
take me higher,943.0,ESP,0.57,1121.0,1155.0,1284.0,1284.0,13.0,977337.0,1000000.0,1433.0,7.0,428.0,12.0
Starry HEAVEN,504.0,ESP,0.57,764.0,793.0,882.0,882.0,10.0,974794.0,1000000.0,676.0,19.0,294.0,11.0
KISS KISS KISS 秋葉工房 MIX,362.0,DDP,0.57,710.0,734.0,816.0,816.0,8.0,973308.0,1000000.0,268.0,10.0,272.0,32.0
ロキ(w/緒方恵美),1012.0,DSP,0.57,713.0,745.0,828.0,828.0,9.0,972705.0,1000000.0,473.0,28.0,276.0,9.0
ONYX,1006.0,DSP,0.57,1130.0,1169.0,1299.0,1299.0,11.0,974926.0,1000000.0,836.0,12.0,433.0,25.0
HyperTwist,938.0,DSP,0.57,1047.0,1088.0,1209.0,1209.0,12.0,974453.0,1000000.0,1415.0,26.0,403.0,12.0
HAPPY☆ANGEL,168.0,DDP,0.57,672.0,702.0,780.0,780.0,8.0,970226.0,1000000.0,378.0,26.0,260.0,26.0
Everything I Need,513.0,DDP,0.56,510.0,531.0,591.0,591.0,6.0,966361.0,1000000.0,140.0,13.0,197.0,42.0
Sparkle Smilin',952.0,DSP,0.56,1049.0,1085.0,1206.0,1206.0,11.0,975027.0,1000000.0,765.0,12.0,402.0,23.0
ビビットストリーム,658.0,BDP,0.56,682.0,710.0,789.0,789.0,6.0,973159.0,1000000.0,300.0,18.0,263.0,16.0
glacia,1087.0,DSP,0.56,1383.0,1425.0,1584.0,1584.0,14.0,976983.0,1000000.0,883.0,5.0,528.0,16.0
stellar rain,1076.0,ESP,0.56,1259.0,1296.0,1440.0,1440.0,13.0,977575.0,1000000.0,1003.0,5.0,480.0,15.0
Let Me Know,1121.0,DSP,0.56,877.0,904.0,1005.0,1005.0,11.0,977432.0,1000000.0,462.0,7.0,335.0,10.0
紅焔,489.0,BDP,0.56,525.0,548.0,609.0,609.0,6.0,972615.0,1000000.0,234.0,21.0,203.0,10.0
Feidie,929.0,EDP,0.56,872.0,899.0,999.0,999.0,10.0,977134.0,1000000.0,457.0,8.0,333.0,12.0
未完成ノ蒸氣驅動乙女 (DDR Edition),898.0,BSP,0.56,861.0,891.0,990.0,990.0,9.0,971838.0,1000000.0,503.0,12.0,330.0,52.0
Happy Wedding,114.0,EDP,0.56,696.0,718.0,798.0,798.0,9.0,977655.0,1000000.0,425.0,10.0,266.0,5.0
DESTINY,77.0,DSP,0.56,656.0,688.0,765.0,765.0,7.0,970011.0,1000000.0,242.0,23.0,255.0,16.0
ハルイチバン,775.0,EDP,0.56,1032.0,1063.0,1182.0,1182.0,11.0,974739.0,1000000.0,647.0,6.0,394.0,44.0
smooooch･&forall;･,390.0,BDP,0.56,448.0,467.0,519.0,519.0,5.0,972122.0,1000000.0,287.0,25.0,173.0,13.0
Are U Ready,1105.0,DDP,0.56,992.0,1023.0,1137.0,1137.0,10.0,976199.0,1000000.0,253.0,6.0,379.0,21.0
&#9825;Drive My Heart&#9825;,1056.0,EDP,0.56,1185.0,1215.0,1350.0,1350.0,13.0,978202.0,1000000.0,443.0,2.0,450.0,27.0
Find You Again,432.0,DSP,0.56,518.0,537.0,597.0,597.0,9.0,975880.0,1000000.0,331.0,18.0,199.0,4.0
Like A Star,1058.0,ESP,0.56,1421.0,1463.0,1626.0,1626.0,14.0,977451.0,1000000.0,1157.0,5.0,542.0,11.0
星屑のキロク,574.0,BSP,0.56,597.0,626.0,696.0,696.0,6.0,968580.0,1000000.0,239.0,24.0,232.0,24.0
Children of the Beat,514.0,CSP,0.56,1193.0,1233.0,1371.0,1371.0,12.0,975837.0,1000000.0,1263.0,12.0,457.0,14.0
IF YOU WERE HERE,357.0,ESP,0.56,754.0,777.0,864.0,864.0,10.0,976285.0,1000000.0,258.0,6.0,288.0,22.0
ORION.78(AMeuro-MIX),42.0,ESP,0.56,837.0,864.0,960.0,960.0,12.0,978186.0,1000000.0,1396.0,14.0,320.0,0.0
Love Again,366.0,begSP,0.56,141.0,151.0,168.0,168.0,2.0,964385.0,1000000.0,123.0,34.0,56.0,0.0
TRIP MACHINE(X-Special),328.0,CSP,0.56,728.0,756.0,840.0,840.0,11.0,973611.0,1000000.0,996.0,28.0,280.0,22.0
Hella Deep,995.0,BDP,0.56,701.0,723.0,804.0,804.0,7.0,976186.0,1000000.0,238.0,8.0,268.0,15.0
ちくわパフェだよ☆ＣＫＰ (Yvya Remix),1245.0,EDP,0.56,1170.0,1201.0,1335.0,1335.0,12.0,977695.0,1000000.0,80.0,2.0,445.0,25.0
Towards the TOWER,722.0,BSP,0.55,464.0,486.0,540.0,540.0,5.0,972039.0,1000000.0,263.0,28.0,180.0,7.0
Adularia,611.0,BSP,0.55,518.0,550.0,612.0,612.0,6.0,963971.0,1000000.0,454.0,58.0,204.0,18.0
RED ZONE,198.0,begSP,0.55,318.0,348.0,387.0,387.0,4.0,955775.0,1000000.0,161.0,43.0,129.0,0.0
Let Me Show You,1139.0,DDP,0.55,1021.0,1053.0,1170.0,1170.0,11.0,977099.0,1000000.0,254.0,6.0,390.0,12.0
ラブキラ☆スプラッシュ,927.0,DSP,0.55,942.0,972.0,1080.0,1080.0,10.0,975712.0,1000000.0,775.0,11.0,360.0,25.0
君氏危うくも近うよれ,763.0,BDP,0.55,438.0,456.0,507.0,507.0,6.0,975230.0,1000000.0,368.0,26.0,169.0,2.0
恋,1009.0,DSP,0.55,633.0,656.0,729.0,729.0,8.0,973857.0,1000000.0,425.0,18.0,243.0,21.0
Wuv U,1114.0,DSP,0.55,836.0,864.0,960.0,960.0,10.0,975811.0,1000000.0,363.0,10.0,320.0,19.0
女々しくて,409.0,DDP,0.55,550.0,567.0,630.0,630.0,7.0,978570.0,1000000.0,73.0,5.0,210.0,3.0
Silly Love,924.0,begSP,0.55,386.0,407.0,453.0,453.0,4.0,967455.0,1000000.0,201.0,30.0,151.0,11.0
CANDY☆,61.0,ESP,0.55,875.0,909.0,1011.0,1011.0,11.0,973532.0,1000000.0,2037.0,36.0,337.0,20.0
SOUL CRASH,259.0,BSP,0.55,543.0,572.0,636.0,636.0,6.0,969730.0,1000000.0,159.0,22.0,212.0,6.0
Six String Proof,890.0,BSP,0.55,500.0,518.0,576.0,576.0,7.0,975192.0,1000000.0,255.0,16.0,192.0,8.0
concon,1107.0,ESP,0.55,1504.0,1552.0,1725.0,1725.0,14.0,976023.0,1000000.0,963.0,7.0,575.0,22.0
DROP THE BOMB,17.0,BDP,0.55,513.0,537.0,597.0,597.0,6.0,972909.0,1000000.0,244.0,26.0,199.0,0.0
Wings of an Angel (Fly With Me),445.0,DDP,0.55,763.0,788.0,876.0,876.0,8.0,976475.0,1000000.0,182.0,7.0,292.0,14.0
Procyon,831.0,DSP,0.55,790.0,815.0,906.0,906.0,11.0,975913.0,1000000.0,779.0,13.0,302.0,19.0
Teleportation,1079.0,BSP,0.55,561.0,583.0,648.0,648.0,8.0,975797.0,1000000.0,290.0,18.0,216.0,2.0
Waiting,835.0,DSP,0.55,809.0,837.0,930.0,930.0,10.0,976533.0,1000000.0,569.0,14.0,310.0,9.0
CANDY&#9825;,74.0,BDP,0.55,358.0,375.0,417.0,417.0,4.0,969682.0,1000000.0,279.0,34.0,139.0,12.0
STERLING SILVER (U1 overground mix),733.0,BDP,0.55,608.0,631.0,702.0,702.0,7.0,974776.0,1000000.0,298.0,16.0,234.0,9.0
Electronic Sports Complex,1223.0,BDP,0.55,908.0,931.0,1035.0,1035.0,10.0,978841.0,1000000.0,321.0,3.0,345.0,13.0
MOVE! (We Keep It Movin'),1019.0,BDP,0.55,609.0,631.0,702.0,702.0,7.0,972717.0,1000000.0,231.0,13.0,234.0,25.0
Environ [De-SYNC] (feat. lythe),1097.0,DDP,0.55,989.0,1017.0,1131.0,1131.0,12.0,976194.0,1000000.0,275.0,4.0,377.0,33.0
KEEP ON MOVIN',8.0,BDP,0.55,293.0,305.0,339.0,339.0,5.0,975723.0,1000000.0,241.0,26.0,113.0,0.0
Holic,37.0,BDP,0.55,515.0,534.0,594.0,594.0,7.0,976538.0,1000000.0,215.0,14.0,198.0,0.0
On The Break,300.0,BSP,0.55,633.0,661.0,735.0,735.0,8.0,968979.0,1000000.0,307.0,24.0,245.0,32.0
Fly far bounce,750.0,BDP,0.55,438.0,456.0,507.0,507.0,6.0,974253.0,1000000.0,334.0,25.0,169.0,7.0
Six String Proof,890.0,BDP,0.54,494.0,510.0,567.0,567.0,7.0,977245.0,1000000.0,157.0,9.0,189.0,6.0
TRIP MACHINE (xac nanoglide mix),484.0,DSP,0.54,1120.0,1155.0,1284.0,1284.0,12.0,975635.0,1000000.0,875.0,9.0,428.0,29.0
熱情のサパデアード,847.0,begSP,0.54,296.0,324.0,360.0,360.0,2.0,951469.0,1000000.0,165.0,46.0,120.0,9.0
Hopeful,745.0,ESP,0.54,965.0,993.0,1104.0,1104.0,13.0,977442.0,1000000.0,1962.0,10.0,368.0,14.0
Mermaid girl,431.0,BSP,0.54,476.0,507.0,564.0,564.0,4.0,964067.0,1000000.0,323.0,53.0,188.0,8.0
凛として咲く花の如く ～ひなビタ&#9834; edition～,562.0,BSP,0.54,538.0,567.0,630.0,630.0,5.0,966425.0,1000000.0,379.0,45.0,210.0,22.0
Far east nightbird kors k Remix -DDR edit ver-,736.0,BSP,0.54,593.0,621.0,690.0,690.0,7.0,970371.0,1000000.0,450.0,38.0,230.0,17.0
エキサイティング！！も・ちゃ・ちゃ☆,753.0,begSP,0.54,438.0,461.0,513.0,513.0,4.0,966229.0,1000000.0,233.0,32.0,171.0,19.0
量子の海のリントヴルム,1090.0,begSP,0.54,309.0,321.0,357.0,357.0,5.0,974144.0,1000000.0,158.0,17.0,119.0,8.0
VALLIS-NERIA,1113.0,DSP,0.54,1390.0,1428.0,1587.0,1587.0,13.0,977283.0,1000000.0,584.0,3.0,529.0,31.0
AFRONOVA(FROM NONSTOP MEGAMIX),67.0,CSP,0.54,945.0,982.0,1092.0,1092.0,10.0,974469.0,1000000.0,1184.0,29.0,364.0,9.0
Midnight Amaretto,944.0,DSP,0.54,731.0,756.0,840.0,840.0,10.0,975594.0,1000000.0,780.0,18.0,280.0,18.0
至上のラトゥーリア,935.0,ESP,0.54,1050.0,1077.0,1197.0,1197.0,12.0,978051.0,1000000.0,1315.0,4.0,399.0,23.0
Deep tenDon Reflex,1063.0,BDP,0.54,600.0,621.0,690.0,690.0,7.0,975990.0,1000000.0,303.0,15.0,230.0,9.0
The History of the Future,905.0,BSP,0.54,693.0,718.0,798.0,798.0,9.0,975480.0,1000000.0,500.0,18.0,266.0,12.0
Wow Wow VENUS,563.0,ESP,0.54,1046.0,1082.0,1203.0,1203.0,11.0,974635.0,1000000.0,1257.0,18.0,401.0,25.0
Shiny World,388.0,BSP,0.54,513.0,542.0,603.0,603.0,8.0,968506.0,1000000.0,354.0,45.0,201.0,5.0
TRIP MACHINE～luv mix～,26.0,BSP,0.54,542.0,564.0,627.0,627.0,9.0,975347.0,1000000.0,370.0,25.0,209.0,0.0
からふるぱすてる,551.0,BDP,0.54,521.0,540.0,600.0,600.0,6.0,974724.0,1000000.0,252.0,17.0,200.0,12.0
Shout It Out,1040.0,BSP,0.54,873.0,904.0,1005.0,1005.0,9.0,973866.0,1000000.0,378.0,13.0,335.0,28.0
The Night Away (MK Remix),682.0,ESP,0.54,1048.0,1088.0,1209.0,1209.0,12.0,973875.0,1000000.0,1720.0,33.0,403.0,20.0
printemps,565.0,DSP,0.54,728.0,753.0,837.0,837.0,10.0,975598.0,1000000.0,607.0,18.0,279.0,13.0
Midnight Amaretto,944.0,BSP,0.54,515.0,542.0,603.0,603.0,6.0,969429.0,1000000.0,330.0,38.0,201.0,8.0
天空の華,665.0,BSP,0.54,460.0,480.0,534.0,534.0,7.0,972459.0,1000000.0,583.0,42.0,178.0,9.0
ベィスドロップ・フリークス,723.0,BSP,0.54,581.0,610.0,678.0,678.0,7.0,968596.0,1000000.0,622.0,52.0,226.0,22.0
ポジティブ☆ダンスタイム,1206.0,EDP,0.54,1191.0,1220.0,1356.0,1356.0,12.0,979840.0,1000000.0,338.0,2.0,452.0,2.0
Alone,870.0,BSP,0.54,443.0,469.0,522.0,522.0,5.0,967543.0,1000000.0,298.0,45.0,174.0,3.0
VANESSA,396.0,BSP,0.54,593.0,623.0,693.0,693.0,7.0,967696.0,1000000.0,307.0,33.0,231.0,22.0
雫,454.0,BSP,0.54,378.0,396.0,441.0,441.0,5.0,968387.0,1000000.0,186.0,25.0,147.0,15.0
Until the End,447.0,ESP,0.54,1030.0,1066.0,1185.0,1185.0,12.0,976170.0,1000000.0,1065.0,17.0,395.0,8.0
out of focus,751.0,BDP,0.53,405.0,418.0,465.0,465.0,6.0,973270.0,1000000.0,455.0,20.0,155.0,21.0
MY SUMMER LOVE,41.0,DDP,0.53,478.0,502.0,558.0,558.0,8.0,971778.0,1000000.0,208.0,28.0,186.0,0.0
LOVING YOU (Epidemik remix),295.0,DSP,0.53,619.0,645.0,717.0,717.0,8.0,974148.0,1000000.0,287.0,22.0,239.0,4.0
Ace out,879.0,ESP,0.53,1188.0,1223.0,1359.0,1359.0,14.0,977849.0,1000000.0,1818.0,8.0,453.0,11.0
STARS☆☆☆（Re-tuned by H&Lambda;L） - DDR EDITION -,261.0,DSP,0.53,757.0,780.0,867.0,867.0,10.0,977494.0,1000000.0,583.0,11.0,289.0,9.0
Straight Oath,501.0,BSP,0.53,636.0,664.0,738.0,738.0,8.0,971753.0,1000000.0,250.0,22.0,246.0,16.0
女言葉の消失,651.0,BSP,0.53,570.0,599.0,666.0,666.0,6.0,968288.0,1000000.0,290.0,32.0,222.0,20.0
Far east nightbird kors k Remix -DDR edit ver-,736.0,ESP,0.53,1057.0,1090.0,1212.0,1212.0,13.0,976984.0,1000000.0,2267.0,14.0,404.0,11.0
Starry HEAVEN,504.0,DSP,0.53,548.0,569.0,633.0,633.0,8.0,974132.0,1000000.0,163.0,13.0,211.0,12.0
CAN'T STOP FALLIN' IN LOVE,31.0,DDP,0.53,578.0,604.0,672.0,672.0,6.0,973162.0,1000000.0,201.0,21.0,224.0,0.0
BLACK JACKAL,889.0,BDP,0.53,671.0,696.0,774.0,774.0,7.0,974813.0,1000000.0,312.0,16.0,258.0,12.0
狂水一華,965.0,BDP,0.53,638.0,661.0,735.0,735.0,7.0,975358.0,1000000.0,341.0,16.0,245.0,11.0
Break Free,710.0,BDP,0.53,425.0,440.0,489.0,489.0,6.0,977045.0,1000000.0,263.0,19.0,163.0,0.0
蒼い衝動 ～for EXTREME～,143.0,DSP,0.53,596.0,623.0,693.0,693.0,6.0,971710.0,1000000.0,446.0,36.0,231.0,9.0
ビューティフル レシート,405.0,DSP,0.53,892.0,923.0,1026.0,1026.0,10.0,971746.0,1000000.0,1061.0,20.0,342.0,52.0
朧,691.0,begSP,0.53,272.0,286.0,318.0,318.0,3.0,971240.0,1000000.0,614.0,84.0,106.0,0.0
City Never Sleeps,946.0,BSP,0.53,645.0,672.0,747.0,747.0,7.0,973510.0,1000000.0,646.0,36.0,249.0,9.0
Children of the Beat,514.0,BDP,0.53,552.0,577.0,642.0,642.0,7.0,972409.0,1000000.0,224.0,23.0,214.0,5.0
LOVE IS ORANGE,178.0,CSP,0.53,869.0,904.0,1005.0,1005.0,11.0,974283.0,1000000.0,1508.0,42.0,335.0,8.0
Mind Parasite,184.0,EDP,0.53,782.0,804.0,894.0,894.0,10.0,976744.0,1000000.0,337.0,6.0,298.0,24.0
ありふれたせかいせいふく,822.0,ESP,0.53,1130.0,1166.0,1296.0,1296.0,14.0,977016.0,1000000.0,1803.0,14.0,432.0,9.0
Pink Rose,128.0,DDP,0.53,513.0,534.0,594.0,594.0,7.0,973027.0,1000000.0,306.0,23.0,198.0,13.0
DEADLOCK -Out Of Reach-,966.0,BSP,0.53,855.0,885.0,984.0,984.0,9.0,975154.0,1000000.0,577.0,17.0,328.0,15.0
resonance,377.0,DDP,0.53,665.0,688.0,765.0,765.0,8.0,974973.0,1000000.0,159.0,10.0,255.0,16.0
BROKEN MY HEART,51.0,ESP,0.53,940.0,972.0,1080.0,1080.0,12.0,977278.0,1000000.0,1690.0,23.0,360.0,0.0
Deep tenDon Reflex,1063.0,BSP,0.53,596.0,621.0,690.0,690.0,7.0,973369.0,1000000.0,448.0,32.0,230.0,9.0
追憶のアリア,958.0,DSP,0.53,591.0,610.0,678.0,678.0,7.0,975725.0,1000000.0,403.0,15.0,226.0,16.0
フー・フローツ,550.0,ESP,0.53,1133.0,1169.0,1299.0,1299.0,12.0,977229.0,1000000.0,1907.0,15.0,433.0,7.0
Not Alone,1217.0,BDP,0.53,564.0,580.0,645.0,645.0,8.0,979243.0,1000000.0,139.0,6.0,215.0,0.0
HIGHER,36.0,DSP,0.52,551.0,577.0,642.0,642.0,7.0,972631.0,1000000.0,294.0,30.0,214.0,0.0
この青空の下で,692.0,BDP,0.52,573.0,599.0,666.0,666.0,6.0,973783.0,1000000.0,452.0,36.0,222.0,0.0
Dead Heat,827.0,ESP,0.52,1015.0,1047.0,1164.0,1164.0,14.0,976206.0,1000000.0,1942.0,15.0,388.0,22.0
PUT YOUR FAITH IN ME (Jazzy Groove),477.0,DSP,0.52,432.0,450.0,501.0,501.0,7.0,974686.0,1000000.0,188.0,19.0,167.0,0.0
Dreamin&rsquo;,619.0,ESP,0.52,725.0,747.0,831.0,831.0,9.0,976566.0,1000000.0,630.0,11.0,277.0,17.0
MAKE A JAM!,719.0,ESP,0.52,624.0,648.0,720.0,720.0,9.0,976267.0,1000000.0,1562.0,50.0,240.0,0.0
TRIP MACHINE～luv mix～,26.0,DSP,0.52,655.0,677.0,753.0,753.0,10.0,977588.0,1000000.0,601.0,17.0,251.0,0.0
MAX LOVE,367.0,DSP,0.52,966.0,1004.0,1116.0,1116.0,8.0,974669.0,1000000.0,514.0,21.0,372.0,7.0
ランカーキラーガール,904.0,BSP,0.52,663.0,691.0,768.0,768.0,8.0,973492.0,1000000.0,532.0,33.0,256.0,9.0
Good Sound United,1094.0,begSP,0.52,382.0,396.0,441.0,441.0,5.0,975900.0,1000000.0,205.0,17.0,147.0,2.0
only my railgun,371.0,begSP,0.52,193.0,205.0,228.0,228.0,1.0,963568.0,1000000.0,456.0,93.0,76.0,7.0
恋,1009.0,ESP,0.52,844.0,872.0,969.0,969.0,11.0,975604.0,1000000.0,1227.0,22.0,323.0,19.0
Ha･lle･lu･jah,696.0,BDP,0.52,402.0,418.0,465.0,465.0,4.0,973375.0,1000000.0,410.0,34.0,155.0,8.0
天上の星～黎明記～,452.0,BSP,0.52,431.0,456.0,507.0,507.0,5.0,967553.0,1000000.0,253.0,41.0,169.0,7.0
Under the Sky,213.0,BDP,0.52,242.0,251.0,279.0,279.0,3.0,976493.0,1000000.0,276.0,31.0,93.0,0.0
HEART BEAT FORMULA,448.0,BDP,0.52,655.0,677.0,753.0,753.0,7.0,976798.0,1000000.0,168.0,10.0,251.0,3.0
Another Phase,526.0,BDP,0.52,701.0,729.0,810.0,810.0,7.0,974986.0,1000000.0,355.0,22.0,270.0,5.0
exotic ethnic,62.0,DSP,0.52,692.0,718.0,798.0,798.0,8.0,971283.0,1000000.0,476.0,23.0,266.0,37.0
GHOST KINGDOM,967.0,BDP,0.52,449.0,464.0,516.0,516.0,5.0,974716.0,1000000.0,231.0,15.0,172.0,15.0
Jungle Dance,1193.0,DDP,0.52,1134.0,1166.0,1296.0,1296.0,12.0,977685.0,1000000.0,226.0,4.0,432.0,19.0
Worst Plan,1074.0,DSP,0.52,1090.0,1117.0,1242.0,1242.0,12.0,978472.0,1000000.0,564.0,3.0,414.0,20.0
Bang Pad(Werk Mix),963.0,DSP,0.52,807.0,828.0,921.0,921.0,9.0,977925.0,1000000.0,359.0,5.0,307.0,17.0
X-ray binary,973.0,ESP,0.52,1389.0,1431.0,1590.0,1590.0,13.0,977712.0,1000000.0,1262.0,9.0,530.0,3.0
Pure Rude,1195.0,DSP,0.52,1468.0,1517.0,1686.0,1686.0,13.0,976587.0,1000000.0,612.0,10.0,562.0,1.0
ライアーダンス,856.0,BSP,0.52,535.0,564.0,627.0,627.0,6.0,970316.0,1000000.0,252.0,35.0,209.0,1.0
TWINKLE&#9825;HEART,455.0,DSP,0.52,790.0,820.0,912.0,912.0,7.0,974002.0,1000000.0,514.0,22.0,304.0,16.0
AI,1028.0,DDP,0.52,1002.0,1031.0,1146.0,1146.0,12.0,976701.0,1000000.0,405.0,6.0,382.0,28.0
dreaming can make a wish come true,418.0,DSP,0.52,684.0,712.0,792.0,792.0,7.0,973462.0,1000000.0,220.0,17.0,264.0,12.0
乙女繚乱 舞い咲き誇れ,642.0,begSP,0.51,405.0,426.0,474.0,474.0,4.0,966857.0,1000000.0,212.0,32.0,158.0,17.0
☆shining☆,337.0,ESP,0.51,1059.0,1093.0,1215.0,1215.0,11.0,975443.0,1000000.0,929.0,14.0,405.0,26.0
Evans,994.0,begSP,0.51,428.0,450.0,501.0,501.0,5.0,970234.0,1000000.0,320.0,42.0,167.0,3.0
魔理沙は大変なものを盗んでいきました,678.0,BSP,0.51,615.0,648.0,720.0,720.0,6.0,970236.0,1000000.0,653.0,68.0,240.0,2.0
Teleportation,1079.0,DSP,0.51,975.0,1001.0,1113.0,1113.0,12.0,978395.0,1000000.0,720.0,5.0,371.0,15.0
脳漿炸裂ガール,759.0,DSP,0.51,1126.0,1166.0,1296.0,1296.0,10.0,973748.0,1000000.0,973.0,20.0,432.0,34.0
aftershock!!,339.0,DSP,0.51,899.0,936.0,1041.0,1041.0,9.0,969968.0,1000000.0,419.0,23.0,347.0,43.0
Qipch&#x101;q,492.0,DDP,0.51,639.0,656.0,729.0,729.0,8.0,978256.0,1000000.0,140.0,5.0,243.0,14.0
BALLAD THE FEATHERS,342.0,CSP,0.51,525.0,545.0,606.0,606.0,8.0,972428.0,1000000.0,527.0,30.0,202.0,22.0
in love wit you,360.0,EDP,0.51,709.0,726.0,807.0,807.0,9.0,966149.0,1000000.0,274.0,4.0,269.0,100.0
Thank You Merry Christmas,623.0,BDP,0.51,561.0,583.0,648.0,648.0,5.0,973003.0,1000000.0,186.0,17.0,216.0,17.0
CUTIE CHASER,15.0,ESP,0.51,671.0,691.0,768.0,768.0,10.0,978797.0,1000000.0,1186.0,18.0,256.0,0.0
DREAMING-ING!!,764.0,DSP,0.51,810.0,837.0,930.0,930.0,10.0,977127.0,1000000.0,696.0,18.0,310.0,5.0
Strawberry Chu&#9825;Chu&#9825;,767.0,ESP,0.51,1101.0,1128.0,1254.0,1254.0,13.0,979356.0,1000000.0,1602.0,3.0,418.0,13.0
Far east nightbird,735.0,BDP,0.51,544.0,567.0,630.0,630.0,6.0,974061.0,1000000.0,339.0,30.0,210.0,4.0
HANIPAGANDA,1229.0,DSP,0.51,1139.0,1163.0,1293.0,1293.0,12.0,978857.0,1000000.0,230.0,1.0,431.0,35.0
HAPPY☆LUCKY☆YEAPPY,639.0,begSP,0.51,494.0,518.0,576.0,576.0,6.0,970843.0,1000000.0,282.0,33.0,192.0,10.0
Saturday Night Love,199.0,EDP,0.51,595.0,612.0,681.0,681.0,8.0,978352.0,1000000.0,332.0,8.0,227.0,7.0
Firestorm,919.0,BSP,0.51,664.0,691.0,768.0,768.0,8.0,974344.0,1000000.0,535.0,31.0,256.0,8.0
A Brighter Day,338.0,DSP,0.51,655.0,680.0,756.0,756.0,7.0,971430.0,1000000.0,351.0,22.0,252.0,31.0
PASSION OF LOVE,191.0,DSP,0.51,626.0,653.0,726.0,726.0,7.0,971658.0,1000000.0,173.0,18.0,242.0,18.0
escape,524.0,DSP,0.51,579.0,602.0,669.0,669.0,8.0,975103.0,1000000.0,250.0,20.0,223.0,5.0
ウサテイ,1068.0,DDP,0.51,841.0,864.0,960.0,960.0,11.0,979503.0,1000000.0,373.0,6.0,320.0,2.0
BUTTERFLY (20th Anniversary Mix),869.0,ESP,0.51,1217.0,1255.0,1395.0,1395.0,12.0,976530.0,1000000.0,1699.0,13.0,465.0,20.0
True Blue,571.0,BDP,0.51,605.0,631.0,702.0,702.0,6.0,971797.0,1000000.0,247.0,23.0,234.0,15.0
No Tears Left to Cry,874.0,DSP,0.51,477.0,496.0,552.0,552.0,7.0,973590.0,1000000.0,196.0,18.0,184.0,11.0
New Generation,559.0,DSP,0.51,876.0,904.0,1005.0,1005.0,10.0,977365.0,1000000.0,607.0,14.0,335.0,4.0
Get Back Up!,413.0,ESP,0.5,796.0,820.0,912.0,912.0,12.0,976869.0,1000000.0,1145.0,16.0,304.0,14.0
Chronos,439.0,BDP,0.5,392.0,405.0,450.0,450.0,4.0,971401.0,1000000.0,215.0,16.0,150.0,29.0
exotic ethnic,62.0,ESP,0.5,1177.0,1220.0,1356.0,1356.0,13.0,974539.0,1000000.0,2323.0,34.0,452.0,21.0
MEGALOVANIA,1071.0,BSP,0.5,763.0,788.0,876.0,876.0,9.0,974372.0,1000000.0,473.0,14.0,292.0,32.0
&hearts;Love&sup2;シュガ&rarr;&hearts;,98.0,DDP,0.5,491.0,510.0,567.0,567.0,7.0,975494.0,1000000.0,173.0,17.0,189.0,3.0
LOVE EAST,1230.0,ESP,0.5,1508.0,1541.0,1713.0,1713.0,15.0,980034.0,1000000.0,512.0,1.0,571.0,9.0
テレキャスタービーボーイ,1036.0,ESP,0.5,1123.0,1158.0,1287.0,1287.0,12.0,972099.0,1000000.0,1189.0,13.0,429.0,75.0
MAXX UNLIMITED,84.0,BDP,0.5,576.0,591.0,657.0,657.0,7.0,968499.0,1000000.0,211.0,6.0,219.0,69.0
CHOCOLATE PHILOSOPHY,776.0,CSP,0.5,1102.0,1134.0,1260.0,1260.0,12.0,977454.0,1000000.0,1802.0,11.0,420.0,20.0
TIME,443.0,DDP,0.5,580.0,599.0,666.0,666.0,7.0,976096.0,1000000.0,123.0,9.0,222.0,13.0
BITTER CHOCOLATE STRIKER,990.0,DSP,0.5,888.0,912.0,1014.0,1014.0,10.0,978715.0,1000000.0,930.0,7.0,338.0,11.0
Get it,1154.0,DSP,0.5,1069.0,1093.0,1215.0,1215.0,12.0,979809.0,1000000.0,463.0,2.0,405.0,14.0
Dancer in the flare,724.0,DSP,0.5,638.0,658.0,732.0,732.0,10.0,977238.0,1000000.0,1050.0,24.0,244.0,5.0
Mind Parasite,184.0,BSP,0.5,356.0,378.0,420.0,420.0,5.0,963196.0,1000000.0,141.0,31.0,140.0,15.0
SUPER HERO,604.0,DSP,0.5,576.0,599.0,666.0,666.0,9.0,974987.0,1000000.0,514.0,33.0,222.0,4.0
The Lonely Streets,620.0,DDP,0.5,498.0,515.0,573.0,573.0,7.0,976494.0,1000000.0,144.0,12.0,191.0,4.0
Colors ～for EXTREME～,106.0,ESP,0.49,827.0,861.0,957.0,957.0,9.0,974025.0,1000000.0,1137.0,47.0,319.0,9.0
roppongi EVOLVED ver.A,378.0,BSP,0.49,667.0,693.0,771.0,771.0,8.0,971788.0,1000000.0,400.0,24.0,257.0,28.0
Better Than Me,1042.0,ESP,0.49,1392.0,1431.0,1590.0,1590.0,15.0,977504.0,1000000.0,1172.0,7.0,530.0,21.0
ビューティフル レシート,405.0,ESP,0.49,1083.0,1112.0,1236.0,1236.0,13.0,975534.0,1000000.0,2220.0,9.0,412.0,50.0
嘆きの樹,614.0,begSP,0.49,355.0,380.0,423.0,423.0,4.0,963196.0,1000000.0,346.0,71.0,141.0,3.0
十二星座の聖域,685.0,BDP,0.49,560.0,580.0,645.0,645.0,6.0,974180.0,1000000.0,362.0,21.0,215.0,18.0
Go For The Top,485.0,begSP,0.49,409.0,429.0,477.0,477.0,6.0,970141.0,1000000.0,222.0,32.0,159.0,11.0
GRADUATION ～それぞれの明日～,113.0,BDP,0.49,302.0,313.0,348.0,348.0,3.0,976707.0,1000000.0,269.0,28.0,116.0,0.0
Midnight Amaretto,944.0,BDP,0.49,529.0,548.0,609.0,609.0,6.0,975298.0,1000000.0,208.0,17.0,203.0,10.0
ヒカリユリイカ,848.0,DDP,0.49,776.0,796.0,885.0,885.0,8.0,976441.0,1000000.0,324.0,5.0,295.0,36.0
SEXY PLANET,44.0,BSP,0.49,519.0,542.0,603.0,603.0,7.0,974011.0,1000000.0,214.0,24.0,201.0,0.0
ビビットストリーム,658.0,DSP,0.49,1021.0,1055.0,1173.0,1173.0,10.0,973472.0,1000000.0,1025.0,20.0,391.0,43.0
向日葵サンセット,762.0,ESP,0.49,939.0,963.0,1071.0,1071.0,13.0,978341.0,1000000.0,1857.0,7.0,357.0,18.0
ビューティフル レシート,405.0,BSP,0.49,689.0,718.0,798.0,798.0,8.0,968391.0,1000000.0,618.0,39.0,266.0,46.0
令和,906.0,DDP,0.49,566.0,585.0,651.0,651.0,7.0,975590.0,1000000.0,283.0,15.0,217.0,13.0
Bombay Bomb,510.0,DSP,0.49,848.0,882.0,981.0,981.0,10.0,975091.0,1000000.0,522.0,27.0,327.0,0.0
SUPER SUMMER SALE,808.0,BSP,0.49,814.0,845.0,939.0,939.0,8.0,975301.0,1000000.0,1488.0,46.0,313.0,8.0
LOVE IS THE POWER -Re:born-,478.0,DSP,0.49,565.0,585.0,651.0,651.0,7.0,975371.0,1000000.0,246.0,17.0,217.0,8.0
A Stupid Barber,145.0,DSP,0.49,595.0,618.0,687.0,687.0,8.0,973674.0,1000000.0,396.0,28.0,229.0,14.0
ACROSS WORLD,537.0,DDP,0.49,625.0,645.0,717.0,717.0,8.0,978065.0,1000000.0,188.0,10.0,239.0,3.0
Come to Life,734.0,DSP,0.49,1166.0,1201.0,1335.0,1335.0,12.0,976041.0,1000000.0,2243.0,16.0,445.0,30.0
Kiss me all night long,121.0,EDP,0.49,806.0,826.0,918.0,918.0,11.0,978945.0,1000000.0,375.0,5.0,306.0,15.0
逆さま&hearts;シンデレラパレード,934.0,BSP,0.49,478.0,494.0,549.0,549.0,7.0,976652.0,1000000.0,224.0,15.0,183.0,9.0
Sky Is The Limit,389.0,DSP,0.49,775.0,804.0,894.0,894.0,9.0,973523.0,1000000.0,351.0,20.0,298.0,22.0
Trim,265.0,BSP,0.49,526.0,545.0,606.0,606.0,6.0,974219.0,1000000.0,175.0,15.0,202.0,16.0
エイリアンエイリアン,782.0,ESP,0.49,1363.0,1401.0,1557.0,1557.0,12.0,976865.0,1000000.0,2275.0,8.0,519.0,35.0
華爛漫 -Flowers-,220.0,ESP,0.49,908.0,942.0,1047.0,1047.0,11.0,975880.0,1000000.0,2324.0,54.0,349.0,1.0
ALGORITHM,798.0,DSP,0.49,846.0,874.0,972.0,972.0,11.0,976943.0,1000000.0,1196.0,24.0,324.0,5.0
PUT YOUR FAITH IN ME,11.0,DSP,0.49,373.0,391.0,435.0,435.0,6.0,972508.0,1000000.0,274.0,39.0,145.0,0.0
Mermaid girl,431.0,ESP,0.49,962.0,993.0,1104.0,1104.0,11.0,977692.0,1000000.0,1904.0,24.0,368.0,0.0
GENOM SCREAMS,7.0,BSP,0.48,432.0,456.0,507.0,507.0,6.0,970093.0,1000000.0,245.0,41.0,169.0,0.0
Samurai Shogun vs. Master Ninja,636.0,BDP,0.48,540.0,556.0,618.0,618.0,7.0,978419.0,1000000.0,176.0,9.0,206.0,6.0
サヨナラ・ヘヴン,1103.0,DSP,0.48,798.0,818.0,909.0,909.0,9.0,977977.0,1000000.0,325.0,5.0,303.0,25.0
リリーゼと炎龍レーヴァテイン,1098.0,BDP,0.48,618.0,634.0,705.0,705.0,8.0,979563.0,1000000.0,402.0,7.0,235.0,6.0
Evans,994.0,BSP,0.48,757.0,780.0,867.0,867.0,10.0,977856.0,1000000.0,869.0,18.0,289.0,6.0
お米の美味しい炊き方、そしてお米を食べることによるその効果。,531.0,begSP,0.48,497.0,529.0,588.0,588.0,4.0,964146.0,1000000.0,236.0,45.0,196.0,13.0
Rise As One,1197.0,begSP,0.48,236.0,245.0,273.0,273.0,2.0,971336.0,1000000.0,43.0,9.0,91.0,10.0
凛として咲く花の如く,335.0,begSP,0.48,325.0,345.0,384.0,384.0,3.0,967155.0,1000000.0,208.0,44.0,128.0,0.0
The Night Away (MK Remix),682.0,BSP,0.48,432.0,456.0,507.0,507.0,5.0,969457.0,1000000.0,372.0,56.0,169.0,4.0
Nostalgia Is Lost,612.0,BDP,0.48,700.0,723.0,804.0,804.0,7.0,975101.0,1000000.0,174.0,10.0,268.0,23.0
In The Breeze,662.0,BSP,0.48,336.0,351.0,390.0,390.0,5.0,972977.0,1000000.0,216.0,31.0,130.0,6.0
HYSTERIA,38.0,DSP,0.48,654.0,677.0,753.0,753.0,8.0,976689.0,1000000.0,270.0,17.0,251.0,0.0
Bloody Tears(IIDX EDITION),231.0,BDP,0.48,386.0,402.0,447.0,447.0,5.0,975036.0,1000000.0,232.0,28.0,149.0,0.0
BRE&forall;K DOWN！,70.0,DSP,0.48,760.0,791.0,879.0,879.0,8.0,973264.0,1000000.0,444.0,31.0,293.0,14.0
Let Me Show You,1139.0,ESP,0.48,1539.0,1584.0,1761.0,1761.0,15.0,976225.0,1000000.0,1088.0,8.0,587.0,34.0
ロンロンへ　ライライライ！,754.0,ESP,0.48,1068.0,1096.0,1218.0,1218.0,12.0,978483.0,1000000.0,2213.0,9.0,406.0,16.0
SAY A PRAYER,1191.0,EDP,0.48,735.0,758.0,843.0,843.0,8.0,973629.0,1000000.0,96.0,7.0,281.0,36.0
Play Hard,876.0,BSP,0.48,461.0,491.0,546.0,546.0,5.0,965677.0,1000000.0,183.0,38.0,182.0,2.0
MANA,1099.0,BDP,0.48,665.0,685.0,762.0,762.0,7.0,976306.0,1000000.0,312.0,11.0,254.0,19.0
Towards The Horizon,1185.0,DDP,0.48,980.0,999.0,1110.0,1110.0,11.0,980197.0,1000000.0,131.0,1.0,370.0,26.0
SP-TRIP MACHINE～JUNGLE MIX～,12.0,DSP,0.48,564.0,585.0,651.0,651.0,9.0,975811.0,1000000.0,324.0,24.0,217.0,0.0
3y3s,1250.0,BDP,0.48,963.0,988.0,1098.0,1098.0,9.0,975403.0,1000000.0,134.0,4.0,366.0,51.0
蒼い衝動 ～for EXTREME～,143.0,BSP,0.48,354.0,375.0,417.0,417.0,4.0,967083.0,1000000.0,296.0,55.0,139.0,6.0
Dance Dance Revolution,108.0,BDP,0.48,497.0,518.0,576.0,576.0,6.0,974565.0,1000000.0,254.0,28.0,192.0,0.0
Get On Da Floor,840.0,ESP,0.48,937.0,963.0,1071.0,1071.0,11.0,977385.0,1000000.0,1366.0,11.0,357.0,21.0
凛として咲く花の如く ～ひなビタ&#9834; edition～,562.0,BDP,0.48,639.0,661.0,735.0,735.0,6.0,974451.0,1000000.0,264.0,16.0,245.0,21.0
INTO YOUR HEART (Ruffage remix),293.0,ESP,0.48,812.0,839.0,933.0,933.0,11.0,976291.0,1000000.0,1234.0,29.0,311.0,10.0
New Beginning,444.0,DSP,0.47,750.0,777.0,864.0,864.0,9.0,972482.0,1000000.0,262.0,16.0,288.0,35.0
FIRE FIRE,351.0,BDP,0.47,493.0,513.0,570.0,570.0,5.0,973847.0,1000000.0,237.0,25.0,190.0,10.0
Shiny World,388.0,BDP,0.47,512.0,531.0,591.0,591.0,8.0,975291.0,1000000.0,219.0,19.0,197.0,5.0
Play Hard,876.0,ESP,0.47,1016.0,1044.0,1161.0,1161.0,12.0,978696.0,1000000.0,1240.0,9.0,387.0,7.0
Haunted Rhapsody,414.0,DDP,0.47,610.0,629.0,699.0,699.0,7.0,977954.0,1000000.0,205.0,11.0,233.0,6.0
Starlight in the Snow,917.0,DDP,0.47,858.0,880.0,978.0,978.0,11.0,977721.0,1000000.0,310.0,5.0,326.0,28.0
Ha･lle･lu･jah,696.0,BSP,0.47,440.0,459.0,510.0,510.0,5.0,974111.0,1000000.0,646.0,60.0,170.0,3.0
neko＊neko,670.0,BDP,0.47,325.0,337.0,375.0,375.0,3.0,974362.0,1000000.0,297.0,27.0,125.0,10.0
MAKE IT BETTER (So-REAL Mix),476.0,DSP,0.47,496.0,515.0,573.0,573.0,8.0,975655.0,1000000.0,228.0,22.0,191.0,0.0
BRILLIANT 2U,4.0,CSP,0.47,687.0,712.0,792.0,792.0,10.0,976511.0,1000000.0,1269.0,43.0,264.0,0.0
AWAKE,652.0,ESP,0.47,1245.0,1287.0,1431.0,1431.0,13.0,974577.0,1000000.0,2132.0,27.0,477.0,33.0
Blue Rain,279.0,ESP,0.47,823.0,847.0,942.0,942.0,11.0,977157.0,1000000.0,1637.0,19.0,314.0,16.0
Complete Game Victory,1202.0,BSP,0.47,796.0,823.0,915.0,915.0,8.0,974369.0,1000000.0,75.0,7.0,305.0,27.0
おーまい！らぶりー！すうぃーてぃ！だーりん！,892.0,DSP,0.47,1017.0,1047.0,1164.0,1164.0,12.0,976911.0,1000000.0,1299.0,14.0,388.0,22.0
チョコレートスマイル,657.0,ESP,0.47,1077.0,1107.0,1230.0,1230.0,12.0,978008.0,1000000.0,1938.0,13.0,410.0,16.0
SO IN LOVE,129.0,EDP,0.47,554.0,567.0,630.0,630.0,9.0,977748.0,1000000.0,275.0,6.0,210.0,24.0
KISS KISS KISS 秋葉工房 MIX,362.0,DSP,0.47,706.0,734.0,816.0,816.0,8.0,971751.0,1000000.0,395.0,29.0,272.0,27.0
ホーンテッド★メイドランチ,897.0,DSP,0.47,918.0,945.0,1050.0,1050.0,11.0,977696.0,1000000.0,791.0,13.0,350.0,15.0
Waiting 4 u,330.0,ESP,0.47,899.0,928.0,1032.0,1032.0,11.0,976363.0,1000000.0,1120.0,22.0,344.0,15.0
CANDY&#9825;,74.0,ESP,0.47,876.0,909.0,1011.0,1011.0,10.0,973654.0,1000000.0,1749.0,53.0,337.0,20.0
Flow (True Style),162.0,BDP,0.47,492.0,507.0,564.0,564.0,6.0,976060.0,1000000.0,161.0,10.0,188.0,17.0
Diamond Dust,408.0,DSP,0.47,514.0,537.0,597.0,597.0,7.0,970824.0,1000000.0,367.0,39.0,199.0,18.0
MUTEKI BUFFALO,969.0,BDP,0.47,638.0,656.0,729.0,729.0,8.0,979297.0,1000000.0,209.0,8.0,243.0,4.0
District of the Shadows,828.0,BSP,0.47,598.0,618.0,687.0,687.0,6.0,977536.0,1000000.0,370.0,20.0,229.0,1.0
Musician,1165.0,EDP,0.47,950.0,972.0,1080.0,1080.0,12.0,977298.0,1000000.0,225.0,3.0,360.0,44.0
恋愛観測,748.0,BSP,0.47,688.0,723.0,804.0,804.0,7.0,971067.0,1000000.0,590.0,60.0,268.0,4.0
toy boxer,891.0,BDP,0.47,712.0,737.0,819.0,819.0,8.0,976904.0,1000000.0,327.0,19.0,273.0,2.0
Clarity,871.0,BSP,0.47,409.0,434.0,483.0,483.0,4.0,961067.0,1000000.0,177.0,36.0,161.0,24.0
Bounce Trippy,907.0,DDP,0.47,1011.0,1039.0,1155.0,1155.0,11.0,977752.0,1000000.0,411.0,7.0,385.0,20.0
ミライプリズム,644.0,BDP,0.47,433.0,448.0,498.0,498.0,4.0,975174.0,1000000.0,295.0,24.0,166.0,11.0
MEGALOVANIA,1071.0,begSP,0.47,296.0,307.0,342.0,342.0,4.0,973615.0,1000000.0,229.0,26.0,114.0,8.0
Triple Cross,1032.0,begSP,0.46,680.0,718.0,798.0,798.0,7.0,968867.0,1000000.0,226.0,35.0,266.0,7.0
Love Again,366.0,ESP,0.46,601.0,621.0,690.0,690.0,8.0,972627.0,1000000.0,587.0,28.0,230.0,34.0
Children of the Beat,514.0,DSP,0.46,896.0,926.0,1029.0,1029.0,9.0,975127.0,1000000.0,399.0,16.0,343.0,26.0
ZETA～素数の世界と超越者～,401.0,begSP,0.46,287.0,305.0,339.0,339.0,3.0,966820.0,1000000.0,135.0,34.0,113.0,0.0
Fly away -mix del matador-,243.0,ESP,0.46,1018.0,1044.0,1161.0,1161.0,13.0,978574.0,1000000.0,1560.0,8.0,387.0,15.0
炉心融解,785.0,DSP,0.46,786.0,815.0,906.0,906.0,10.0,974642.0,1000000.0,956.0,37.0,302.0,17.0
Sakura Reflection,788.0,DSP,0.46,818.0,850.0,945.0,945.0,10.0,974469.0,1000000.0,1289.0,55.0,315.0,8.0
Surface,1061.0,DSP,0.46,524.0,540.0,600.0,600.0,9.0,975846.0,1000000.0,252.0,14.0,200.0,20.0
DoLL,157.0,CSP,0.46,1269.0,1301.0,1446.0,1446.0,13.0,976596.0,1000000.0,1955.0,6.0,482.0,51.0
AM-3P,3.0,ESP,0.46,639.0,658.0,732.0,732.0,11.0,978615.0,1000000.0,1606.0,28.0,244.0,0.0
SEDUCTION,201.0,DSP,0.46,647.0,666.0,741.0,741.0,9.0,977767.0,1000000.0,259.0,11.0,247.0,7.0
Crazy Control,344.0,DDP,0.46,482.0,496.0,552.0,552.0,7.0,979025.0,1000000.0,143.0,9.0,184.0,0.0
era (nostalmix),35.0,BSP,0.46,325.0,337.0,375.0,375.0,5.0,976441.0,1000000.0,176.0,21.0,125.0,0.0
MAKE IT BETTER (So-REAL Mix),476.0,BDP,0.46,354.0,364.0,405.0,405.0,7.0,979607.0,1000000.0,141.0,10.0,135.0,0.0
春を告げる,980.0,DSP,0.46,659.0,683.0,759.0,759.0,8.0,975052.0,1000000.0,395.0,26.0,253.0,12.0
Alone,870.0,begSP,0.46,217.0,240.0,267.0,267.0,2.0,945713.0,1000000.0,204.0,66.0,89.0,8.0
SOUVENIR,1176.0,EDP,0.46,1014.0,1039.0,1155.0,1155.0,12.0,978174.0,1000000.0,264.0,4.0,385.0,27.0
LA BAMBA,122.0,DDP,0.46,654.0,669.0,744.0,744.0,8.0,980694.0,1000000.0,137.0,4.0,248.0,1.0
VANESSA,396.0,BDP,0.46,586.0,607.0,675.0,675.0,7.0,974838.0,1000000.0,194.0,16.0,225.0,15.0
Party Rock Anthem,875.0,ESP,0.46,823.0,847.0,942.0,942.0,11.0,976806.0,1000000.0,1500.0,21.0,314.0,19.0
No Tears Left to Cry,874.0,begSP,0.46,156.0,167.0,186.0,186.0,2.0,962693.0,1000000.0,149.0,44.0,62.0,2.0
TAKE ME HIGHER,1156.0,BSP,0.46,574.0,588.0,654.0,654.0,8.0,980073.0,1000000.0,165.0,6.0,218.0,2.0
Dance Phenomena,1055.0,DDP,0.45,796.0,815.0,906.0,906.0,10.0,979651.0,1000000.0,241.0,4.0,302.0,13.0
50th Memorial Songs -二人の時 ～under the cherry blossoms～-,850.0,DDP,0.45,800.0,820.0,912.0,912.0,9.0,979828.0,1000000.0,242.0,5.0,304.0,4.0
HYPERDRIVE,948.0,DDP,0.45,780.0,801.0,891.0,891.0,9.0,978391.0,1000000.0,269.0,7.0,297.0,12.0
switch,264.0,DSP,0.45,631.0,656.0,729.0,729.0,7.0,973913.0,1000000.0,228.0,23.0,243.0,11.0
actualization of self (weaponized),1033.0,DDP,0.45,1098.0,1123.0,1248.0,1248.0,13.0,980100.0,1000000.0,322.0,3.0,416.0,9.0
なだめスかし Negotiation,979.0,DSP,0.45,541.0,558.0,621.0,621.0,9.0,976099.0,1000000.0,336.0,18.0,207.0,12.0
ミッドナイト☆WAR,895.0,ESP,0.45,1357.0,1393.0,1548.0,1548.0,14.0,978200.0,1000000.0,1899.0,8.0,516.0,20.0
F4SH10N,859.0,DSP,0.45,842.0,869.0,966.0,966.0,10.0,977276.0,1000000.0,881.0,23.0,322.0,7.0
Flight of the Phoenix,288.0,DDP,0.45,484.0,502.0,558.0,558.0,6.0,973760.0,1000000.0,146.0,17.0,186.0,15.0
DREAMING-ING!!,764.0,ESP,0.45,1040.0,1069.0,1188.0,1188.0,12.0,978860.0,1000000.0,1597.0,14.0,396.0,4.0
FIRE,241.0,ESP,0.45,922.0,945.0,1050.0,1050.0,11.0,979890.0,1000000.0,936.0,7.0,350.0,7.0
Theory of Eternity,393.0,BDP,0.45,615.0,637.0,708.0,708.0,6.0,975780.0,1000000.0,276.0,21.0,236.0,8.0
rainbow rainbow,197.0,DSP,0.45,476.0,494.0,549.0,549.0,7.0,974844.0,1000000.0,339.0,29.0,183.0,11.0
しゃかりきリレーション,773.0,DSP,0.45,892.0,918.0,1020.0,1020.0,9.0,977113.0,1000000.0,484.0,13.0,340.0,19.0
ハラショー！おにぎりサーカス団☆,976.0,BSP,0.45,662.0,685.0,762.0,762.0,7.0,975959.0,1000000.0,329.0,19.0,254.0,10.0
スイーツはとまらない&#9834;,846.0,DSP,0.45,799.0,823.0,915.0,915.0,9.0,977762.0,1000000.0,512.0,15.0,305.0,8.0
Puberty Dysthymia,806.0,begSP,0.45,269.0,278.0,309.0,309.0,4.0,977271.0,1000000.0,167.0,21.0,103.0,2.0
ACE FOR ACES,757.0,begSP,0.45,317.0,332.0,369.0,369.0,4.0,971319.0,1000000.0,456.0,66.0,123.0,7.0
think ya better D,25.0,DSP,0.45,459.0,477.0,531.0,531.0,6.0,975344.0,1000000.0,218.0,24.0,177.0,0.0
ホーンテッド★メイドランチ,897.0,BDP,0.45,591.0,610.0,678.0,678.0,7.0,975876.0,1000000.0,238.0,16.0,226.0,15.0
La libertad,363.0,DSP,0.45,713.0,737.0,819.0,819.0,9.0,977499.0,1000000.0,317.0,18.0,273.0,1.0
革命,96.0,begSP,0.45,264.0,278.0,309.0,309.0,3.0,970931.0,1000000.0,152.0,34.0,103.0,0.0
激アツ☆マジヤバ☆チアガール,671.0,DSP,0.45,780.0,807.0,897.0,897.0,9.0,972033.0,1000000.0,973.0,35.0,299.0,44.0
さよならトリップ ～夏陽 EDM edition～,684.0,BDP,0.45,445.0,461.0,513.0,513.0,4.0,972281.0,1000000.0,369.0,29.0,171.0,22.0
LOVE&hearts;SHINE,124.0,DSP,0.45,568.0,596.0,663.0,663.0,6.0,970076.0,1000000.0,438.0,53.0,221.0,12.0
stoic (EXTREME version),131.0,ESP,0.45,904.0,931.0,1035.0,1035.0,13.0,978452.0,1000000.0,1901.0,23.0,345.0,3.0
幻想系世界修復少女,598.0,BSP,0.45,566.0,596.0,663.0,663.0,6.0,969898.0,1000000.0,344.0,50.0,221.0,4.0
パーフェクトイーター,1210.0,DDP,0.45,1167.0,1196.0,1329.0,1329.0,12.0,979273.0,1000000.0,259.0,4.0,443.0,13.0
いーあるふぁんくらぶ,784.0,BSP,0.45,372.0,391.0,435.0,435.0,4.0,970201.0,1000000.0,430.0,66.0,145.0,5.0
Determination,744.0,begSP,0.45,231.0,243.0,270.0,270.0,2.0,971883.0,1000000.0,151.0,34.0,90.0,0.0
DIGITAL LUV,914.0,DSP,0.45,762.0,788.0,876.0,876.0,9.0,975996.0,1000000.0,540.0,24.0,292.0,13.0
Ha･lle･lu･jah,696.0,ESP,0.45,929.0,955.0,1062.0,1062.0,12.0,978631.0,1000000.0,2478.0,20.0,354.0,5.0
La Se&ntilde;orita Virtual,21.0,DSP,0.44,875.0,901.0,1002.0,1002.0,10.0,978614.0,1000000.0,597.0,14.0,334.0,0.0
will,331.0,ESP,0.44,783.0,804.0,894.0,894.0,11.0,978086.0,1000000.0,1177.0,15.0,298.0,15.0
Sacred Oath,382.0,CSP,0.44,963.0,990.0,1101.0,1101.0,12.0,976391.0,1000000.0,1334.0,15.0,367.0,31.0
THE REASON,521.0,BDP,0.44,236.0,243.0,270.0,270.0,4.0,973885.0,1000000.0,171.0,20.0,90.0,14.0
ORION.78(AMeuro-MIX),42.0,DSP,0.44,442.0,459.0,510.0,510.0,7.0,976012.0,1000000.0,253.0,29.0,170.0,0.0
ALGORITHM,798.0,begSP,0.44,428.0,448.0,498.0,498.0,5.0,971972.0,1000000.0,299.0,43.0,166.0,6.0
High &amp; Low,1017.0,BDP,0.44,751.0,772.0,858.0,858.0,8.0,979185.0,1000000.0,328.0,10.0,286.0,4.0
ポリリズム,332.0,DSP,0.44,681.0,699.0,777.0,777.0,8.0,975544.0,1000000.0,43.0,4.0,259.0,23.0
Adularia,611.0,ESP,0.44,1172.0,1206.0,1341.0,1341.0,14.0,977041.0,1000000.0,2503.0,20.0,447.0,20.0
Colors ～for EXTREME～,106.0,BSP,0.44,491.0,521.0,579.0,579.0,5.0,965692.0,1000000.0,263.0,51.0,193.0,12.0
Ska Ska No.3,203.0,ESP,0.44,646.0,664.0,738.0,738.0,12.0,979152.0,1000000.0,1189.0,24.0,246.0,2.0
mathematical good-bye,1218.0,DSP,0.44,1574.0,1609.0,1788.0,1788.0,14.0,977366.0,1000000.0,783.0,2.0,596.0,65.0
キケンな果実,549.0,BSP,0.44,536.0,558.0,621.0,621.0,6.0,972030.0,1000000.0,304.0,31.0,207.0,17.0
Gamelan de Couple,112.0,DSP,0.44,452.0,472.0,525.0,525.0,7.0,974041.0,1000000.0,308.0,39.0,175.0,0.0
WILD RUSH,47.0,begSP,0.44,292.0,302.0,336.0,336.0,5.0,977694.0,1000000.0,132.0,17.0,112.0,0.0
MAGIC PARADE,422.0,ESP,0.44,884.0,907.0,1008.0,1008.0,10.0,979857.0,1000000.0,723.0,9.0,336.0,3.0
"BLUE FOG, SILVER BULLET.",1222.0,BSP,0.44,806.0,826.0,918.0,918.0,8.0,978172.0,1000000.0,704.0,9.0,306.0,23.0
&Omega;VERSOUL,918.0,BSP,0.44,590.0,618.0,687.0,687.0,6.0,970528.0,1000000.0,318.0,42.0,229.0,13.0
HARD BRAIN,964.0,DSP,0.44,1086.0,1120.0,1245.0,1245.0,10.0,975708.0,1000000.0,1028.0,20.0,415.0,30.0
紅焔,489.0,BSP,0.44,544.0,569.0,633.0,633.0,6.0,971793.0,1000000.0,338.0,41.0,211.0,9.0
Follow Tomorrow,609.0,BDP,0.44,475.0,494.0,549.0,549.0,5.0,972726.0,1000000.0,273.0,30.0,183.0,17.0
Children of the Beat,514.0,ESP,0.44,1013.0,1044.0,1161.0,1161.0,11.0,976464.0,1000000.0,1130.0,22.0,387.0,18.0
PARANOIA EVOLUTION,43.0,BDP,0.44,583.0,604.0,672.0,672.0,6.0,976401.0,1000000.0,205.0,19.0,224.0,0.0
Feelings Won't Fade(Extend Trance Mix),240.0,ESP,0.44,995.0,1023.0,1137.0,1137.0,12.0,977196.0,1000000.0,1319.0,17.0,379.0,23.0
jet coaster☆girl,1044.0,BDP,0.44,501.0,523.0,582.0,582.0,6.0,971701.0,1000000.0,185.0,26.0,194.0,11.0
御千手メディテーション,607.0,begSP,0.44,399.0,423.0,471.0,471.0,4.0,966288.0,1000000.0,153.0,34.0,157.0,6.0
One Sided Love,621.0,DSP,0.44,574.0,599.0,666.0,666.0,8.0,973928.0,1000000.0,477.0,50.0,222.0,0.0
HANDS UP IN THE AIR,688.0,BDP,0.44,341.0,353.0,393.0,393.0,5.0,976968.0,1000000.0,251.0,26.0,131.0,0.0
LOVING YOU (Epidemik remix),295.0,DDP,0.44,646.0,666.0,741.0,741.0,7.0,977403.0,1000000.0,186.0,12.0,247.0,6.0
REBORN MAGIC,437.0,ESP,0.44,749.0,772.0,858.0,858.0,9.0,977599.0,1000000.0,762.0,24.0,286.0,8.0
Scorching Moon,200.0,DDP,0.44,558.0,572.0,636.0,636.0,7.0,979113.0,1000000.0,133.0,7.0,212.0,8.0
CAN'T STOP FALLIN' IN LOVE -super euro version-,153.0,ESP,0.43,750.0,777.0,864.0,864.0,8.0,976583.0,1000000.0,1017.0,44.0,288.0,0.0
CG Project,343.0,ESP,0.43,980.0,1015.0,1128.0,1128.0,12.0,975300.0,1000000.0,1865.0,50.0,376.0,17.0
New Rules,873.0,begSP,0.43,187.0,202.0,225.0,225.0,2.0,956775.0,1000000.0,146.0,46.0,75.0,4.0
New York EVOLVED (Type B),466.0,BDP,0.43,705.0,723.0,804.0,804.0,8.0,977854.0,1000000.0,188.0,7.0,268.0,19.0
COME BACK TO MY HEART,435.0,CDP,0.43,471.0,488.0,543.0,543.0,6.0,967077.0,1000000.0,275.0,25.0,181.0,45.0
KISS KISS KISS,120.0,DSP,0.43,649.0,675.0,750.0,750.0,6.0,974699.0,1000000.0,270.0,27.0,250.0,7.0
ミッドナイト☆WAR,895.0,BDP,0.43,647.0,666.0,741.0,741.0,7.0,977469.0,1000000.0,319.0,14.0,247.0,10.0
色は匂へど散りぬるを,702.0,ESP,0.43,928.0,953.0,1059.0,1059.0,11.0,977547.0,1000000.0,2350.0,20.0,353.0,24.0
MAKE IT BETTER,0.0,begSP,0.43,171.0,180.0,201.0,201.0,3.0,969762.0,1000000.0,204.0,47.0,67.0,0.0
If,1005.0,DDP,0.43,921.0,942.0,1047.0,1047.0,12.0,979661.0,1000000.0,289.0,4.0,349.0,16.0
朧 (dj TAKA Remix),793.0,ESP,0.43,1116.0,1147.0,1275.0,1275.0,12.0,977707.0,1000000.0,2264.0,17.0,425.0,20.0
Nostalgia Is Lost,612.0,BSP,0.43,662.0,688.0,765.0,765.0,7.0,973712.0,1000000.0,251.0,24.0,255.0,15.0
Our Love,951.0,DSP,0.43,1420.0,1455.0,1617.0,1617.0,12.0,977738.0,1000000.0,1089.0,6.0,539.0,36.0
Something Just Like This (Alesso Remix) ,877.0,BSP,0.43,361.0,380.0,423.0,423.0,4.0,969186.0,1000000.0,149.0,31.0,141.0,5.0
Summer fantasy (Darwin remix),663.0,DSP,0.43,730.0,753.0,837.0,837.0,10.0,976062.0,1000000.0,461.0,20.0,279.0,20.0
BRILLIANT 2U(Orchestra Groove),5.0,ESP,0.43,590.0,610.0,678.0,678.0,9.0,977717.0,1000000.0,1188.0,50.0,226.0,0.0
Sacred Oath,382.0,DSP,0.43,631.0,653.0,726.0,726.0,7.0,972039.0,1000000.0,294.0,23.0,242.0,34.0
The Wind of Gold,552.0,BDP,0.43,607.0,631.0,702.0,702.0,6.0,972863.0,1000000.0,216.0,24.0,234.0,15.0
恋時雨,783.0,ESP,0.43,1099.0,1128.0,1254.0,1254.0,12.0,978618.0,1000000.0,1846.0,14.0,418.0,11.0
Come to Life,734.0,begSP,0.43,391.0,410.0,456.0,456.0,4.0,970918.0,1000000.0,534.0,74.0,152.0,8.0
Freedom,165.0,ESP,0.42,784.0,804.0,894.0,894.0,11.0,979498.0,1000000.0,1235.0,13.0,298.0,7.0
The Island Song,518.0,DSP,0.42,409.0,423.0,471.0,471.0,7.0,973346.0,1000000.0,169.0,19.0,157.0,16.0
Wicked Plastik,426.0,DSP,0.42,653.0,675.0,750.0,750.0,8.0,976247.0,1000000.0,218.0,18.0,250.0,10.0
Vanquish The Ghost,799.0,begSP,0.42,292.0,307.0,342.0,342.0,3.0,969239.0,1000000.0,285.0,53.0,114.0,6.0
AM-3P -303 BASS MIX-,103.0,ESP,0.42,635.0,653.0,726.0,726.0,10.0,979480.0,1000000.0,997.0,23.0,242.0,0.0
IN BETWEEN,789.0,BSP,0.42,550.0,572.0,636.0,636.0,7.0,972194.0,1000000.0,640.0,54.0,212.0,20.0
Break Free,710.0,ESP,0.42,963.0,988.0,1098.0,1098.0,11.0,977146.0,1000000.0,1532.0,15.0,366.0,32.0
50th Memorial Songs -Flagship medley-,851.0,BSP,0.42,645.0,664.0,738.0,738.0,7.0,977535.0,1000000.0,179.0,11.0,246.0,13.0
Phlox,1168.0,DDP,0.42,1068.0,1090.0,1212.0,1212.0,11.0,980353.0,1000000.0,196.0,2.0,404.0,15.0
倉野川音頭,718.0,begSP,0.42,327.0,342.0,381.0,381.0,2.0,971685.0,1000000.0,245.0,40.0,127.0,5.0
ROOM,940.0,DDP,0.42,707.0,726.0,807.0,807.0,8.0,978005.0,1000000.0,210.0,9.0,269.0,16.0
THE ANCIENT KING IS BACK,1126.0,ESP,0.42,1644.0,1679.0,1866.0,1866.0,14.0,979492.0,1000000.0,1137.0,2.0,622.0,25.0
.59,27.0,BSP,0.42,407.0,423.0,471.0,471.0,5.0,975235.0,1000000.0,175.0,24.0,157.0,0.0
I Want You To Know,713.0,ESP,0.42,909.0,936.0,1041.0,1041.0,11.0,976952.0,1000000.0,1371.0,26.0,347.0,16.0
You are a Star,399.0,CSP,0.42,1113.0,1142.0,1269.0,1269.0,13.0,977361.0,1000000.0,1726.0,14.0,423.0,32.0
☆shining☆,337.0,DDP,0.42,719.0,737.0,819.0,819.0,8.0,978363.0,1000000.0,173.0,6.0,273.0,22.0
Silver Platform - I wanna get your heart -,258.0,ESP,0.42,949.0,974.0,1083.0,1083.0,11.0,977938.0,1000000.0,934.0,12.0,361.0,21.0
MANA,1099.0,BSP,0.42,665.0,685.0,762.0,762.0,7.0,975988.0,1000000.0,369.0,18.0,254.0,19.0
DEAD END,16.0,begSP,0.42,295.0,310.0,345.0,345.0,4.0,970926.0,1000000.0,190.0,40.0,115.0,0.0
KIMONO&hearts;PRINCESS,361.0,BSP,0.42,675.0,704.0,783.0,783.0,8.0,970367.0,1000000.0,869.0,71.0,261.0,27.0
BRILLIANT 2U(Orchestra Groove),5.0,BDP,0.42,449.0,461.0,513.0,513.0,6.0,979645.0,1000000.0,237.0,13.0,171.0,0.0
SEXY PLANET(FROM NONSTOP MEGAMIX),88.0,CDP,0.42,668.0,685.0,762.0,762.0,9.0,978682.0,1000000.0,413.0,11.0,254.0,11.0
I WANT YOUR LOVE (Darwin remix),1083.0,EDP,0.42,1068.0,1090.0,1212.0,1212.0,13.0,981385.0,1000000.0,272.0,2.0,404.0,1.0
イノセントバイブル,974.0,BDP,0.42,327.0,337.0,375.0,375.0,4.0,975107.0,1000000.0,189.0,19.0,125.0,13.0
Beautiful Inside (Cube::Hard Mix),278.0,DDP,0.42,544.0,561.0,624.0,624.0,7.0,976330.0,1000000.0,145.0,13.0,208.0,12.0
A thing called LOVE,226.0,DDP,0.42,673.0,696.0,774.0,774.0,6.0,975777.0,1000000.0,246.0,18.0,258.0,14.0
DIABLOSIS::N&#x101;ga,1215.0,BDP,0.42,994.0,1007.0,1117.0,1119.0,11.0,981099.0,999980.0,79.0,0.0,373.0,43.0
Fly far bounce,750.0,BSP,0.42,430.0,445.0,495.0,495.0,6.0,976740.0,1000000.0,462.0,37.0,165.0,3.0
Share The Love,440.0,DSP,0.42,587.0,607.0,675.0,675.0,8.0,976739.0,1000000.0,216.0,19.0,225.0,4.0
sakura storm,383.0,ESP,0.42,843.0,874.0,972.0,972.0,10.0,974989.0,1000000.0,1640.0,62.0,324.0,13.0
Inner Spirit -GIGA HiTECH MIX-,970.0,ESP,0.42,1637.0,1676.0,1863.0,1863.0,15.0,978178.0,1000000.0,1426.0,5.0,621.0,32.0
Can Be Real,152.0,EDP,0.42,635.0,648.0,720.0,720.0,10.0,980570.0,1000000.0,351.0,5.0,240.0,12.0
STERLING SILVER (U1 overground mix),733.0,BSP,0.42,628.0,653.0,726.0,726.0,7.0,974669.0,1000000.0,394.0,37.0,242.0,6.0
STERLING SILVER,732.0,DSP,0.42,939.0,966.0,1074.0,1074.0,10.0,977078.0,1000000.0,1090.0,21.0,358.0,20.0
DDR TAGMIX -LAST DanceR-,1046.0,begSP,0.42,427.0,440.0,489.0,489.0,6.0,974520.0,1000000.0,216.0,19.0,163.0,21.0
アリスサイド・キャスリング,957.0,begSP,0.41,158.0,164.0,183.0,183.0,2.0,971946.0,1000000.0,180.0,36.0,61.0,4.0
Euphoric Fragmentation,1235.0,DSP,0.41,1185.0,1209.0,1344.0,1344.0,12.0,980128.0,1000000.0,347.0,2.0,448.0,21.0
B4U (The Acolyte mix),1047.0,DDP,0.41,701.0,715.0,795.0,795.0,9.0,980201.0,1000000.0,128.0,3.0,265.0,15.0
Hopeful,745.0,DSP,0.41,670.0,691.0,768.0,768.0,10.0,977221.0,1000000.0,804.0,34.0,256.0,8.0
Life is beautiful,805.0,BDP,0.41,728.0,745.0,828.0,828.0,8.0,979506.0,1000000.0,647.0,9.0,276.0,14.0
sync (EXTREME version),132.0,ESP,0.41,809.0,839.0,933.0,933.0,9.0,975509.0,1000000.0,1016.0,50.0,311.0,7.0
Uranus,269.0,DSP,0.41,757.0,777.0,864.0,864.0,9.0,979030.0,1000000.0,222.0,9.0,288.0,6.0
The Lonely Streets,620.0,ESP,0.41,597.0,615.0,684.0,684.0,11.0,978755.0,1000000.0,710.0,26.0,228.0,1.0
PARANOiA MAX～DIRTY MIX～,10.0,begSP,0.41,364.0,383.0,426.0,426.0,5.0,971556.0,1000000.0,196.0,39.0,142.0,0.0
A,100.0,BDP,0.41,387.0,399.0,444.0,444.0,5.0,977815.0,1000000.0,198.0,19.0,148.0,2.0
Triple Cross,1032.0,BDP,0.41,872.0,896.0,996.0,996.0,8.0,977458.0,1000000.0,229.0,9.0,332.0,22.0
BLSTR,864.0,DSP,0.41,1115.0,1142.0,1269.0,1269.0,12.0,978808.0,1000000.0,1185.0,8.0,423.0,24.0
Bloody Tears(IIDX EDITION),231.0,ESP,0.41,693.0,715.0,795.0,795.0,11.0,978119.0,1000000.0,1712.0,50.0,265.0,0.0
Sky Is The Limit,389.0,ESP,0.41,867.0,888.0,987.0,987.0,12.0,977350.0,1000000.0,1374.0,12.0,329.0,35.0
Get Back Up!,413.0,DSP,0.41,664.0,685.0,762.0,762.0,9.0,976315.0,1000000.0,306.0,18.0,254.0,15.0
とこにゃつ☆トロピカル,1205.0,DSP,0.41,973.0,993.0,1104.0,1104.0,12.0,979752.0,1000000.0,383.0,3.0,368.0,23.0
脳漿炸裂ガール,759.0,BSP,0.41,769.0,799.0,888.0,888.0,6.0,972685.0,1000000.0,571.0,43.0,296.0,26.0
Run The Show,988.0,DSP,0.41,863.0,882.0,981.0,981.0,11.0,979525.0,1000000.0,452.0,5.0,327.0,17.0
CHOCOLATE PHILOSOPHY,776.0,DSP,0.41,544.0,564.0,627.0,627.0,8.0,972790.0,1000000.0,434.0,36.0,209.0,25.0
Love&#9825;Shine わんだふるmix,811.0,ESP,0.41,924.0,947.0,1053.0,1053.0,11.0,978204.0,1000000.0,1323.0,13.0,351.0,22.0
Monkey Punk,185.0,DDP,0.41,711.0,729.0,810.0,810.0,8.0,979245.0,1000000.0,114.0,6.0,270.0,12.0
TRIP MACHINE survivor,136.0,BSP,0.41,480.0,502.0,558.0,558.0,5.0,973227.0,1000000.0,137.0,24.0,186.0,2.0
ABSOLUTE,48.0,BDP,0.41,353.0,364.0,405.0,405.0,4.0,978223.0,1000000.0,233.0,23.0,135.0,0.0
Crazy Hot,928.0,ESP,0.41,1255.0,1290.0,1434.0,1434.0,13.0,977006.0,1000000.0,1373.0,17.0,478.0,28.0
Monkey Business,525.0,begSP,0.41,299.0,318.0,354.0,354.0,3.0,967366.0,1000000.0,243.0,58.0,118.0,0.0
女言葉の消失,651.0,ESP,0.41,1140.0,1166.0,1296.0,1296.0,13.0,979731.0,1000000.0,1710.0,7.0,432.0,14.0
Din Don Dan,593.0,BDP,0.41,433.0,450.0,501.0,501.0,5.0,975021.0,1000000.0,342.0,39.0,167.0,2.0
TWINKLE&#9825;HEART,455.0,ESP,0.41,1076.0,1109.0,1233.0,1233.0,11.0,974093.0,1000000.0,1494.0,28.0,411.0,52.0
Scorching Moon,200.0,ESP,0.4,660.0,677.0,753.0,753.0,11.0,978785.0,1000000.0,987.0,17.0,251.0,12.0
Chronos (walk with you remix),794.0,BDP,0.4,708.0,729.0,810.0,810.0,6.0,976562.0,1000000.0,273.0,15.0,270.0,22.0
DoLL,157.0,DSP,0.4,836.0,861.0,957.0,957.0,8.0,971315.0,1000000.0,566.0,20.0,319.0,68.0
Rave Accelerator,972.0,DSP,0.4,1078.0,1104.0,1227.0,1227.0,12.0,979876.0,1000000.0,756.0,8.0,409.0,6.0
I Need You,170.0,EDP,0.4,553.0,569.0,633.0,633.0,8.0,978321.0,1000000.0,256.0,16.0,211.0,4.0
幸せになれる隠しコマンドがあるらしい,758.0,BSP,0.4,658.0,683.0,759.0,759.0,6.0,975495.0,1000000.0,843.0,60.0,253.0,5.0
Romancing Layer,584.0,BSP,0.4,495.0,513.0,570.0,570.0,6.0,973551.0,1000000.0,406.0,40.0,190.0,18.0
39,826.0,ESP,0.4,913.0,939.0,1044.0,1044.0,12.0,978282.0,1000000.0,1264.0,23.0,348.0,9.0
un deux trois,212.0,EDP,0.4,628.0,642.0,714.0,714.0,9.0,979475.0,1000000.0,374.0,8.0,238.0,13.0
Crazy Control,344.0,CSP,0.4,723.0,739.0,822.0,822.0,12.0,980977.0,1000000.0,971.0,9.0,274.0,0.0
Daily Lunch Special,582.0,begSP,0.4,421.0,448.0,498.0,498.0,3.0,965617.0,1000000.0,163.0,40.0,166.0,5.0
S・A・G・A,309.0,BDP,0.4,556.0,572.0,636.0,636.0,6.0,978492.0,1000000.0,148.0,12.0,212.0,3.0
No.13,189.0,BSP,0.4,495.0,523.0,582.0,582.0,5.0,965890.0,1000000.0,179.0,38.0,194.0,13.0
SigSig,450.0,BSP,0.4,663.0,693.0,771.0,771.0,6.0,970469.0,1000000.0,435.0,50.0,257.0,21.0
Struggle,654.0,DSP,0.4,928.0,961.0,1068.0,1068.0,10.0,976362.0,1000000.0,1096.0,48.0,356.0,4.0
輪廻転生,769.0,BDP,0.4,762.0,785.0,873.0,873.0,7.0,977300.0,1000000.0,298.0,15.0,291.0,13.0
RISING FIRE HAWK,708.0,begSP,0.4,343.0,361.0,402.0,402.0,3.0,970877.0,1000000.0,345.0,63.0,134.0,1.0
至上のラトゥーリア,935.0,BSP,0.4,446.0,461.0,513.0,513.0,6.0,974915.0,1000000.0,215.0,23.0,171.0,12.0
IN THE ZONE,420.0,ESP,0.4,669.0,691.0,768.0,768.0,9.0,976161.0,1000000.0,708.0,35.0,256.0,16.0
君氏危うくも近うよれ,763.0,DSP,0.4,728.0,750.0,834.0,834.0,10.0,977360.0,1000000.0,1017.0,35.0,278.0,9.0
ACROSS WORLD,537.0,DSP,0.4,627.0,648.0,720.0,720.0,8.0,977399.0,1000000.0,299.0,24.0,240.0,3.0
smooooch･&forall;･,390.0,BSP,0.4,335.0,353.0,393.0,393.0,4.0,969723.0,1000000.0,374.0,70.0,131.0,4.0
ヒマワリ,219.0,ESP,0.4,976.0,1004.0,1116.0,1116.0,11.0,978616.0,1000000.0,1866.0,31.0,372.0,2.0
Dance Partay,622.0,DSP,0.4,596.0,618.0,687.0,687.0,7.0,975345.0,1000000.0,162.0,19.0,229.0,10.0
恋時雨,783.0,BDP,0.4,517.0,534.0,594.0,594.0,7.0,974985.0,1000000.0,362.0,29.0,198.0,16.0
Prey,809.0,BSP,0.4,907.0,931.0,1035.0,1035.0,11.0,978600.0,1000000.0,1504.0,20.0,345.0,13.0
Squeeze,577.0,begSP,0.4,344.0,369.0,411.0,411.0,4.0,962830.0,1000000.0,110.0,32.0,137.0,1.0
AFTER THE GAME OF LOVE,14.0,DSP,0.4,428.0,453.0,504.0,504.0,6.0,968829.0,1000000.0,356.0,71.0,168.0,0.0
SURVIVAL AT THE END OF THE UNIVERSE,1186.0,BSP,0.4,923.0,942.0,1047.0,1047.0,9.0,981424.0,1000000.0,185.0,3.0,349.0,3.0
DYNAMITE RAVE (&quot;AIR&quot; Special),237.0,CSP,0.4,564.0,585.0,651.0,651.0,8.0,975914.0,1000000.0,1962.0,113.0,217.0,0.0
Believe,709.0,begSP,0.4,251.0,264.0,294.0,294.0,2.0,969014.0,1000000.0,154.0,36.0,98.0,6.0
Unreality,1095.0,DSP,0.39,942.0,963.0,1071.0,1071.0,11.0,979406.0,1000000.0,671.0,6.0,357.0,19.0
Our Soul,860.0,DSP,0.39,713.0,734.0,816.0,816.0,8.0,977018.0,1000000.0,457.0,21.0,272.0,16.0
ビビットストリーム,658.0,BSP,0.39,641.0,669.0,744.0,744.0,6.0,971123.0,1000000.0,444.0,51.0,248.0,20.0
ミックスナッツ,1120.0,begSP,0.39,109.0,116.0,129.0,129.0,1.0,967874.0,1000000.0,210.0,64.0,43.0,1.0
LONG TRAIN RUNNIN' (20th Anniversary Mix),858.0,DDP,0.39,626.0,639.0,711.0,711.0,9.0,981524.0,1000000.0,218.0,4.0,237.0,2.0
未来（ダ）FUTURE,867.0,ESP,0.39,1371.0,1409.0,1566.0,1566.0,15.0,977202.0,1000000.0,1963.0,20.0,522.0,27.0
Jam &amp; Marmalade,174.0,EDP,0.39,542.0,556.0,618.0,618.0,10.0,980486.0,1000000.0,395.0,14.0,206.0,1.0
Surface,1061.0,EDP,0.39,897.0,912.0,1014.0,1014.0,12.0,980070.0,1000000.0,352.0,1.0,338.0,35.0
カラフルミニッツ,1178.0,EDP,0.39,790.0,807.0,897.0,897.0,11.0,980222.0,1000000.0,214.0,4.0,299.0,16.0
Scarlet Moon,653.0,BDP,0.39,485.0,502.0,558.0,558.0,5.0,975296.0,1000000.0,276.0,30.0,186.0,10.0
革命,96.0,BSP,0.39,418.0,432.0,480.0,480.0,5.0,970548.0,1000000.0,236.0,27.0,160.0,32.0
ベビーステップ,849.0,BDP,0.39,681.0,699.0,777.0,777.0,7.0,979641.0,1000000.0,194.0,10.0,259.0,3.0
only my railgun,371.0,BSP,0.39,335.0,353.0,393.0,393.0,4.0,966815.0,1000000.0,380.0,74.0,131.0,12.0
rain of sorrow,86.0,DSP,0.39,718.0,734.0,816.0,816.0,9.0,973846.0,1000000.0,247.0,6.0,272.0,62.0
Good Looking,1010.0,BDP,0.39,676.0,693.0,771.0,771.0,9.0,978475.0,1000000.0,193.0,9.0,257.0,13.0
Waiting,835.0,BDP,0.39,558.0,572.0,636.0,636.0,7.0,979393.0,1000000.0,198.0,10.0,212.0,8.0
激アツ☆マジヤバ☆チアガール,671.0,BDP,0.39,397.0,410.0,456.0,456.0,5.0,975760.0,1000000.0,410.0,39.0,152.0,9.0
HARD BRAIN,964.0,ESP,0.39,1750.0,1795.0,1995.0,1995.0,15.0,977775.0,1000000.0,1743.0,10.0,665.0,30.0
SEDUCTION(Vocal Remix),202.0,ESP,0.39,990.0,1017.0,1131.0,1131.0,12.0,979099.0,1000000.0,1297.0,21.0,377.0,1.0
CURUS,156.0,BSP,0.39,232.0,245.0,273.0,273.0,3.0,968176.0,1000000.0,151.0,40.0,91.0,0.0
Can Be Real,152.0,DSP,0.39,553.0,572.0,636.0,636.0,6.0,976298.0,1000000.0,203.0,21.0,212.0,8.0
Don't Stop!～AMD 2nd MIX～,33.0,ESP,0.39,562.0,577.0,642.0,642.0,10.0,979507.0,1000000.0,1011.0,30.0,214.0,0.0
Clarity,871.0,begSP,0.39,167.0,178.0,198.0,198.0,2.0,965038.0,1000000.0,153.0,48.0,66.0,0.0
ROOM,940.0,DSP,0.39,708.0,729.0,810.0,810.0,8.0,977440.0,1000000.0,322.0,18.0,270.0,15.0
think ya better D,25.0,BDP,0.39,453.0,464.0,516.0,516.0,6.0,980938.0,1000000.0,159.0,9.0,172.0,0.0
First Time,820.0,begSP,0.39,231.0,240.0,267.0,267.0,4.0,974925.0,1000000.0,192.0,35.0,89.0,3.0
Tell me what to do,515.0,DSP,0.39,757.0,774.0,861.0,861.0,9.0,976070.0,1000000.0,231.0,6.0,287.0,45.0
chaplet,1173.0,BSP,0.39,581.0,596.0,663.0,663.0,8.0,976758.0,1000000.0,373.0,16.0,221.0,22.0
星屑のキロク,574.0,BDP,0.38,583.0,599.0,666.0,666.0,6.0,977829.0,1000000.0,178.0,11.0,222.0,16.0
Aria,1196.0,BSP,0.38,659.0,672.0,747.0,747.0,9.0,979328.0,1000000.0,96.0,3.0,249.0,26.0
A Stupid Barber,145.0,BSP,0.38,428.0,453.0,504.0,504.0,4.0,964833.0,1000000.0,225.0,50.0,168.0,16.0
MAKE A JAM!,719.0,begSP,0.38,162.0,170.0,189.0,189.0,2.0,972758.0,1000000.0,206.0,52.0,63.0,0.0
Sephirot,739.0,DSP,0.38,932.0,958.0,1065.0,1065.0,10.0,978598.0,1000000.0,1804.0,28.0,355.0,9.0
Step This Way,1027.0,DSP,0.38,1168.0,1193.0,1326.0,1326.0,12.0,980524.0,1000000.0,658.0,5.0,442.0,7.0
MOON,186.0,ESP,0.38,843.0,869.0,966.0,966.0,10.0,977621.0,1000000.0,1282.0,41.0,322.0,7.0
虹色,224.0,BSP,0.38,304.0,318.0,354.0,354.0,4.0,973047.0,1000000.0,277.0,52.0,118.0,0.0
Happy,711.0,BSP,0.38,372.0,388.0,432.0,432.0,5.0,970582.0,1000000.0,521.0,70.0,144.0,15.0
Party Rock Anthem,875.0,begSP,0.38,191.0,202.0,225.0,225.0,2.0,965828.0,1000000.0,172.0,46.0,75.0,7.0
めうめうぺったんたん！！ (ZAQUVA Remix),1242.0,BDP,0.38,607.0,623.0,693.0,693.0,7.0,976284.0,1000000.0,46.0,5.0,231.0,13.0
Resurrection,446.0,DDP,0.38,607.0,621.0,690.0,690.0,8.0,978086.0,1000000.0,168.0,7.0,230.0,26.0
ECSTASY,54.0,BDP,0.38,481.0,494.0,549.0,549.0,6.0,980265.0,1000000.0,163.0,12.0,183.0,0.0
GHOST KINGDOM,967.0,DDP,0.38,686.0,702.0,780.0,780.0,10.0,979993.0,1000000.0,370.0,9.0,260.0,12.0
TRUE&hearts;LOVE (Clubstar's True Club Mix),1085.0,EDP,0.38,980.0,996.0,1107.0,1107.0,13.0,982563.0,1000000.0,239.0,1.0,369.0,5.0
スイーツはとまらない&#9834;,846.0,ESP,0.38,1265.0,1293.0,1437.0,1437.0,13.0,979963.0,1000000.0,1634.0,7.0,479.0,13.0
i feel ...,83.0,ESP,0.38,878.0,899.0,999.0,999.0,12.0,980550.0,1000000.0,1294.0,14.0,333.0,2.0
おねがいダーリン,795.0,begSP,0.38,179.0,191.0,213.0,213.0,1.0,963466.0,1000000.0,578.0,147.0,71.0,4.0
30 Lives (Up-Up-Down-Dance Mix),275.0,ESP,0.38,638.0,658.0,732.0,732.0,8.0,978226.0,1000000.0,787.0,36.0,244.0,1.0
Ska Ska No.3,203.0,DSP,0.38,533.0,550.0,612.0,612.0,7.0,978071.0,1000000.0,175.0,17.0,204.0,0.0
キケンな果実,549.0,BDP,0.38,565.0,583.0,648.0,648.0,6.0,976177.0,1000000.0,230.0,20.0,216.0,16.0
Go&darr;Go&uarr;Girls&amp;Boys!,627.0,DSP,0.38,798.0,826.0,918.0,918.0,8.0,975533.0,1000000.0,473.0,33.0,306.0,15.0
Wolf's Rain,1062.0,DSP,0.38,912.0,934.0,1038.0,1038.0,11.0,979435.0,1000000.0,484.0,10.0,346.0,13.0
ミライプリズム,644.0,BSP,0.38,425.0,445.0,495.0,495.0,4.0,970470.0,1000000.0,289.0,51.0,165.0,10.0
Right Time Right Way,861.0,BDP,0.38,672.0,691.0,768.0,768.0,8.0,977921.0,1000000.0,207.0,13.0,256.0,14.0
朧 (dj TAKA Remix),793.0,begSP,0.38,356.0,378.0,420.0,420.0,3.0,963996.0,1000000.0,285.0,68.0,140.0,14.0
DANCERUSH STARDOM ANTHEM,942.0,DSP,0.38,756.0,777.0,864.0,864.0,8.0,973698.0,1000000.0,338.0,16.0,288.0,48.0
Red Cape Theorem,977.0,BSP,0.38,417.0,432.0,480.0,480.0,6.0,974737.0,1000000.0,294.0,37.0,160.0,11.0
鏡花水月楼 (DDR EDITION),1080.0,DDP,0.38,932.0,950.0,1056.0,1056.0,12.0,981086.0,1000000.0,248.0,3.0,352.0,11.0
なだめスかし Negotiation,979.0,ESP,0.38,812.0,831.0,924.0,924.0,11.0,979480.0,1000000.0,1034.0,14.0,308.0,12.0
La Se&ntilde;orita Virtual,21.0,ESP,0.38,943.0,969.0,1077.0,1077.0,12.0,979218.0,1000000.0,1593.0,30.0,359.0,0.0
ようこそジャパリパークへ,768.0,begSP,0.38,303.0,318.0,354.0,354.0,3.0,969666.0,1000000.0,312.0,60.0,118.0,9.0
RЁVOLUTIФN,553.0,BDP,0.38,778.0,801.0,891.0,891.0,7.0,975171.0,1000000.0,279.0,16.0,297.0,32.0
Tomorrow Perfume,209.0,EDP,0.38,634.0,648.0,720.0,720.0,9.0,980139.0,1000000.0,276.0,8.0,240.0,12.0
e-motion,6.0,ESP,0.38,349.0,359.0,399.0,399.0,8.0,979683.0,1000000.0,1261.0,65.0,133.0,0.0
CANDY☆,61.0,DSP,0.38,639.0,664.0,738.0,738.0,7.0,973565.0,1000000.0,625.0,59.0,246.0,16.0
jane jana,118.0,BDP,0.37,421.0,434.0,483.0,483.0,6.0,978547.0,1000000.0,145.0,16.0,161.0,0.0
Golden Arrow,916.0,DSP,0.37,1144.0,1174.0,1305.0,1305.0,12.0,978556.0,1000000.0,1127.0,16.0,435.0,16.0
murmur twins,187.0,BSP,0.37,227.0,240.0,267.0,267.0,4.0,967297.0,1000000.0,151.0,42.0,89.0,3.0
MOONSTER,248.0,DSP,0.37,656.0,677.0,753.0,753.0,7.0,976491.0,1000000.0,177.0,16.0,251.0,13.0
ORION.78(AMeuro-MIX),42.0,DDP,0.37,484.0,496.0,552.0,552.0,8.0,980013.0,1000000.0,157.0,11.0,184.0,0.0
spring pony,1174.0,begSP,0.37,177.0,186.0,207.0,207.0,2.0,971068.0,1000000.0,161.0,42.0,69.0,2.0
Dazzlin' Darlin-秋葉工房mix-,346.0,DSP,0.37,660.0,685.0,762.0,762.0,8.0,973646.0,1000000.0,708.0,61.0,254.0,15.0
starmine,618.0,BDP,0.37,631.0,650.0,723.0,723.0,7.0,975899.0,1000000.0,224.0,18.0,241.0,19.0
MY SUMMER LOVE,41.0,EDP,0.37,640.0,658.0,732.0,732.0,11.0,979101.0,1000000.0,647.0,27.0,244.0,0.0
TRIP MACHINE (xac nanoglide mix),484.0,BSP,0.37,651.0,672.0,747.0,747.0,8.0,974997.0,1000000.0,270.0,23.0,249.0,23.0
GAIA,535.0,begSP,0.37,358.0,378.0,420.0,420.0,3.0,968578.0,1000000.0,196.0,47.0,140.0,5.0
Under the Sky,213.0,DDP,0.37,487.0,499.0,555.0,555.0,6.0,979422.0,1000000.0,160.0,10.0,185.0,8.0
リリーゼと炎龍レーヴァテイン,1098.0,begSP,0.37,337.0,351.0,390.0,390.0,4.0,974602.0,1000000.0,238.0,41.0,130.0,4.0
A Geisha's Dream,276.0,BSP,0.37,540.0,558.0,621.0,621.0,6.0,975176.0,1000000.0,536.0,40.0,207.0,15.0
HYENA,570.0,begSP,0.37,400.0,423.0,471.0,471.0,3.0,969107.0,1000000.0,125.0,31.0,157.0,0.0
stealth,262.0,DSP,0.37,638.0,661.0,735.0,735.0,8.0,975558.0,1000000.0,301.0,31.0,245.0,8.0
夏色DIARY -DDR mix-,668.0,BDP,0.37,604.0,623.0,693.0,693.0,6.0,974651.0,1000000.0,349.0,25.0,231.0,26.0
Happy Wedding,114.0,DSP,0.37,481.0,499.0,555.0,555.0,6.0,974619.0,1000000.0,248.0,33.0,185.0,8.0
Destiny lovers,109.0,DSP,0.37,558.0,575.0,639.0,639.0,7.0,975654.0,1000000.0,279.0,23.0,213.0,21.0
future gazer,410.0,DDP,0.37,588.0,602.0,669.0,669.0,8.0,980111.0,1000000.0,89.0,6.0,223.0,9.0
轟け！恋のビーンボール！！,579.0,BSP,0.37,597.0,621.0,690.0,690.0,7.0,974992.0,1000000.0,565.0,61.0,230.0,5.0
テレキャスタービーボーイ,1036.0,BDP,0.37,488.0,502.0,558.0,558.0,6.0,975780.0,1000000.0,226.0,20.0,186.0,20.0
Dance Dance Revolution,108.0,BSP,0.37,440.0,459.0,510.0,510.0,6.0,974398.0,1000000.0,356.0,57.0,170.0,0.0
Silent Hill (3rd christmas mix),89.0,CDP,0.37,745.0,761.0,846.0,846.0,11.0,976472.0,1000000.0,438.0,7.0,282.0,48.0
nightbird lost wing,494.0,BDP,0.37,450.0,461.0,513.0,513.0,7.0,977899.0,1000000.0,167.0,11.0,171.0,15.0
GRADUATION ～それぞれの明日～,113.0,ESP,0.36,724.0,742.0,825.0,825.0,9.0,980225.0,1000000.0,1203.0,23.0,275.0,1.0
フー・フローツ,550.0,BSP,0.36,575.0,599.0,666.0,666.0,6.0,973418.0,1000000.0,392.0,51.0,222.0,9.0
Urban Life,1236.0,DSP,0.36,982.0,999.0,1110.0,1110.0,11.0,981800.0,1000000.0,221.0,2.0,370.0,11.0
Believe,709.0,BDP,0.36,406.0,418.0,465.0,465.0,5.0,977551.0,1000000.0,194.0,20.0,155.0,7.0
I/O,441.0,BSP,0.36,393.0,413.0,459.0,459.0,4.0,970467.0,1000000.0,256.0,52.0,153.0,8.0
Shout It Out,1040.0,begSP,0.36,356.0,369.0,411.0,411.0,4.0,973990.0,1000000.0,198.0,29.0,137.0,10.0
HYPERDRIVE,948.0,DSP,0.36,774.0,801.0,891.0,891.0,9.0,975692.0,1000000.0,473.0,35.0,297.0,12.0
愛言葉,821.0,BDP,0.36,531.0,550.0,612.0,612.0,5.0,975160.0,1000000.0,250.0,29.0,204.0,10.0
TimeHollow,323.0,DSP,0.36,380.0,391.0,435.0,435.0,7.0,977089.0,1000000.0,168.0,18.0,145.0,10.0
Scorching Moon,200.0,DSP,0.36,549.0,567.0,630.0,630.0,7.0,976862.0,1000000.0,168.0,20.0,210.0,8.0
Forever Sunshine,164.0,EDP,0.36,526.0,537.0,597.0,597.0,8.0,979783.0,1000000.0,263.0,7.0,199.0,17.0
Struggle,654.0,BSP,0.36,586.0,618.0,687.0,687.0,6.0,969306.0,1000000.0,510.0,92.0,229.0,4.0
ホメ猫☆センセーション,655.0,BSP,0.36,552.0,572.0,636.0,636.0,6.0,976180.0,1000000.0,484.0,47.0,212.0,5.0
Right on time (Ryu☆Remix),554.0,BDP,0.36,481.0,496.0,552.0,552.0,6.0,976754.0,1000000.0,211.0,22.0,184.0,8.0
タイガーランペイジ,855.0,begSP,0.36,227.0,240.0,267.0,267.0,2.0,966771.0,1000000.0,226.0,61.0,89.0,5.0
Sword of Vengeance,1008.0,begSP,0.36,497.0,521.0,579.0,579.0,5.0,971555.0,1000000.0,268.0,50.0,193.0,6.0
Waiting,835.0,BSP,0.36,538.0,556.0,618.0,618.0,6.0,977626.0,1000000.0,250.0,26.0,206.0,3.0
Lose Your Sense,1158.0,BSP,0.36,797.0,815.0,906.0,906.0,9.0,980076.0,1000000.0,173.0,6.0,302.0,13.0
脳漿炸裂ガール,759.0,ESP,0.35,1418.0,1452.0,1614.0,1614.0,12.0,978283.0,1000000.0,1757.0,13.0,538.0,31.0
Take A Step Forward,417.0,BDP,0.35,585.0,602.0,669.0,669.0,6.0,973310.0,1000000.0,296.0,22.0,223.0,40.0
十二星座の聖域,685.0,BSP,0.35,573.0,594.0,660.0,660.0,6.0,974369.0,1000000.0,527.0,52.0,220.0,18.0
&hearts;Love&sup2;シュガ&rarr;&hearts;,98.0,ESP,0.35,655.0,675.0,750.0,750.0,8.0,978641.0,1000000.0,966.0,50.0,250.0,1.0
TSUBASA,669.0,DSP,0.35,822.0,845.0,939.0,939.0,10.0,978557.0,1000000.0,628.0,24.0,313.0,11.0
SODA GALAXY,843.0,DSP,0.35,839.0,864.0,960.0,960.0,9.0,976997.0,1000000.0,494.0,26.0,320.0,20.0
私をディスコに連れてって TOKYO,1052.0,EDP,0.35,1408.0,1431.0,1590.0,1590.0,14.0,981196.0,1000000.0,420.0,1.0,530.0,27.0
LOVE AGAIN TONIGHT～For Melissa MIX～,40.0,DSP,0.35,614.0,631.0,702.0,702.0,8.0,979260.0,1000000.0,267.0,18.0,234.0,0.0
chaplet,1173.0,BDP,0.35,610.0,623.0,693.0,693.0,8.0,979025.0,1000000.0,294.0,9.0,231.0,19.0
ビビットストリーム,658.0,begSP,0.35,408.0,432.0,480.0,480.0,4.0,967613.0,1000000.0,241.0,58.0,160.0,7.0
PARTY ALL NIGHT(DJ KEN-BOW MIX),993.0,ESP,0.35,1193.0,1215.0,1350.0,1350.0,13.0,980715.0,1000000.0,922.0,3.0,450.0,24.0
デッドボヲルdeホームラン,576.0,BSP,0.35,498.0,515.0,573.0,573.0,6.0,975953.0,1000000.0,310.0,35.0,191.0,7.0
Quickening,195.0,EDP,0.35,755.0,772.0,858.0,858.0,8.0,979363.0,1000000.0,289.0,8.0,286.0,21.0
六兆年と一夜物語,726.0,begSP,0.35,193.0,202.0,225.0,225.0,4.0,973497.0,1000000.0,271.0,61.0,75.0,0.0
District of the Shadows,828.0,BDP,0.35,589.0,604.0,672.0,672.0,7.0,979571.0,1000000.0,258.0,15.0,224.0,3.0
Jetcoaster Windy,968.0,BDP,0.35,658.0,672.0,747.0,747.0,7.0,981124.0,1000000.0,184.0,6.0,249.0,7.0
チルノのパーフェクトさんすう教室,761.0,BSP,0.35,619.0,642.0,714.0,714.0,6.0,972276.0,1000000.0,624.0,58.0,238.0,29.0
零 - ZERO -,334.0,BDP,0.35,505.0,518.0,576.0,576.0,6.0,979093.0,1000000.0,277.0,19.0,192.0,6.0
Slip Out (bounce in beat mix),313.0,EDP,0.35,653.0,669.0,744.0,744.0,9.0,976876.0,1000000.0,215.0,12.0,248.0,28.0
めうめうぺったんたん！！ (ZAQUVA Remix),1242.0,BSP,0.35,601.0,626.0,696.0,696.0,7.0,972053.0,1000000.0,67.0,14.0,232.0,7.0
PARADISE,1131.0,DSP,0.35,703.0,720.0,801.0,801.0,9.0,979037.0,1000000.0,128.0,8.0,267.0,12.0
打打打打打打打打打打,693.0,begSP,0.35,222.0,232.0,258.0,258.0,2.0,974036.0,1000000.0,404.0,84.0,86.0,0.0
さよならトリップ ～夏陽 EDM edition～,684.0,ESP,0.35,877.0,896.0,996.0,996.0,12.0,979584.0,1000000.0,2192.0,17.0,332.0,19.0
CyberConnect,921.0,DSP,0.35,992.0,1012.0,1125.0,1125.0,11.0,978804.0,1000000.0,783.0,7.0,375.0,36.0
HyperTwist,938.0,begSP,0.35,430.0,450.0,501.0,501.0,5.0,971449.0,1000000.0,336.0,61.0,167.0,5.0
JET WORLD,119.0,ESP,0.35,887.0,907.0,1008.0,1008.0,11.0,980366.0,1000000.0,1162.0,13.0,336.0,11.0
ヤマトなでなで&#9825;かぐや姫,573.0,ESP,0.35,897.0,920.0,1023.0,1023.0,11.0,978031.0,1000000.0,1503.0,30.0,341.0,20.0
Quickening,195.0,ESP,0.35,914.0,934.0,1038.0,1038.0,11.0,980135.0,1000000.0,1108.0,13.0,346.0,13.0
雫,454.0,BDP,0.35,348.0,356.0,396.0,396.0,5.0,977749.0,1000000.0,171.0,14.0,132.0,14.0
Secret Rendez-vous,87.0,DSP,0.35,387.0,402.0,447.0,447.0,7.0,975442.0,1000000.0,170.0,30.0,149.0,3.0
ANNIVERSARY &there4;∵&there4; &larr;&darr;&uarr;&rarr;,818.0,BSP,0.34,761.0,783.0,870.0,870.0,7.0,977808.0,1000000.0,799.0,38.0,290.0,12.0
Melody Life,368.0,ESP,0.34,987.0,1015.0,1128.0,1128.0,10.0,978239.0,1000000.0,870.0,30.0,376.0,10.0
I believe what you said,997.0,DDP,0.34,522.0,534.0,594.0,594.0,8.0,980369.0,1000000.0,200.0,10.0,198.0,6.0
Chronos,439.0,begSP,0.34,211.0,218.0,243.0,243.0,1.0,969744.0,1000000.0,348.0,53.0,81.0,16.0
Poppin' Soda,1007.0,begSP,0.34,457.0,477.0,531.0,531.0,4.0,973166.0,1000000.0,247.0,43.0,177.0,4.0
GRADUATION ～それぞれの明日～,113.0,DSP,0.34,533.0,548.0,609.0,609.0,7.0,978196.0,1000000.0,251.0,20.0,203.0,11.0
リリーゼと炎龍レーヴァテイン,1098.0,BSP,0.34,649.0,664.0,738.0,738.0,8.0,980602.0,1000000.0,506.0,15.0,246.0,5.0
ON-DO,1102.0,DDP,0.34,888.0,901.0,1002.0,1002.0,12.0,982902.0,1000000.0,141.0,1.0,334.0,5.0
chaos eater,635.0,begSP,0.34,509.0,531.0,591.0,591.0,6.0,973501.0,1000000.0,187.0,34.0,197.0,2.0
Red Cape Theorem,977.0,begSP,0.34,240.0,251.0,279.0,279.0,3.0,972288.0,1000000.0,172.0,41.0,93.0,5.0
STILL IN MY HEART,59.0,BSP,0.34,469.0,486.0,540.0,540.0,6.0,976785.0,1000000.0,276.0,39.0,180.0,0.0
ずっとみつめていて (Ryu☆Remix),502.0,begSP,0.34,151.0,159.0,177.0,177.0,1.0,969933.0,1000000.0,573.0,150.0,59.0,0.0
"Help me, ERINNNNNN!!",681.0,begSP,0.34,299.0,310.0,345.0,345.0,4.0,974407.0,1000000.0,262.0,42.0,115.0,8.0
メンタンピンドラドラ,1194.0,DSP,0.34,879.0,896.0,996.0,996.0,11.0,981556.0,1000000.0,488.0,6.0,332.0,4.0
ハラショー！おにぎりサーカス団☆,976.0,begSP,0.34,377.0,396.0,441.0,441.0,3.0,969639.0,1000000.0,164.0,38.0,147.0,7.0
ON-DO,1102.0,DSP,0.34,924.0,939.0,1044.0,1044.0,12.0,982405.0,1000000.0,330.0,2.0,348.0,5.0
In The Breeze,662.0,BDP,0.34,343.0,353.0,393.0,393.0,5.0,977735.0,1000000.0,185.0,23.0,131.0,4.0
SP-TRIP MACHINE～JUNGLE MIX～(X-Special),314.0,CSP,0.34,715.0,734.0,816.0,816.0,11.0,978123.0,1000000.0,971.0,30.0,272.0,18.0
ハッピーシンセサイザ,704.0,begSP,0.34,240.0,251.0,279.0,279.0,2.0,973757.0,1000000.0,320.0,68.0,93.0,2.0
Till the lonely's gone,322.0,DDP,0.34,640.0,653.0,726.0,726.0,8.0,979830.0,1000000.0,155.0,5.0,242.0,21.0
Plan 8,628.0,begSP,0.34,493.0,515.0,573.0,573.0,4.0,970645.0,1000000.0,210.0,38.0,191.0,17.0
New Beginning,444.0,ESP,0.34,993.0,1017.0,1131.0,1131.0,11.0,977424.0,1000000.0,929.0,18.0,377.0,34.0
風鈴花火,804.0,DSP,0.34,693.0,712.0,792.0,792.0,8.0,978696.0,1000000.0,1435.0,43.0,264.0,8.0
snow prism,488.0,BDP,0.34,529.0,545.0,606.0,606.0,6.0,977561.0,1000000.0,164.0,18.0,202.0,9.0
GRADIUS REMIX（&uarr;&uarr;&darr;&darr;&larr;&rarr;&larr;&rarr;BA Ver.),1065.0,DDP,0.34,666.0,680.0,756.0,756.0,8.0,978541.0,1000000.0,156.0,6.0,252.0,29.0
脳漿炸裂ガール,759.0,BDP,0.34,821.0,845.0,939.0,939.0,6.0,977078.0,1000000.0,400.0,23.0,313.0,22.0
only my railgun,371.0,ESP,0.34,697.0,718.0,798.0,798.0,9.0,975734.0,1000000.0,1515.0,71.0,266.0,24.0
PARANOIA survivor,126.0,begSP,0.34,268.0,278.0,309.0,309.0,4.0,976740.0,1000000.0,123.0,26.0,103.0,0.0
Midnight Amaretto,944.0,begSP,0.34,278.0,294.0,327.0,327.0,3.0,968919.0,1000000.0,165.0,45.0,109.0,3.0
Dancer in the flare,724.0,BSP,0.34,401.0,413.0,459.0,459.0,6.0,977701.0,1000000.0,486.0,45.0,153.0,7.0
S!ck,730.0,begSP,0.34,371.0,386.0,429.0,429.0,5.0,974966.0,1000000.0,250.0,43.0,143.0,5.0
VANITY ANGEL,139.0,DSP,0.34,622.0,637.0,708.0,708.0,9.0,980570.0,1000000.0,216.0,13.0,236.0,0.0
SUN&sup2; SUMMER STEP!,800.0,DDP,0.34,669.0,683.0,759.0,759.0,8.0,978857.0,1000000.0,252.0,7.0,253.0,29.0
DANCE ALL NIGHT (DDR EDITION),687.0,ESP,0.34,847.0,872.0,969.0,969.0,10.0,976827.0,1000000.0,1741.0,60.0,323.0,22.0
Chinese Snowy Dance,556.0,begSP,0.33,379.0,402.0,447.0,447.0,4.0,965585.0,1000000.0,163.0,44.0,149.0,11.0
Beautiful Dream,500.0,BSP,0.33,687.0,712.0,792.0,792.0,7.0,975734.0,1000000.0,568.0,53.0,264.0,7.0
恋時雨,783.0,DSP,0.33,798.0,820.0,912.0,912.0,9.0,977579.0,1000000.0,685.0,29.0,304.0,17.0
彼方のリフレシア,999.0,DSP,0.33,820.0,839.0,933.0,933.0,10.0,978878.0,1000000.0,609.0,15.0,311.0,20.0
勇猛無比,1016.0,BDP,0.33,826.0,847.0,942.0,942.0,8.0,979302.0,1000000.0,353.0,15.0,314.0,8.0
snow prism,488.0,BSP,0.33,475.0,491.0,546.0,546.0,6.0,976680.0,1000000.0,273.0,32.0,182.0,8.0
勇猛無比,1016.0,ESP,0.33,1582.0,1614.0,1794.0,1794.0,14.0,979939.0,1000000.0,1488.0,5.0,598.0,25.0
MOON,186.0,BDP,0.33,291.0,302.0,336.0,336.0,3.0,973375.0,1000000.0,521.0,84.0,112.0,8.0
Small Steps,883.0,ESP,0.33,515.0,526.0,585.0,585.0,10.0,980834.0,1000000.0,1143.0,20.0,195.0,7.0
You You You,1127.0,DDP,0.33,832.0,850.0,945.0,945.0,10.0,980874.0,1000000.0,214.0,7.0,315.0,6.0
oarfish,370.0,BDP,0.33,191.0,197.0,219.0,219.0,2.0,977997.0,1000000.0,492.0,68.0,73.0,3.0
BABY BABY GIMME YOUR LOVE,29.0,BDP,0.33,210.0,216.0,240.0,240.0,3.0,980400.0,1000000.0,269.0,35.0,80.0,0.0
叛逆のディスパレート,960.0,BSP,0.33,507.0,526.0,585.0,585.0,6.0,972959.0,1000000.0,309.0,43.0,195.0,19.0
Dazzlin' Darlin,345.0,ESP,0.33,920.0,942.0,1047.0,1047.0,11.0,979936.0,1000000.0,1934.0,29.0,349.0,7.0
朝色の紙飛行機,649.0,begSP,0.33,305.0,321.0,357.0,357.0,2.0,969562.0,1000000.0,201.0,51.0,119.0,5.0
going up,353.0,CSP,0.33,1052.0,1074.0,1194.0,1194.0,11.0,977859.0,1000000.0,679.0,9.0,398.0,46.0
DROP,349.0,ESP,0.33,999.0,1023.0,1137.0,1137.0,11.0,978249.0,1000000.0,1268.0,20.0,379.0,31.0
Something Just Like This (Alesso Remix) ,877.0,ESP,0.33,846.0,864.0,960.0,960.0,10.0,980822.0,1000000.0,1029.0,14.0,320.0,9.0
Triple Cross,1032.0,DSP,0.33,1284.0,1312.0,1458.0,1458.0,13.0,980438.0,1000000.0,1140.0,10.0,486.0,9.0
惑星☆ロリポップ,1135.0,ESP,0.33,1480.0,1514.0,1683.0,1683.0,15.0,977818.0,1000000.0,1194.0,12.0,561.0,46.0
Small Steps,883.0,DDP,0.33,468.0,480.0,534.0,534.0,7.0,971812.0,1000000.0,184.0,15.0,178.0,44.0
air,102.0,DSP,0.33,468.0,483.0,537.0,537.0,7.0,977768.0,1000000.0,307.0,36.0,179.0,2.0
どきドキ バレンタイン,910.0,ESP,0.33,1300.0,1328.0,1476.0,1476.0,12.0,978039.0,1000000.0,1311.0,10.0,492.0,50.0
Hillbilly Shoes,712.0,BDP,0.33,343.0,351.0,390.0,390.0,5.0,981533.0,1000000.0,170.0,13.0,130.0,2.0
GIRIGILI門前雀羅,245.0,BDP,0.33,451.0,464.0,516.0,516.0,5.0,978977.0,1000000.0,151.0,18.0,172.0,2.0
ハピ恋☆らぶりぃタイム!!,720.0,ESP,0.33,967.0,993.0,1104.0,1104.0,11.0,978857.0,1000000.0,1854.0,44.0,368.0,7.0
DOWNER &amp; UPPER,884.0,BDP,0.33,456.0,469.0,522.0,522.0,6.0,978503.0,1000000.0,196.0,21.0,174.0,3.0
SPECIAL SUMMER CAMPAIGN!,617.0,BSP,0.32,545.0,567.0,630.0,630.0,7.0,974802.0,1000000.0,235.0,38.0,210.0,7.0
All My Love,340.0,ESP,0.32,805.0,828.0,921.0,921.0,10.0,976674.0,1000000.0,1264.0,48.0,307.0,23.0
妄想感傷代償連盟,881.0,ESP,0.32,816.0,834.0,927.0,927.0,12.0,979833.0,1000000.0,1493.0,18.0,309.0,18.0
Seize The Day,1003.0,ESP,0.32,670.0,683.0,759.0,759.0,10.0,981520.0,1000000.0,863.0,10.0,253.0,9.0
Mickey Mouse March(Eurobeat Version),544.0,ESP,0.32,793.0,812.0,903.0,903.0,11.0,980035.0,1000000.0,232.0,12.0,301.0,3.0
LOVE IS ORANGE,178.0,BDP,0.32,444.0,459.0,510.0,510.0,5.0,977070.0,1000000.0,208.0,30.0,170.0,5.0
DROP,349.0,DSP,0.32,630.0,650.0,723.0,723.0,7.0,975562.0,1000000.0,283.0,29.0,241.0,18.0
PARADISE,1131.0,ESP,0.32,968.0,985.0,1095.0,1095.0,12.0,981024.0,1000000.0,551.0,4.0,365.0,19.0
ベィスドロップ・フリークス,723.0,begSP,0.32,366.0,386.0,429.0,429.0,3.0,968711.0,1000000.0,232.0,58.0,143.0,7.0
PUT YOUR FAITH IN ME (DA's Twinkly Disco Remix),483.0,DSP,0.32,567.0,583.0,648.0,648.0,8.0,977984.0,1000000.0,279.0,24.0,216.0,11.0
Emera,743.0,BSP,0.32,456.0,469.0,522.0,522.0,6.0,977111.0,1000000.0,656.0,43.0,174.0,13.0
回レ！雪月花,566.0,BDP,0.32,236.0,245.0,273.0,273.0,3.0,973444.0,1000000.0,397.0,73.0,91.0,5.0
思想犯,996.0,DSP,0.32,1079.0,1104.0,1227.0,1227.0,10.0,979616.0,1000000.0,599.0,14.0,409.0,13.0
e-motion,6.0,DSP,0.32,319.0,329.0,366.0,366.0,6.0,978259.0,1000000.0,321.0,43.0,122.0,0.0
CANDY☆,61.0,BSP,0.32,335.0,351.0,390.0,390.0,6.0,972604.0,1000000.0,525.0,103.0,130.0,4.0
すきなことだけでいいです,882.0,DSP,0.32,673.0,691.0,768.0,768.0,9.0,979240.0,1000000.0,482.0,25.0,256.0,8.0
La receta,364.0,ESP,0.32,927.0,945.0,1050.0,1050.0,11.0,981341.0,1000000.0,701.0,7.0,350.0,11.0
妄想感傷代償連盟,881.0,BSP,0.32,265.0,278.0,309.0,309.0,4.0,971559.0,1000000.0,256.0,64.0,103.0,2.0
"Reach The Sky, Without you",771.0,begSP,0.32,579.0,596.0,663.0,663.0,7.0,976685.0,1000000.0,441.0,36.0,221.0,14.0
IN THE ZONE,420.0,DSP,0.32,501.0,515.0,573.0,573.0,7.0,977956.0,1000000.0,183.0,18.0,191.0,10.0
Believe,709.0,ESP,0.32,879.0,901.0,1002.0,1002.0,11.0,979060.0,1000000.0,1165.0,26.0,334.0,14.0
in love wit you,360.0,ESP,0.32,696.0,712.0,792.0,792.0,9.0,969437.0,1000000.0,705.0,21.0,264.0,82.0
隅田川夏恋歌,428.0,ESP,0.32,1274.0,1306.0,1452.0,1452.0,12.0,979528.0,1000000.0,2345.0,32.0,484.0,0.0
回レ！雪月花,566.0,begSP,0.32,231.0,243.0,270.0,270.0,2.0,972071.0,1000000.0,344.0,87.0,90.0,0.0
HYSTERIA,38.0,ESP,0.32,798.0,818.0,909.0,909.0,11.0,980543.0,1000000.0,1224.0,31.0,303.0,0.0
GUILTY DIAMONDS,930.0,ESP,0.32,1331.0,1360.0,1512.0,1512.0,14.0,979032.0,1000000.0,1522.0,11.0,504.0,32.0
Kilonova,1149.0,BSP,0.32,855.0,874.0,972.0,972.0,9.0,978432.0,1000000.0,277.0,9.0,324.0,30.0
New York EVOLVED (Type B),466.0,begSP,0.32,354.0,369.0,411.0,411.0,4.0,971547.0,1000000.0,128.0,28.0,137.0,11.0
BONE BORN,1136.0,begSP,0.32,161.0,167.0,186.0,186.0,1.0,974277.0,1000000.0,201.0,45.0,62.0,4.0
Take A Step Forward,417.0,ESP,0.32,854.0,880.0,978.0,978.0,11.0,977784.0,1000000.0,1615.0,68.0,326.0,10.0
革命パッショネイト,845.0,BDP,0.32,512.0,526.0,585.0,585.0,5.0,977897.0,1000000.0,230.0,22.0,195.0,10.0
Fleur,1057.0,begSP,0.32,338.0,356.0,396.0,396.0,4.0,968197.0,1000000.0,114.0,32.0,132.0,5.0
DEADLOCK -Out Of Reach-,966.0,begSP,0.32,435.0,448.0,498.0,498.0,5.0,977889.0,1000000.0,234.0,29.0,166.0,5.0
LOVE&hearts;SHINE,124.0,ESP,0.32,875.0,899.0,999.0,999.0,9.0,977825.0,1000000.0,1639.0,49.0,333.0,21.0
ハピ恋☆らぶりぃタイム!!,720.0,begSP,0.32,280.0,297.0,330.0,330.0,2.0,967845.0,1000000.0,243.0,70.0,110.0,1.0
The Night Away (MK Remix),682.0,BDP,0.32,412.0,423.0,471.0,471.0,5.0,978512.0,1000000.0,265.0,26.0,157.0,4.0
Go Down,1125.0,DSP,0.32,808.0,823.0,915.0,915.0,10.0,981289.0,1000000.0,365.0,6.0,305.0,11.0
Crazy Shuffle,885.0,begSP,0.32,266.0,283.0,315.0,315.0,2.0,963039.0,1000000.0,180.0,55.0,105.0,5.0
Pure Rude,1195.0,BSP,0.32,892.0,920.0,1023.0,1023.0,7.0,977846.0,1000000.0,254.0,23.0,341.0,1.0
Glitter Flatter Scatter,1092.0,BSP,0.32,775.0,793.0,882.0,882.0,9.0,980271.0,1000000.0,207.0,10.0,294.0,6.0
Never See You Again,985.0,BDP,0.31,861.0,877.0,975.0,975.0,9.0,980684.0,1000000.0,273.0,5.0,325.0,19.0
WILD SIDE,499.0,ESP,0.31,948.0,972.0,1080.0,1080.0,11.0,978548.0,1000000.0,1052.0,29.0,360.0,21.0
Choo Choo TRAIN,543.0,BDP,0.31,273.0,278.0,309.0,309.0,3.0,982037.0,1000000.0,49.0,6.0,103.0,2.0
BUTTERFLY (20th Anniversary Mix),869.0,BSP,0.31,662.0,688.0,765.0,765.0,6.0,974846.0,1000000.0,401.0,54.0,255.0,6.0
Teleportation,1079.0,BDP,0.31,562.0,575.0,639.0,639.0,8.0,981031.0,1000000.0,205.0,13.0,213.0,2.0
酔いどれ知らず,1100.0,DDP,0.31,746.0,761.0,846.0,846.0,9.0,978052.0,1000000.0,260.0,8.0,282.0,37.0
FLOWER,457.0,begSP,0.31,307.0,324.0,360.0,360.0,3.0,963285.0,1000000.0,227.0,62.0,120.0,19.0
I Want You To Know,713.0,BSP,0.31,431.0,445.0,495.0,495.0,3.0,974374.0,1000000.0,213.0,30.0,165.0,18.0
KEEP ON MOVIN',8.0,BSP,0.31,286.0,297.0,330.0,330.0,5.0,976064.0,1000000.0,302.0,60.0,110.0,0.0
春を告げる,980.0,BDP,0.31,421.0,432.0,480.0,480.0,4.0,979418.0,1000000.0,184.0,20.0,160.0,5.0
i feel ...,83.0,DSP,0.31,610.0,626.0,696.0,696.0,8.0,975773.0,1000000.0,243.0,20.0,232.0,30.0
Ishtar,749.0,BSP,0.31,434.0,450.0,501.0,501.0,5.0,973018.0,1000000.0,597.0,81.0,167.0,14.0
Drop The Bounce,829.0,BSP,0.31,736.0,753.0,837.0,837.0,7.0,980068.0,1000000.0,280.0,14.0,279.0,8.0
CENTAUR,154.0,BDP,0.31,441.0,450.0,501.0,501.0,6.0,980406.0,1000000.0,130.0,8.0,167.0,8.0
CAN'T STOP FALLIN' IN LOVE -super euro version-,153.0,DDP,0.31,480.0,494.0,549.0,549.0,5.0,979084.0,1000000.0,207.0,24.0,183.0,2.0
ONYX,1006.0,ESP,0.31,1571.0,1609.0,1788.0,1788.0,14.0,979378.0,1000000.0,1488.0,20.0,596.0,8.0
ビューティフル レシート,405.0,begSP,0.31,341.0,356.0,396.0,396.0,4.0,970957.0,1000000.0,220.0,47.0,132.0,13.0
DXY!,53.0,begSP,0.31,273.0,291.0,324.0,324.0,5.0,964882.0,1000000.0,164.0,51.0,108.0,0.0
Play Hard,876.0,begSP,0.31,225.0,243.0,270.0,270.0,2.0,953653.0,1000000.0,144.0,51.0,90.0,5.0
rainbow flyer,196.0,ESP,0.31,806.0,823.0,915.0,915.0,11.0,980303.0,1000000.0,1024.0,17.0,305.0,13.0
bass 2 bass,695.0,begSP,0.31,150.0,159.0,177.0,177.0,2.0,967925.0,1000000.0,280.0,88.0,59.0,0.0
Together Going My Way,932.0,DDP,0.31,747.0,761.0,846.0,846.0,9.0,977892.0,1000000.0,287.0,7.0,282.0,42.0
Spanish Snowy Dance,545.0,BSP,0.31,845.0,872.0,969.0,969.0,7.0,973054.0,1000000.0,317.0,29.0,323.0,50.0
WILD RUSH,47.0,BSP,0.31,405.0,413.0,459.0,459.0,6.0,982221.0,1000000.0,168.0,11.0,153.0,0.0
HEARTBREAK (Sound Selektaz remix),415.0,EDP,0.31,725.0,737.0,819.0,819.0,11.0,980176.0,1000000.0,429.0,5.0,273.0,29.0
STILL IN MY HEART(MOMO MIX),90.0,CSP,0.31,950.0,969.0,1077.0,1077.0,11.0,981660.0,1000000.0,1318.0,12.0,359.0,2.0
PARANOiA,1.0,begSP,0.31,360.0,372.0,414.0,414.0,4.0,977633.0,1000000.0,268.0,40.0,138.0,0.0
春風ブローインウィンド,786.0,BSP,0.31,651.0,672.0,747.0,747.0,6.0,975327.0,1000000.0,375.0,39.0,249.0,21.0
DROP THE BOMB,17.0,ESP,0.31,801.0,820.0,912.0,912.0,10.0,980452.0,1000000.0,1586.0,35.0,304.0,0.0
THE ANCIENT KING IS BACK,1126.0,BSP,0.31,739.0,761.0,846.0,846.0,7.0,976379.0,1000000.0,288.0,27.0,282.0,20.0
折れないハート,505.0,DDP,0.31,637.0,645.0,717.0,717.0,8.0,981898.0,1000000.0,38.0,1.0,239.0,11.0
Rescue Me,436.0,DSP,0.31,608.0,626.0,696.0,696.0,8.0,978733.0,1000000.0,178.0,21.0,232.0,0.0
I'm an Albatraoz,872.0,begSP,0.31,152.0,159.0,177.0,177.0,1.0,973114.0,1000000.0,226.0,63.0,59.0,0.0
DXY!,53.0,BDP,0.31,538.0,553.0,615.0,615.0,6.0,979692.0,1000000.0,188.0,19.0,205.0,0.0
London EVOLVED ver.C,470.0,begSP,0.31,425.0,437.0,486.0,486.0,5.0,978118.0,1000000.0,170.0,22.0,162.0,6.0
Indigo Nocturne,1255.0,BSP,0.31,517.0,529.0,588.0,588.0,6.0,978679.0,1000000.0,54.0,7.0,196.0,15.0
50th Memorial Songs -Beginning Story-,838.0,BSP,0.31,636.0,656.0,729.0,729.0,5.0,976575.0,1000000.0,208.0,25.0,243.0,15.0
Make A Difference,179.0,DSP,0.31,772.0,793.0,882.0,882.0,7.0,973899.0,1000000.0,152.0,14.0,294.0,49.0
oarfish,370.0,ESP,0.31,980.0,999.0,1110.0,1110.0,11.0,971258.0,1000000.0,1063.0,9.0,370.0,118.0
闘え！ダダンダーンＶ,774.0,DSP,0.3,943.0,963.0,1071.0,1071.0,9.0,977836.0,1000000.0,430.0,11.0,357.0,40.0
BITTER CHOCOLATE STRIKER,990.0,BDP,0.3,637.0,653.0,726.0,726.0,6.0,979365.0,1000000.0,277.0,20.0,242.0,7.0
ホメ猫☆センセーション,655.0,begSP,0.3,465.0,486.0,540.0,540.0,4.0,972943.0,1000000.0,247.0,52.0,180.0,5.0
月光蝶,221.0,BDP,0.3,295.0,302.0,336.0,336.0,3.0,979750.0,1000000.0,254.0,27.0,112.0,3.0
TIERRA BUENA,207.0,ESP,0.3,663.0,677.0,753.0,753.0,10.0,981121.0,1000000.0,907.0,18.0,251.0,5.0
Sephirot,739.0,ESP,0.3,1239.0,1266.0,1407.0,1407.0,12.0,980615.0,1000000.0,2064.0,20.0,469.0,3.0
MAKE IT BETTER,0.0,ESP,0.3,557.0,572.0,636.0,636.0,11.0,979606.0,1000000.0,1558.0,79.0,212.0,0.0
SKY HIGH (20th Anniversary Mix),863.0,DDP,0.3,653.0,664.0,738.0,738.0,9.0,980068.0,1000000.0,197.0,5.0,246.0,26.0
#OurMemories,816.0,DSP,0.3,839.0,855.0,951.0,951.0,9.0,979342.0,1000000.0,1210.0,11.0,317.0,30.0
Lightspeed,978.0,BDP,0.3,754.0,772.0,858.0,858.0,8.0,979783.0,1000000.0,221.0,13.0,286.0,11.0
Thank You Merry Christmas,623.0,DSP,0.3,839.0,858.0,954.0,954.0,9.0,978206.0,1000000.0,329.0,12.0,318.0,32.0
蒼い衝動 ～for EXTREME～,143.0,begSP,0.3,257.0,272.0,303.0,303.0,2.0,968966.0,1000000.0,267.0,74.0,101.0,0.0
Diamond Dust,408.0,BDP,0.3,395.0,407.0,453.0,453.0,5.0,976320.0,1000000.0,215.0,27.0,151.0,13.0
Anthurium,1054.0,DSP,0.3,770.0,785.0,873.0,873.0,10.0,981636.0,1000000.0,540.0,9.0,291.0,5.0
roppongi EVOLVED ver.D,381.0,begSP,0.3,435.0,448.0,498.0,498.0,6.0,977272.0,1000000.0,153.0,22.0,166.0,10.0
glacia,1087.0,BDP,0.3,803.0,820.0,912.0,912.0,9.0,980354.0,1000000.0,189.0,8.0,304.0,12.0
BONE BORN,1136.0,DSP,0.3,886.0,901.0,1002.0,1002.0,10.0,981661.0,1000000.0,555.0,5.0,334.0,11.0
ようこそジャパリパークへ,768.0,BDP,0.3,438.0,450.0,501.0,501.0,6.0,979423.0,1000000.0,378.0,31.0,167.0,2.0
MAKE A JAM!,719.0,BSP,0.3,408.0,418.0,465.0,465.0,5.0,980507.0,1000000.0,313.0,26.0,155.0,0.0
roppongi EVOLVED ver.B,379.0,BDP,0.3,670.0,685.0,762.0,762.0,8.0,977853.0,1000000.0,191.0,10.0,254.0,30.0
ENDLESS,908.0,ESP,0.3,1285.0,1312.0,1458.0,1458.0,13.0,980439.0,1000000.0,1517.0,13.0,486.0,14.0
FIRE FIRE,351.0,BSP,0.3,540.0,561.0,624.0,624.0,5.0,975558.0,1000000.0,316.0,49.0,208.0,3.0
Hoping To Be Good,511.0,DSP,0.3,503.0,518.0,576.0,576.0,7.0,976307.0,1000000.0,134.0,18.0,192.0,18.0
BALLAD FOR YOU～想いの雨～,149.0,ESP,0.3,624.0,639.0,711.0,711.0,8.0,977168.0,1000000.0,976.0,36.0,237.0,26.0
隅田川夏恋歌,428.0,begSP,0.3,273.0,286.0,318.0,318.0,2.0,971744.0,1000000.0,426.0,97.0,106.0,5.0
Scarlet Moon,653.0,BSP,0.3,483.0,502.0,558.0,558.0,5.0,974009.0,1000000.0,482.0,76.0,186.0,10.0
Pink Rose,128.0,ESP,0.3,705.0,723.0,804.0,804.0,10.0,977352.0,1000000.0,1802.0,58.0,268.0,25.0
LIKE A VAMPIRE,1020.0,BSP,0.3,660.0,675.0,750.0,750.0,7.0,979185.0,1000000.0,211.0,13.0,250.0,19.0
Freedom,165.0,DSP,0.3,528.0,545.0,606.0,606.0,7.0,977021.0,1000000.0,274.0,36.0,202.0,6.0
SigSig,450.0,ESP,0.3,1164.0,1193.0,1326.0,1326.0,12.0,978399.0,1000000.0,1978.0,36.0,442.0,26.0
Star Trail,699.0,BDP,0.3,457.0,469.0,522.0,522.0,6.0,977164.0,1000000.0,264.0,23.0,174.0,17.0
放課後ストライド,703.0,begSP,0.3,271.0,280.0,312.0,312.0,3.0,972425.0,1000000.0,216.0,38.0,104.0,15.0
STILL IN MY HEART,59.0,BDP,0.3,445.0,456.0,507.0,507.0,6.0,980569.0,1000000.0,205.0,20.0,169.0,0.0
Cosmic Hurricane,490.0,BSP,0.3,613.0,637.0,708.0,708.0,6.0,972874.0,1000000.0,337.0,53.0,236.0,20.0
CENTAUR,154.0,BSP,0.3,411.0,421.0,468.0,468.0,6.0,979254.0,1000000.0,147.0,16.0,156.0,9.0
Far east nightbird,735.0,BSP,0.3,600.0,621.0,690.0,690.0,6.0,976759.0,1000000.0,506.0,61.0,230.0,5.0
宇宙(ソラ)への片道切符,705.0,BDP,0.3,422.0,432.0,480.0,480.0,7.0,980575.0,1000000.0,461.0,33.0,160.0,3.0
DIVE TO THE NIGHT,78.0,DSP,0.3,672.0,693.0,771.0,771.0,8.0,977587.0,1000000.0,396.0,39.0,257.0,4.0
きゅん&times;きゅんばっきゅん☆LOVE,683.0,BDP,0.3,510.0,526.0,585.0,585.0,5.0,978493.0,1000000.0,338.0,38.0,195.0,1.0
Saturday Night Love,199.0,DDP,0.3,491.0,502.0,558.0,558.0,6.0,980760.0,1000000.0,172.0,12.0,186.0,7.0
患部で止まってすぐ溶ける～狂気の優曇華院,1069.0,BDP,0.3,794.0,810.0,900.0,900.0,8.0,981739.0,1000000.0,238.0,9.0,300.0,2.0
BRILLIANT 2U(K.O.G G3 MIX),71.0,CSP,0.29,711.0,726.0,807.0,807.0,10.0,981622.0,1000000.0,1144.0,21.0,269.0,2.0
AFTER THE GAME OF LOVE,14.0,begSP,0.29,104.0,110.0,123.0,123.0,1.0,966155.0,1000000.0,416.0,134.0,41.0,0.0
Let the beat hit em!(CLASSIC R&amp;B STYLE),64.0,EDP,0.29,500.0,513.0,570.0,570.0,10.0,980286.0,1000000.0,500.0,39.0,190.0,0.0
Dummy,350.0,DSP,0.29,586.0,602.0,669.0,669.0,7.0,979631.0,1000000.0,239.0,24.0,223.0,1.0
Adularia,611.0,begSP,0.29,354.0,375.0,417.0,417.0,3.0,967554.0,1000000.0,199.0,57.0,139.0,4.0
クリムゾンゲイト,629.0,begSP,0.29,323.0,340.0,378.0,378.0,3.0,969560.0,1000000.0,120.0,35.0,126.0,5.0
Diamond Dust,408.0,ESP,0.29,727.0,745.0,828.0,828.0,10.0,978124.0,1000000.0,1356.0,42.0,276.0,25.0
Yeah! Yeah!,690.0,DSP,0.29,606.0,621.0,690.0,690.0,9.0,979437.0,1000000.0,419.0,25.0,230.0,12.0
野球の遊び方　そしてその歴史　～決定版～,578.0,BSP,0.29,568.0,583.0,648.0,648.0,6.0,978024.0,1000000.0,205.0,21.0,216.0,14.0
STRAIGHT JET,412.0,BDP,0.29,346.0,364.0,405.0,405.0,4.0,967776.0,1000000.0,84.0,25.0,135.0,7.0
Wowie Zowie!,1089.0,ESP,0.29,1109.0,1128.0,1254.0,1254.0,14.0,982211.0,1000000.0,923.0,4.0,418.0,6.0
激アツ☆マジヤバ☆チアガール,671.0,ESP,0.29,1038.0,1061.0,1179.0,1179.0,13.0,980069.0,1000000.0,2257.0,31.0,393.0,13.0
KIMONO&hearts;PRINCESS,361.0,begSP,0.29,390.0,405.0,450.0,450.0,5.0,973515.0,1000000.0,367.0,64.0,150.0,14.0
NEPHILIM DELTA,449.0,begSP,0.29,435.0,453.0,504.0,504.0,4.0,974454.0,1000000.0,140.0,31.0,168.0,1.0
Remain,632.0,begSP,0.29,387.0,396.0,441.0,441.0,5.0,979441.0,1000000.0,143.0,14.0,147.0,7.0
DoLL,157.0,BSP,0.29,551.0,569.0,633.0,633.0,5.0,975082.0,1000000.0,290.0,38.0,211.0,17.0
モノクロモーメント,1034.0,DSP,0.29,1047.0,1066.0,1185.0,1185.0,11.0,981781.0,1000000.0,572.0,6.0,395.0,7.0
Seule,438.0,DSP,0.29,642.0,653.0,726.0,726.0,10.0,982643.0,1000000.0,298.0,6.0,242.0,3.0
この青空の下で,692.0,DSP,0.29,839.0,864.0,960.0,960.0,9.0,978662.0,1000000.0,1014.0,61.0,320.0,3.0
More One Night,770.0,begSP,0.29,255.0,264.0,294.0,294.0,3.0,975974.0,1000000.0,286.0,52.0,98.0,4.0
革命パッショネイト,845.0,BSP,0.2895620302,544.7110494,564.0,627.0,627.0,6.0,975722.0,1000000.0,312.0,46.0,209.0,9.0
I'm gonna get you!,117.0,ESP,0.2885878983,840.0671808,861.0,957.0,957.0,9.0,979800.0,1000000.0,871.0,34.0,319.0,6.0
Come Back To Me,1030.0,DSP,0.2885000399,943.1366778,963.0,1071.0,1071.0,11.0,980279.0,1000000.0,547.0,13.0,357.0,13.0
Everything I Need,513.0,DSP,0.2884180051,527.9153755,542.0,603.0,603.0,6.0,973892.0,1000000.0,135.0,16.0,201.0,36.0
Healing Vision,56.0,BDP,0.2879537352,358.9008435,367.0,408.0,408.0,4.0,981586.0,1000000.0,196.0,18.0,136.0,0.0
御伽噺に幕切れを,933.0,begSP,0.2876304746,382.3907471,399.0,444.0,444.0,4.0,973235.0,1000000.0,152.0,36.0,148.0,4.0
New Rules,873.0,DDP,0.2873603219,458.4883926,467.0,519.0,519.0,7.0,981326.0,1000000.0,141.0,8.0,173.0,10.0
SO IN LOVE,129.0,BDP,0.286731349,244.8358068,251.0,279.0,279.0,4.0,978734.0,1000000.0,337.0,40.0,93.0,7.0
GENOM SCREAMS,7.0,ESP,0.2867138846,627.5748768,642.0,714.0,714.0,11.0,981005.0,1000000.0,1404.0,42.0,238.0,0.0
Sucka Luva,509.0,DSP,0.2865645999,595.1386421,610.0,678.0,678.0,7.0,980109.0,1000000.0,138.0,14.0,226.0,4.0
蒼が消えるとき,961.0,DSP,0.2864812198,900.8197891,923.0,1026.0,1026.0,9.0,978743.0,1000000.0,618.0,26.0,342.0,19.0
BREAKING THE FUTURE,1188.0,begSP,0.2859388152,435.0157562,445.0,495.0,495.0,5.0,979289.0,1000000.0,130.0,13.0,165.0,11.0
アルストロメリア (walk with you remix),456.0,begSP,0.2854262712,355.6614409,369.0,411.0,411.0,3.0,971243.0,1000000.0,295.0,54.0,137.0,18.0
SUPER STAR,45.0,BSP,0.2852475794,512.5892942,526.0,585.0,585.0,7.0,980099.0,1000000.0,175.0,19.0,195.0,0.0
Truare!,633.0,BDP,0.2850279053,694.8425288,712.0,792.0,792.0,8.0,979569.0,1000000.0,186.0,15.0,264.0,7.0
smooooch･&forall;･,390.0,begSP,0.284938982,232.6245073,245.0,273.0,273.0,2.0,970219.0,1000000.0,276.0,77.0,91.0,0.0
second spring storm,602.0,BSP,0.2847734221,526.4499976,542.0,603.0,603.0,6.0,977804.0,1000000.0,173.0,23.0,201.0,7.0
Boss Rush,787.0,begSP,0.2842543344,372.9774208,386.0,429.0,429.0,4.0,977584.0,1000000.0,283.0,49.0,143.0,0.0
&hearts;Love&sup2;シュガ&rarr;&hearts;,98.0,DSP,0.2841625704,504.5426534,521.0,579.0,579.0,6.0,976787.0,1000000.0,236.0,35.0,193.0,9.0
天空の華,665.0,begSP,0.283564861,292.5223251,302.0,336.0,336.0,4.0,977051.0,1000000.0,255.0,44.0,112.0,4.0
Wolf's Rain,1062.0,ESP,0.2835522284,1153.354061,1174.0,1305.0,1305.0,14.0,981950.0,1000000.0,1106.0,7.0,435.0,4.0
take me higher,943.0,BDP,0.2834101239,560.4644066,575.0,639.0,639.0,5.0,980112.0,1000000.0,183.0,19.0,213.0,2.0
BURNING HEAT！（3 Option MIX）,73.0,BSP,0.2827050852,329.6325103,345.0,384.0,384.0,4.0,969504.0,1000000.0,190.0,48.0,128.0,12.0
シル・ヴ・プレジデント,1022.0,ESP,0.2825749398,1003.866412,1028.0,1143.0,1143.0,12.0,979864.0,1000000.0,1414.0,36.0,381.0,6.0
Abyss,49.0,BDP,0.2825497724,450.007091,461.0,513.0,513.0,5.0,980552.0,1000000.0,196.0,19.0,171.0,0.0
ナイト・オブ・ナイツ (Ryu☆Remix),923.0,BSP,0.282391788,899.7959279,926.0,1029.0,1029.0,8.0,977560.0,1000000.0,589.0,42.0,343.0,16.0
Easy Peasy,1137.0,DSP,0.2819695304,816.703449,831.0,924.0,924.0,10.0,981349.0,1000000.0,328.0,6.0,308.0,15.0
Children of the Beat,514.0,BSP,0.2814005999,556.5981016,577.0,642.0,642.0,7.0,975610.0,1000000.0,330.0,51.0,214.0,5.0
SUNKiSS&hearts;DROP,263.0,CSP,0.2809402314,952.743533,977.0,1086.0,1086.0,12.0,978896.0,1000000.0,1599.0,51.0,362.0,14.0
PUT YOUR FAITH IN ME (Jazzy Groove),477.0,ESP,0.2805130155,546.9866948,561.0,624.0,624.0,9.0,980200.0,1000000.0,973.0,55.0,208.0,0.0
星座が恋した瞬間を。,803.0,BDP,0.2803805716,617.0627114,629.0,699.0,699.0,7.0,982216.0,1000000.0,703.0,17.0,233.0,2.0
BALLAD FOR YOU～想いの雨～,149.0,BDP,0.2798808475,221.2993226,226.0,252.0,252.0,4.0,977971.0,1000000.0,194.0,20.0,84.0,9.0
Follow Tomorrow,609.0,begSP,0.2798578107,290.2327785,305.0,339.0,339.0,2.0,971705.0,1000000.0,209.0,58.0,113.0,1.0
GORGEOUS 2012,167.0,DDP,0.2797766965,489.1973198,499.0,555.0,555.0,7.0,980172.0,1000000.0,122.0,9.0,185.0,13.0
チカラ,218.0,begSP,0.2791009391,292.2818226,310.0,345.0,345.0,4.0,967878.0,1000000.0,167.0,52.0,115.0,0.0
Special One,721.0,BSP,0.2781534769,364.4021767,375.0,417.0,417.0,5.0,977629.0,1000000.0,296.0,40.0,139.0,8.0
Drop The Bounce,829.0,DSP,0.2773000727,977.5792773,996.0,1107.0,1107.0,10.0,981435.0,1000000.0,667.0,10.0,369.0,10.0
Ishtar,749.0,BDP,0.2764314645,455.5835793,467.0,519.0,519.0,5.0,978429.0,1000000.0,396.0,34.0,173.0,14.0
GERBERA,1078.0,BDP,0.2762333068,969.9023046,990.0,1101.0,1101.0,9.0,980689.0,1000000.0,225.0,9.0,367.0,9.0
Bad Apple!! feat. nomico,679.0,ESP,0.2760678009,1164.252101,1185.0,1317.0,1317.0,12.0,979827.0,1000000.0,2518.0,10.0,439.0,40.0
Electronic Sports Complex,1223.0,begSP,0.2759557519,457.8138995,467.0,519.0,519.0,6.0,981309.0,1000000.0,291.0,16.0,173.0,7.0
Windy Fairy,564.0,begSP,0.2759505217,281.3404925,302.0,336.0,336.0,2.0,962823.0,1000000.0,248.0,82.0,112.0,1.0
Grip &amp; Break down !!,680.0,begSP,0.2758367989,363.2555384,380.0,423.0,423.0,3.0,973034.0,1000000.0,222.0,54.0,141.0,0.0
CUTIE CHASER,15.0,BDP,0.2756780344,390.2145167,399.0,444.0,444.0,5.0,981240.0,1000000.0,180.0,17.0,148.0,0.0
SPECIAL SUMMER CAMPAIGN!,617.0,BDP,0.2752354929,490.0220241,502.0,558.0,558.0,7.0,980137.0,1000000.0,187.0,19.0,186.0,5.0
ここからよろしく大作戦143,987.0,ESP,0.2748912271,1269.559168,1296.0,1440.0,1440.0,11.0,979806.0,1000000.0,1239.0,17.0,480.0,26.0
Electronic Sports Complex,1223.0,BSP,0.2748203015,937.8864798,953.0,1059.0,1059.0,10.0,982183.0,1000000.0,718.0,5.0,353.0,13.0
千客万来☆無問題！,1244.0,ESP,0.2746828087,2118.326556,2146.0,2384.0,2385.0,16.0,981876.0,999990.0,435.0,0.0,795.0,27.0
IN BETWEEN,789.0,begSP,0.2745477575,361.3226694,375.0,417.0,417.0,4.0,973992.0,1000000.0,309.0,60.0,139.0,10.0
Make A Difference,179.0,DDP,0.2740155806,769.7250598,785.0,873.0,873.0,8.0,976839.0,1000000.0,122.0,7.0,291.0,49.0
Air Heroes,538.0,BSP,0.2735660518,753.1465675,774.0,861.0,861.0,9.0,975402.0,1000000.0,909.0,56.0,287.0,35.0
ありふれたせかいせいふく,822.0,BSP,0.2732349876,535.0158454,550.0,612.0,612.0,7.0,978433.0,1000000.0,409.0,40.0,204.0,6.0
BABY BABY GIMME YOUR LOVE,29.0,begSP,0.2730482013,135.0158019,140.0,156.0,156.0,1.0,976277.0,1000000.0,293.0,73.0,52.0,0.0
AFRONOVA PRIMEVAL,50.0,BSP,0.2725558345,706.3259996,734.0,816.0,816.0,7.0,975576.0,1000000.0,252.0,44.0,272.0,0.0
Flourish,289.0,ESP,0.2724837294,872.8164547,891.0,990.0,990.0,10.0,980341.0,1000000.0,1080.0,23.0,330.0,17.0
JOKER,539.0,DDP,0.2724221749,717.4671912,729.0,810.0,810.0,8.0,983023.0,1000000.0,132.0,4.0,270.0,4.0
WILD SIDE,499.0,DSP,0.2723777156,767.0656972,785.0,873.0,873.0,9.0,980537.0,1000000.0,328.0,19.0,291.0,2.0
ずっとみつめていて (Ryu☆Remix),502.0,BDP,0.2717521146,493.3281191,504.0,561.0,561.0,7.0,979037.0,1000000.0,366.0,21.0,187.0,15.0
Synergy For Angels,533.0,BDP,0.271734081,759.1803891,777.0,864.0,864.0,7.0,979180.0,1000000.0,209.0,15.0,288.0,16.0
Dance Floor,285.0,DSP,0.2716612074,528.4517283,542.0,603.0,603.0,6.0,977591.0,1000000.0,145.0,17.0,201.0,17.0
888,336.0,begSP,0.2715508182,226.1023743,232.0,258.0,258.0,3.0,978307.0,1000000.0,177.0,29.0,86.0,6.0
Megalara Garuda,1088.0,BDP,0.2714193816,698.1788539,710.0,789.0,789.0,9.0,981304.0,1000000.0,219.0,6.0,263.0,18.0
LOVING YOU (Epidemik remix),295.0,ESP,0.2712257225,877.1482066,896.0,996.0,996.0,11.0,979181.0,1000000.0,1099.0,26.0,332.0,26.0
MAXIMIZER,182.0,ESP,0.271189808,974.1180717,996.0,1107.0,1107.0,12.0,980319.0,1000000.0,1611.0,35.0,369.0,9.0
Seize The Day,1003.0,begSP,0.2703478253,155.2553292,162.0,180.0,180.0,1.0,972652.0,1000000.0,190.0,56.0,60.0,4.0
無頼ック自己ライザー,796.0,BDP,0.2702666906,458.0645079,469.0,522.0,522.0,5.0,979527.0,1000000.0,295.0,25.0,174.0,7.0
Synergy For Angels,533.0,BSP,0.2700524743,757.1920128,777.0,864.0,864.0,7.0,978155.0,1000000.0,328.0,26.0,288.0,17.0
UNBELIEVABLE (Sparky remix),430.0,BDP,0.2699198297,683.5082007,699.0,777.0,777.0,8.0,977050.0,1000000.0,474.0,24.0,259.0,36.0
ウサテイ,1068.0,BDP,0.2693546971,653.5318619,669.0,744.0,744.0,7.0,980207.0,1000000.0,256.0,19.0,248.0,5.0
Healing Vision ～Angelic mix～,63.0,begSP,0.269332426,397.811719,413.0,459.0,459.0,5.0,976446.0,1000000.0,221.0,46.0,153.0,0.0
LOVE IS THE POWER -Re:born-,478.0,begSP,0.2689223974,223.7599241,232.0,258.0,258.0,1.0,976460.0,1000000.0,275.0,62.0,86.0,1.0
air,102.0,BSP,0.268908488,393.4871931,410.0,456.0,456.0,5.0,974863.0,1000000.0,247.0,55.0,152.0,0.0
Elysium,589.0,DSP,0.2685746015,703.6461938,718.0,798.0,798.0,8.0,979346.0,1000000.0,279.0,13.0,266.0,25.0
Seule,438.0,ESP,0.2685055663,866.0872054,880.0,978.0,978.0,12.0,982162.0,1000000.0,765.0,6.0,326.0,13.0
パ&rarr;ピ&rarr;プ&rarr;Yeah!,667.0,ESP,0.2681983767,978.6130021,996.0,1107.0,1107.0,13.0,981715.0,1000000.0,2573.0,14.0,369.0,11.0
RЁVOLUTIФN,553.0,begSP,0.2676857786,339.666037,351.0,390.0,390.0,3.0,977538.0,1000000.0,195.0,38.0,130.0,3.0
CURUS,156.0,DSP,0.2673321176,458.4242182,469.0,522.0,522.0,7.0,970491.0,1000000.0,410.0,29.0,174.0,51.0
Spanish Snowy Dance,545.0,BDP,0.2667269008,841.6004016,861.0,957.0,957.0,7.0,976579.0,1000000.0,203.0,14.0,319.0,46.0
HyperTwist,938.0,BSP,0.2666835685,763.9827972,785.0,873.0,873.0,8.0,978069.0,1000000.0,682.0,48.0,291.0,13.0
You,512.0,DDP,0.2664480136,510.0845777,521.0,579.0,579.0,6.0,974995.0,1000000.0,151.0,13.0,193.0,42.0
IF YOU WERE HERE (L.E.D.-G STYLE REMIX),358.0,BDP,0.2662021974,717.7369751,729.0,810.0,810.0,8.0,982912.0,1000000.0,59.0,3.0,270.0,6.0
MOVE! (We Keep It Movin'),1019.0,begSP,0.2660568474,318.0893884,334.0,372.0,372.0,3.0,968463.0,1000000.0,139.0,40.0,124.0,10.0
ポラリスノウタ,1239.0,DDP,0.2658106073,910.1060844,923.0,1026.0,1026.0,9.0,980742.0,1000000.0,130.0,2.0,342.0,38.0
ナイト・オブ・ナイツ (Ryu☆Remix),923.0,begSP,0.2655654511,536.062341,561.0,624.0,624.0,4.0,972276.0,1000000.0,244.0,56.0,208.0,4.0
三毛猫ロック,142.0,begSP,0.2651416399,291.0802988,299.0,333.0,333.0,4.0,979470.0,1000000.0,121.0,21.0,111.0,0.0
Flight of the Phoenix,288.0,CDP,0.2651062478,505.1854792,515.0,573.0,573.0,7.0,976959.0,1000000.0,211.0,12.0,191.0,33.0
サヨナラ・ヘヴン,1103.0,begSP,0.265025096,107.4699106,113.0,126.0,126.0,1.0,967005.0,1000000.0,151.0,52.0,42.0,4.0
繚乱ヒットチャート,453.0,BSP,0.2649978525,579.8144804,599.0,666.0,666.0,5.0,974557.0,1000000.0,181.0,30.0,222.0,22.0
スーパー戦湯ババンバーン,1021.0,begSP,0.2649865799,402.8235525,418.0,465.0,465.0,4.0,974785.0,1000000.0,144.0,32.0,155.0,7.0
TRUE&hearts;LOVE (Clubstar's True Club Mix),1085.0,DDP,0.2643113825,699.0141887,712.0,792.0,792.0,9.0,981869.0,1000000.0,139.0,7.0,264.0,4.0
Sword of Vengeance,1008.0,BSP,0.2642683405,1082.931253,1107.0,1230.0,1230.0,9.0,980306.0,1000000.0,595.0,20.0,410.0,11.0
シル・ヴ・プレジデント,1022.0,DSP,0.2636674993,611.8034469,629.0,699.0,699.0,8.0,978871.0,1000000.0,679.0,59.0,233.0,6.0
STARS☆☆☆(2nd NAOKI's style),205.0,ESP,0.2628959772,833.8759728,853.0,948.0,948.0,9.0,979063.0,1000000.0,773.0,31.0,316.0,22.0
Last Summer,1109.0,DDP,0.2625021596,903.2306118,920.0,1023.0,1023.0,10.0,981214.0,1000000.0,135.0,6.0,341.0,12.0
ZEPHYRANTHES,741.0,BDP,0.2624184117,726.0155703,742.0,825.0,825.0,7.0,978933.0,1000000.0,991.0,34.0,275.0,23.0
MUTEKI BUFFALO,969.0,BSP,0.2622025524,665.6795764,680.0,756.0,756.0,8.0,981131.0,1000000.0,296.0,17.0,252.0,4.0
DOWNER &amp; UPPER,884.0,ESP,0.2619992891,1105.942777,1125.0,1251.0,1251.0,13.0,980042.0,1000000.0,1535.0,9.0,417.0,36.0
BURNIN' THE FLOOR,30.0,ESP,0.2618622512,814.0762994,834.0,927.0,927.0,10.0,980486.0,1000000.0,1412.0,56.0,309.0,0.0
BITTER CHOCOLATE STRIKER,990.0,BSP,0.2615962163,645.7184633,666.0,741.0,741.0,6.0,977191.0,1000000.0,456.0,53.0,247.0,7.0
Melody Life,368.0,DSP,0.2613478944,775.8594716,801.0,891.0,891.0,7.0,976502.0,1000000.0,203.0,29.0,297.0,10.0
ベビーステップ,849.0,BSP,0.2613015959,679.540323,696.0,774.0,774.0,7.0,980243.0,1000000.0,240.0,20.0,258.0,3.0
CELEBRATE NITE(EURO TRANCE STYLE),75.0,CSP,0.2612587653,769.7410608,783.0,870.0,870.0,11.0,982800.0,1000000.0,1159.0,13.0,290.0,2.0
Dreamin&rsquo;,619.0,DDP,0.2611926519,573.703477,585.0,651.0,651.0,6.0,980439.0,1000000.0,155.0,10.0,217.0,12.0
Towards The Horizon,1185.0,BSP,0.2608988528,658.0403151,677.0,753.0,753.0,7.0,976430.0,1000000.0,104.0,16.0,251.0,21.0
Mythomane,915.0,BSP,0.2608794068,460.8790673,472.0,525.0,525.0,6.0,980151.0,1000000.0,155.0,18.0,175.0,4.0
突撃！ガラスのニーソ姫！,659.0,begSP,0.2608643477,487.5923004,507.0,564.0,564.0,4.0,972473.0,1000000.0,220.0,46.0,188.0,16.0
Burst The Gravity,503.0,ESP,0.2604979897,753.7006715,769.0,855.0,855.0,11.0,981077.0,1000000.0,324.0,14.0,285.0,8.0
Secret Rendez-vous,87.0,ESP,0.2604670675,660.3516675,672.0,747.0,747.0,12.0,981591.0,1000000.0,1177.0,17.0,249.0,12.0
DESTINY,77.0,ESP,0.2598581537,899.2198337,918.0,1020.0,1020.0,10.0,981053.0,1000000.0,1142.0,27.0,340.0,8.0
CAN'T STOP FALLIN' IN LOVE,31.0,BDP,0.2590359097,477.2076519,491.0,546.0,546.0,5.0,979287.0,1000000.0,189.0,28.0,182.0,0.0
I'm gonna get you!,117.0,DSP,0.2588787563,594.6759126,610.0,678.0,678.0,7.0,978779.0,1000000.0,211.0,23.0,226.0,12.0
Globe Glitter,1023.0,BSP,0.2585833655,821.3696427,839.0,933.0,933.0,8.0,980082.0,1000000.0,328.0,16.0,311.0,14.0
イーディーエム・ジャンパーズ,675.0,BDP,0.2580520629,409.3451115,418.0,465.0,465.0,4.0,977322.0,1000000.0,314.0,23.0,155.0,23.0
INSIDE YOUR HEART,173.0,DDP,0.2580238399,503.4046959,515.0,573.0,573.0,6.0,980421.0,1000000.0,141.0,15.0,191.0,4.0
星座が恋した瞬間を。,803.0,DSP,0.2580177144,917.436395,936.0,1041.0,1041.0,9.0,981163.0,1000000.0,1504.0,26.0,347.0,5.0
going up,353.0,ESP,0.2578136317,1300.551357,1325.0,1473.0,1473.0,12.0,981686.0,1000000.0,1154.0,12.0,491.0,0.0
murmur twins,187.0,begSP,0.2577917242,205.215505,218.0,243.0,243.0,3.0,966580.0,1000000.0,117.0,41.0,81.0,0.0
The Island Song,518.0,DDP,0.2573384868,406.8139198,413.0,459.0,459.0,7.0,981197.0,1000000.0,136.0,6.0,153.0,16.0
狂水一華,965.0,DSP,0.2569795494,948.9173457,966.0,1074.0,1074.0,11.0,981174.0,1000000.0,1085.0,13.0,358.0,16.0
チュッチュ&#9834;マチュピチュ,1115.0,BSP,0.2569374863,509.5793351,521.0,579.0,579.0,7.0,981293.0,1000000.0,309.0,24.0,193.0,2.0
Decade,347.0,DSP,0.2562004686,663.2331572,680.0,756.0,756.0,8.0,977507.0,1000000.0,338.0,29.0,252.0,24.0
Pump Pump Pump,1059.0,DSP,0.2559823271,1034.561497,1055.0,1173.0,1173.0,11.0,980648.0,1000000.0,581.0,14.0,391.0,15.0
勇猛無比,1016.0,begSP,0.2559821677,409.4118315,423.0,471.0,471.0,4.0,975180.0,1000000.0,237.0,42.0,157.0,11.0
A,100.0,begSP,0.2556376818,270.4666067,280.0,312.0,312.0,4.0,976694.0,1000000.0,141.0,33.0,104.0,0.0
AFTER THE GAME OF LOVE,14.0,BDP,0.255451939,298.7037465,307.0,342.0,342.0,5.0,979260.0,1000000.0,214.0,34.0,114.0,0.0
Melody Life,368.0,CSP,0.2552547874,1006.068463,1026.0,1140.0,1140.0,11.0,977979.0,1000000.0,747.0,17.0,380.0,52.0
キヤロラ衛星の軌跡,1146.0,begSP,0.2551313812,282.8243526,294.0,327.0,327.0,4.0,972975.0,1000000.0,138.0,36.0,109.0,9.0
GRADIUS REMIX（&uarr;&uarr;&darr;&darr;&larr;&rarr;&larr;&rarr;BA Ver.),1065.0,ESP,0.2551283096,996.2425798,1012.0,1125.0,1125.0,12.0,980789.0,1000000.0,914.0,6.0,375.0,32.0
Idola,599.0,begSP,0.2545691799,372.3414013,388.0,432.0,432.0,3.0,973493.0,1000000.0,239.0,56.0,144.0,4.0
羊皮紙の上の銀河,1187.0,DDP,0.2541310543,1052.885077,1069.0,1188.0,1188.0,10.0,978639.0,1000000.0,146.0,3.0,396.0,65.0
黒髪乱れし修羅となりて～凛 edition～,701.0,begSP,0.2540360631,301.2682165,310.0,345.0,345.0,3.0,978170.0,1000000.0,294.0,47.0,115.0,4.0
酔いどれ知らず,1100.0,ESP,0.2539250253,1111.354489,1128.0,1254.0,1254.0,13.0,980645.0,1000000.0,1121.0,4.0,418.0,40.0
Too Late Snow,1093.0,ESP,0.2535077322,1266.100467,1287.0,1431.0,1431.0,13.0,981729.0,1000000.0,954.0,6.0,477.0,13.0
The Wind of Gold,552.0,BSP,0.2533468298,632.8019253,653.0,726.0,726.0,6.0,976083.0,1000000.0,303.0,43.0,242.0,16.0
野球の遊び方　そしてその歴史　～決定版～,578.0,BDP,0.2532350374,552.1923051,564.0,627.0,627.0,6.0,980580.0,1000000.0,161.0,14.0,209.0,9.0
La receta,364.0,DSP,0.2532048949,640.1656858,656.0,729.0,729.0,7.0,979117.0,1000000.0,163.0,18.0,243.0,13.0
You are a Star,399.0,DDP,0.2522267229,595.0071662,607.0,675.0,675.0,8.0,980421.0,1000000.0,253.0,15.0,225.0,13.0
Neverland,830.0,DSP,0.2517299607,1091.257227,1109.0,1233.0,1233.0,12.0,980893.0,1000000.0,1081.0,7.0,411.0,29.0
Jucunda Memoria,1015.0,begSP,0.2516517899,495.2435546,507.0,564.0,564.0,5.0,979325.0,1000000.0,120.0,15.0,188.0,10.0
Towards the TOWER,722.0,BDP,0.2512755241,470.4113576,480.0,534.0,534.0,5.0,980863.0,1000000.0,235.0,17.0,178.0,7.0
Bad Apple!! feat. nomico,679.0,begSP,0.2512524056,333.7494155,345.0,384.0,384.0,3.0,970780.0,1000000.0,310.0,58.0,128.0,24.0
Abyss,49.0,BSP,0.2510915147,438.4321351,453.0,504.0,504.0,4.0,977701.0,1000000.0,185.0,35.0,168.0,0.0
WILD RUSH,47.0,BDP,0.2510830011,487.6273012,496.0,552.0,552.0,5.0,982783.0,1000000.0,148.0,8.0,184.0,0.0
みゅ、みゅ、M&uuml;llる,1163.0,begSP,0.2507333461,202.6209032,210.0,234.0,234.0,3.0,975505.0,1000000.0,197.0,49.0,78.0,2.0
勇猛無比,1016.0,DSP,0.2506307925,1162.787046,1182.0,1314.0,1314.0,11.0,980884.0,1000000.0,927.0,7.0,438.0,29.0
Do The Evolution,585.0,ESP,0.2503632491,834.3167338,853.0,948.0,948.0,10.0,979157.0,1000000.0,1304.0,44.0,316.0,23.0
Pierce The Sky,372.0,begSP,0.2502911107,202.1663354,213.0,237.0,237.0,3.0,970790.0,1000000.0,189.0,61.0,79.0,0.0
1998,97.0,DSP,0.249921807,608.1546025,626.0,696.0,696.0,6.0,978911.0,1000000.0,338.0,42.0,232.0,1.0
花は折りたし梢は高し,959.0,BSP,0.2496330374,411.5751867,423.0,471.0,471.0,5.0,978161.0,1000000.0,251.0,35.0,157.0,6.0
Uh-Oh,1013.0,DSP,0.2494368186,1214.568277,1239.0,1377.0,1377.0,11.0,980379.0,1000000.0,704.0,16.0,459.0,19.0
Music In The Rhythm,249.0,BSP,0.2491919613,645.1275098,666.0,741.0,741.0,7.0,975486.0,1000000.0,136.0,24.0,247.0,17.0
ナナホシ,1086.0,DDP,0.2489378546,932.9050432,947.0,1053.0,1053.0,11.0,981932.0,1000000.0,305.0,4.0,351.0,18.0
MY SUMMER LOVE,41.0,DSP,0.2481957286,490.0882085,510.0,567.0,567.0,9.0,975351.0,1000000.0,480.0,94.0,189.0,0.0
HAVE YOU NEVER BEEN MELLOW (20th Anniversary Mix),839.0,ESP,0.2477676446,929.3971889,947.0,1053.0,1053.0,11.0,980429.0,1000000.0,1341.0,21.0,351.0,21.0
1998,97.0,ESP,0.2475491943,835.140316,855.0,951.0,951.0,9.0,979942.0,1000000.0,1404.0,56.0,317.0,6.0
Shout It Out,1040.0,BDP,0.2472772621,839.8134829,853.0,948.0,948.0,9.0,981610.0,1000000.0,221.0,5.0,316.0,21.0
LEVEL UP,866.0,DSP,0.2468338928,810.2018296,828.0,921.0,921.0,10.0,980275.0,1000000.0,643.0,28.0,307.0,9.0
Silent Hill,24.0,ESP,0.2467861812,699.6830973,715.0,795.0,795.0,10.0,981348.0,1000000.0,1291.0,47.0,265.0,0.0
TWINKLE&#9825;HEART,455.0,begSP,0.2463914023,266.1466364,275.0,306.0,306.0,1.0,973904.0,1000000.0,468.0,88.0,102.0,12.0
Clarity,871.0,ESP,0.2463303054,630.1304954,642.0,714.0,714.0,9.0,979547.0,1000000.0,1119.0,27.0,238.0,24.0
message,451.0,DSP,0.2462030994,659.3987136,675.0,750.0,750.0,7.0,979961.0,1000000.0,259.0,23.0,250.0,10.0
ロールプレイングゲーム,781.0,DSP,0.2460408594,980.2201663,1001.0,1113.0,1113.0,10.0,979705.0,1000000.0,1185.0,31.0,371.0,21.0
only my railgun,371.0,BDP,0.2456459503,422.0651798,434.0,483.0,483.0,5.0,975903.0,1000000.0,244.0,36.0,161.0,17.0
Saturn,256.0,BSP,0.245493161,491.9000867,504.0,561.0,561.0,7.0,979136.0,1000000.0,186.0,22.0,187.0,8.0
Afterimage d'automne,894.0,begSP,0.2452800421,304.9318963,313.0,348.0,348.0,4.0,977201.0,1000000.0,149.0,26.0,116.0,12.0
Dummy,350.0,ESP,0.2449064722,798.0840713,815.0,906.0,906.0,10.0,981265.0,1000000.0,1117.0,36.0,302.0,3.0
Abrupt Madness,1203.0,DDP,0.2448898159,1353.906233,1371.0,1524.0,1524.0,13.0,983090.0,1000000.0,83.0,1.0,508.0,11.0
I believe what you said,997.0,ESP,0.2434805844,835.3811869,850.0,945.0,945.0,12.0,982227.0,1000000.0,978.0,15.0,315.0,5.0
ノルエピネフリン,953.0,BDP,0.2429024812,647.1424729,658.0,732.0,732.0,6.0,980326.0,1000000.0,163.0,7.0,244.0,23.0
MAX LOVE,367.0,ESP,0.2428635411,1208.645712,1233.0,1371.0,1371.0,11.0,981128.0,1000000.0,1411.0,24.0,457.0,3.0
漆黒のスペシャルプリンセスサンデー,673.0,begSP,0.2426074424,342.3900641,356.0,396.0,396.0,4.0,973561.0,1000000.0,195.0,48.0,132.0,8.0
spring pony,1174.0,BDP,0.2425694265,603.7598517,615.0,684.0,684.0,7.0,982078.0,1000000.0,261.0,13.0,228.0,3.0
令和,906.0,DSP,0.242322762,581.5623253,596.0,663.0,663.0,7.0,978961.0,1000000.0,382.0,35.0,221.0,11.0
F4SH10N,859.0,BDP,0.2417269739,493.0407957,504.0,561.0,561.0,6.0,980180.0,1000000.0,262.0,23.0,187.0,6.0
Sparkle Smilin',952.0,BSP,0.2416685867,649.2896798,666.0,741.0,741.0,7.0,978535.0,1000000.0,385.0,36.0,247.0,12.0
#OurMemories,816.0,ESP,0.2416453738,1076.377535,1093.0,1215.0,1215.0,12.0,981612.0,1000000.0,1503.0,7.0,405.0,23.0
BUTTERFLY (20th Anniversary Mix),869.0,DSP,0.2415526165,950.1217323,972.0,1080.0,1080.0,9.0,979860.0,1000000.0,610.0,31.0,360.0,14.0
蒼が消えるとき,961.0,BSP,0.2414702411,617.7214688,639.0,711.0,711.0,6.0,973953.0,1000000.0,403.0,63.0,237.0,22.0
.59,27.0,BDP,0.241053672,458.882686,467.0,519.0,519.0,5.0,983087.0,1000000.0,166.0,11.0,173.0,0.0
パ&rarr;ピ&rarr;プ&rarr;Yeah!,667.0,BSP,0.2409785533,278.5640878,286.0,318.0,318.0,5.0,977139.0,1000000.0,712.0,92.0,106.0,11.0
Seasons,425.0,DDP,0.240851173,693.1521916,704.0,783.0,783.0,8.0,980808.0,1000000.0,134.0,5.0,261.0,24.0
灼熱 Pt.2 Long Train Running,1025.0,BDP,0.2405329319,799.6699988,815.0,906.0,906.0,8.0,981660.0,1000000.0,339.0,14.0,302.0,6.0
Party Rock Anthem,875.0,BDP,0.2404077113,449.5775476,459.0,510.0,510.0,5.0,980554.0,1000000.0,185.0,18.0,170.0,10.0
BRILLIANT 2U (AKBK MIX),486.0,BSP,0.2402988048,704.7288955,723.0,804.0,804.0,7.0,978373.0,1000000.0,483.0,42.0,268.0,15.0
Hoping To Be Good,511.0,BSP,0.2402120398,294.5417733,307.0,342.0,342.0,5.0,969063.0,1000000.0,116.0,33.0,114.0,14.0
Something Just Like This (Alesso Remix) ,877.0,begSP,0.2401826934,206.3601776,218.0,243.0,243.0,2.0,968861.0,1000000.0,125.0,43.0,81.0,0.0
My Drama,1259.0,EDP,0.2400916494,1560.407253,1571.0,1739.0,1746.0,14.0,984608.0,999930.0,58.0,0.0,582.0,14.0
Healing Vision,56.0,BSP,0.2393275418,336.8185643,345.0,384.0,384.0,5.0,980656.0,1000000.0,174.0,25.0,128.0,0.0
Electronic or Treat!,625.0,BSP,0.2391612089,703.7557795,718.0,798.0,798.0,7.0,978716.0,1000000.0,209.0,14.0,266.0,31.0
Give Me,868.0,DSP,0.2386423379,981.4328681,996.0,1107.0,1107.0,12.0,982921.0,1000000.0,1097.0,6.0,369.0,7.0
MOVE! (We Keep It Movin'),1019.0,BSP,0.2386230938,654.7133783,669.0,744.0,744.0,7.0,978475.0,1000000.0,265.0,20.0,248.0,25.0
Theory of Eternity,393.0,BSP,0.2379862097,629.6701812,648.0,720.0,720.0,6.0,977796.0,1000000.0,409.0,51.0,240.0,12.0
Happy,711.0,BDP,0.2376967077,491.5063641,504.0,561.0,561.0,6.0,978210.0,1000000.0,349.0,38.0,187.0,12.0
Take Me,1133.0,EDP,0.2375293829,885.9205383,896.0,996.0,996.0,11.0,983585.0,1000000.0,169.0,1.0,332.0,13.0
Twin Bee -Generation X-,137.0,DSP,0.2373146404,479.1471403,491.0,546.0,546.0,8.0,979242.0,1000000.0,317.0,35.0,182.0,9.0
VANESSA,396.0,begSP,0.2367214168,358.0497664,372.0,414.0,414.0,4.0,975662.0,1000000.0,141.0,36.0,138.0,0.0
Yuni's Nocturnal Days,1000.0,ESP,0.236680374,1331.816789,1352.0,1503.0,1503.0,14.0,982135.0,1000000.0,1280.0,5.0,501.0,14.0
PASSION OF LOVE,191.0,ESP,0.2365799915,824.7987299,842.0,936.0,936.0,10.0,979683.0,1000000.0,840.0,31.0,312.0,22.0
怒れる大きな白い馬,223.0,BSP,0.2362762617,378.588593,388.0,432.0,432.0,5.0,979726.0,1000000.0,204.0,28.0,144.0,3.0
魔法のたまご ～心菜 ELECTRO POP edition～,686.0,BSP,0.236036326,297.7260112,305.0,339.0,339.0,4.0,981127.0,1000000.0,295.0,41.0,113.0,0.0
LA BAMBA,122.0,DSP,0.2358946106,654.7073789,669.0,744.0,744.0,8.0,981247.0,1000000.0,178.0,16.0,248.0,1.0
CHOCOLATE PHILOSOPHY,776.0,BDP,0.2356879435,372.4539538,380.0,423.0,423.0,4.0,976438.0,1000000.0,232.0,21.0,141.0,25.0
Starlight Fantasia,624.0,BDP,0.2356171008,724.3298262,737.0,819.0,819.0,7.0,979595.0,1000000.0,241.0,10.0,273.0,33.0
追憶のアリア,958.0,ESP,0.235557003,843.6112299,858.0,954.0,954.0,11.0,981347.0,1000000.0,1188.0,16.0,318.0,17.0
cachaca,151.0,DSP,0.23508703,462.4294631,472.0,525.0,525.0,7.0,981290.0,1000000.0,195.0,18.0,175.0,4.0
Realize,998.0,DSP,0.2350180728,858.8663042,874.0,972.0,972.0,11.0,979224.0,1000000.0,472.0,12.0,324.0,38.0
チョコレートスマイル,657.0,BSP,0.2348158066,512.3281381,526.0,585.0,585.0,6.0,978285.0,1000000.0,475.0,53.0,195.0,11.0
resonance,377.0,DSP,0.2346806101,701.7093528,720.0,801.0,801.0,8.0,977569.0,1000000.0,265.0,29.0,267.0,20.0
Miracle Moon ～L.E.D.LIGHT STYLE MIX～,125.0,DDP,0.2345834334,550.8957354,561.0,624.0,624.0,6.0,981875.0,1000000.0,163.0,11.0,208.0,5.0
Aftermath,1037.0,BDP,0.2344379852,877.0499569,893.0,993.0,993.0,9.0,981671.0,1000000.0,157.0,8.0,331.0,8.0
New Decade,369.0,begSP,0.2336793601,322.1585684,334.0,372.0,372.0,4.0,976254.0,1000000.0,299.0,66.0,124.0,0.0
BLSTR,864.0,BSP,0.2335663938,813.9435508,831.0,924.0,924.0,9.0,979826.0,1000000.0,426.0,22.0,308.0,19.0
めうめうぺったんたん！！ (ZAQUVA Remix),1242.0,DDP,0.2332671841,1118.575651,1134.0,1260.0,1260.0,10.0,982721.0,1000000.0,61.0,2.0,420.0,16.0
恋閃繚乱,491.0,BDP,0.2328620297,467.3499336,477.0,531.0,531.0,6.0,979069.0,1000000.0,183.0,17.0,177.0,16.0
Don't Stop!～AMD 2nd MIX～,33.0,DSP,0.2327373396,498.1015534,510.0,567.0,567.0,6.0,980927.0,1000000.0,186.0,23.0,189.0,0.0
My Only Shining Star,188.0,DDP,0.232596896,421.4849099,429.0,477.0,477.0,7.0,982572.0,1000000.0,178.0,13.0,159.0,2.0
Fever,406.0,DSP,0.232346184,610.9303769,626.0,696.0,696.0,7.0,979207.0,1000000.0,285.0,30.0,232.0,11.0
MAXIMIZER,182.0,BDP,0.2323309405,517.297558,529.0,588.0,588.0,6.0,980887.0,1000000.0,178.0,20.0,196.0,4.0
DoLL,157.0,ESP,0.2320220837,1113.385619,1131.0,1257.0,1257.0,12.0,979542.0,1000000.0,1751.0,10.0,419.0,53.0
凛として咲く花の如く ～ひなビタ&#9834; edition～,562.0,begSP,0.2319142335,457.5311991,475.0,528.0,528.0,3.0,972041.0,1000000.0,194.0,45.0,176.0,20.0
プレインエイジア -PHQ remix-,791.0,begSP,0.2317274422,484.1185784,502.0,558.0,558.0,5.0,974012.0,1000000.0,261.0,55.0,186.0,15.0
HAPPY☆ANGEL,168.0,ESP,0.231580722,1033.449666,1055.0,1173.0,1173.0,12.0,980967.0,1000000.0,1958.0,44.0,391.0,5.0
Small Steps,883.0,begSP,0.2315455916,98.54912675,102.0,114.0,114.0,1.0,970032.0,1000000.0,280.0,79.0,38.0,6.0
ホーンテッド★メイドランチ,897.0,BSP,0.2294459897,622.3149673,639.0,711.0,711.0,7.0,977009.0,1000000.0,322.0,38.0,237.0,20.0
take me higher,943.0,begSP,0.2293914917,325.322056,340.0,378.0,378.0,3.0,973840.0,1000000.0,150.0,44.0,126.0,0.0
insist,1164.0,DSP,0.2292966812,1017.544751,1026.0,1138.0,1140.0,12.0,984414.0,999980.0,455.0,0.0,380.0,17.0
FUJIMORI -祭- FESTIVAL,610.0,BSP,0.2291144913,484.2876088,504.0,561.0,561.0,5.0,973970.0,1000000.0,246.0,57.0,187.0,5.0
Jewelry days,779.0,ESP,0.2290370055,960.1079232,977.0,1086.0,1086.0,12.0,981010.0,1000000.0,1282.0,19.0,362.0,21.0
蒼が消えるとき,961.0,BDP,0.228719998,628.2945068,642.0,714.0,714.0,6.0,978750.0,1000000.0,283.0,23.0,238.0,22.0
IMANOGUILTS,591.0,begSP,0.2285676674,435.1108812,453.0,504.0,504.0,4.0,972042.0,1000000.0,173.0,44.0,168.0,14.0
ECSTASY,54.0,ESP,0.2283219539,732.3425403,745.0,828.0,828.0,10.0,982909.0,1000000.0,1160.0,22.0,276.0,0.0
Follow Tomorrow,609.0,BSP,0.2282634239,456.0131649,469.0,522.0,522.0,5.0,975692.0,1000000.0,390.0,55.0,174.0,19.0
POSSESSION(EDP Live Mix),634.0,begSP,0.2282386055,409.8034927,421.0,468.0,468.0,3.0,976660.0,1000000.0,273.0,42.0,156.0,17.0
PUNISHER,569.0,BSP,0.2281683004,630.3517973,648.0,720.0,720.0,6.0,977038.0,1000000.0,339.0,44.0,240.0,21.0
Smiling Passion,801.0,ESP,0.2281313395,1037.964365,1055.0,1173.0,1173.0,12.0,981746.0,1000000.0,1175.0,12.0,391.0,15.0
era (nostalmix),35.0,begSP,0.2279526877,233.1210702,240.0,267.0,267.0,4.0,979190.0,1000000.0,123.0,29.0,89.0,0.0
Sweet Rain,547.0,BSP,0.2276587646,616.4317848,634.0,705.0,705.0,6.0,976913.0,1000000.0,338.0,45.0,235.0,18.0
ようこそジャパリパークへ,768.0,BSP,0.2275000953,441.3000725,453.0,504.0,504.0,6.0,978913.0,1000000.0,564.0,66.0,168.0,6.0
Neverland,830.0,BSP,0.2274605827,695.62559,712.0,792.0,792.0,8.0,978277.0,1000000.0,405.0,33.0,264.0,22.0
I Want You To Know,713.0,BDP,0.2273764832,438.4877982,448.0,498.0,498.0,3.0,978683.0,1000000.0,253.0,26.0,166.0,18.0
B4U(B4 ZA BEAT MIX),69.0,CSP,0.2271321977,664.0331738,677.0,753.0,753.0,10.0,981206.0,1000000.0,1384.0,42.0,251.0,8.0
ENDLESS,908.0,DDP,0.2265360875,800.9605641,815.0,906.0,906.0,9.0,982270.0,1000000.0,282.0,11.0,302.0,5.0
"Blind Justice ～Torn souls, Hurt Faiths ～",230.0,begSP,0.22543305,258.7518319,270.0,300.0,300.0,3.0,974631.0,1000000.0,130.0,40.0,100.0,0.0
星座が恋した瞬間を。,803.0,BSP,0.2247369855,728.2234254,742.0,825.0,825.0,7.0,981996.0,1000000.0,1513.0,38.0,275.0,3.0
someday...,391.0,DDP,0.2247343867,803.4471459,818.0,909.0,909.0,8.0,979635.0,1000000.0,178.0,10.0,303.0,33.0
Chronos (walk with you remix),794.0,BSP,0.2246729764,726.3340981,742.0,825.0,825.0,7.0,978978.0,1000000.0,382.0,26.0,275.0,24.0
murmur twins,187.0,BDP,0.2246281244,195.1340737,199.0,222.0,222.0,3.0,981459.0,1000000.0,255.0,31.0,74.0,0.0
おねがいダーリン,795.0,BDP,0.22381628,331.4740118,340.0,378.0,378.0,3.0,979454.0,1000000.0,410.0,58.0,126.0,5.0
キヤロラ衛星の軌跡,1146.0,BDP,0.2237734076,676.3077778,688.0,765.0,765.0,7.0,977669.0,1000000.0,193.0,10.0,255.0,45.0
Cosmic Hurricane,490.0,BDP,0.2236883503,614.3924346,629.0,699.0,699.0,6.0,978560.0,1000000.0,246.0,27.0,233.0,20.0
PARANOiA (kskst mix),487.0,begSP,0.2236657366,391.5838791,415.0,462.0,462.0,4.0,967424.0,1000000.0,258.0,81.0,154.0,2.0
夏色DIARY -DDR mix-,668.0,BSP,0.2235798731,583.4806811,599.0,666.0,666.0,7.0,978122.0,1000000.0,602.0,64.0,222.0,14.0
Right Time Right Way,861.0,BSP,0.2234114411,679.0405633,696.0,774.0,774.0,7.0,978774.0,1000000.0,272.0,30.0,258.0,14.0
STRAIGHT JET,412.0,EDP,0.223220968,795.5009336,804.0,894.0,894.0,10.0,982857.0,1000000.0,150.0,1.0,298.0,23.0
Summer Fairytale,517.0,EDP,0.2231404816,781.717481,793.0,882.0,882.0,9.0,978201.0,1000000.0,229.0,5.0,294.0,55.0
Let's Get Away,421.0,BDP,0.2229424206,666.7042754,683.0,759.0,759.0,6.0,975852.0,1000000.0,238.0,27.0,253.0,40.0
Xepher,214.0,begSP,0.2226064663,288.8576645,299.0,333.0,333.0,4.0,976896.0,1000000.0,189.0,46.0,111.0,0.0
VEGA,581.0,begSP,0.2221782215,336.744242,351.0,390.0,390.0,3.0,974844.0,1000000.0,199.0,55.0,130.0,1.0
The History of the Future,905.0,begSP,0.22193538,409.114203,421.0,468.0,468.0,5.0,978103.0,1000000.0,200.0,37.0,156.0,7.0
M.A.Y.U.,650.0,BDP,0.2216438651,493.3445576,504.0,561.0,561.0,6.0,980606.0,1000000.0,146.0,17.0,187.0,5.0
HYENA,570.0,BDP,0.2215738133,627.2957441,639.0,711.0,711.0,6.0,981015.0,1000000.0,168.0,12.0,237.0,11.0
DANCE ALL NIGHT (DDR EDITION),687.0,begSP,0.2207997855,186.5045056,194.0,216.0,216.0,1.0,975368.0,1000000.0,371.0,102.0,72.0,0.0
魔理沙は大変なものを盗んでいきました,678.0,ESP,0.2207287261,1359.035989,1385.0,1539.0,1539.0,12.0,981670.0,1000000.0,2447.0,32.0,513.0,0.0
Trust -DanceDanceRevolution mix-,267.0,ESP,0.2206596368,821.7600658,837.0,930.0,930.0,10.0,980630.0,1000000.0,1160.0,30.0,310.0,22.0
on the bounce,299.0,BDP,0.2202672377,487.3112766,496.0,552.0,552.0,6.0,981164.0,1000000.0,207.0,14.0,184.0,10.0
stellar rain,1076.0,DDP,0.2197818912,738.8042858,750.0,834.0,834.0,8.0,981851.0,1000000.0,171.0,6.0,278.0,17.0
無頼ック自己ライザー,796.0,begSP,0.2196534958,200.8966054,207.0,231.0,231.0,1.0,977888.0,1000000.0,355.0,74.0,77.0,0.0
New Gravity,497.0,BSP,0.2192571976,584.4182575,599.0,666.0,666.0,6.0,980010.0,1000000.0,308.0,36.0,222.0,4.0
neko＊neko,670.0,begSP,0.218680686,209.2100266,216.0,240.0,240.0,2.0,975479.0,1000000.0,169.0,44.0,80.0,8.0
starmine,618.0,BSP,0.2185468395,622.6748892,639.0,711.0,711.0,7.0,977540.0,1000000.0,379.0,44.0,237.0,18.0
MAKE IT BETTER (So-REAL Mix),476.0,ESP,0.2173556299,549.6820964,561.0,624.0,624.0,10.0,981822.0,1000000.0,1069.0,55.0,208.0,0.0
Electrified,238.0,ESP,0.2172902514,746.4258019,761.0,846.0,846.0,10.0,981276.0,1000000.0,878.0,34.0,282.0,9.0
dazzle,286.0,DSP,0.2167114694,515.2093818,529.0,588.0,588.0,8.0,978302.0,1000000.0,212.0,33.0,196.0,12.0
Toy Box Factory,844.0,BDP,0.216530912,593.9114296,604.0,672.0,672.0,7.0,981073.0,1000000.0,233.0,12.0,224.0,15.0
Horatio,291.0,BSP,0.2164075241,344.1934933,356.0,396.0,396.0,4.0,976530.0,1000000.0,216.0,50.0,132.0,4.0
paparazzi,1018.0,begSP,0.2158127858,425.7423211,437.0,486.0,486.0,5.0,977931.0,1000000.0,192.0,32.0,162.0,12.0
Somehow You Found Me,522.0,begSP,0.2158118616,309.5956882,324.0,360.0,360.0,3.0,973670.0,1000000.0,206.0,62.0,120.0,0.0
PASSION OF LOVE,191.0,DDP,0.2154567856,635.2696252,645.0,717.0,717.0,8.0,981642.0,1000000.0,150.0,7.0,239.0,18.0
Beautiful Dream,500.0,ESP,0.2153781318,1126.780269,1147.0,1275.0,1275.0,12.0,980080.0,1000000.0,2091.0,28.0,425.0,34.0
#OurMemories,816.0,begSP,0.2152954858,336.3708543,348.0,387.0,387.0,3.0,976032.0,1000000.0,216.0,51.0,129.0,6.0
ちくわパフェだよ☆ＣＫＰ (Yvya Remix),1245.0,DDP,0.2150030772,935.1103262,947.0,1053.0,1053.0,10.0,982635.0,1000000.0,56.0,2.0,351.0,19.0
Struggle,654.0,BDP,0.2149252449,536.9414738,550.0,612.0,612.0,5.0,979548.0,1000000.0,261.0,32.0,204.0,7.0
隅田川夏恋歌,428.0,BSP,0.2143398667,479.7851744,494.0,549.0,549.0,5.0,978284.0,1000000.0,695.0,100.0,183.0,6.0
朧,691.0,ESP,0.2140434649,1120.412083,1142.0,1269.0,1269.0,11.0,979045.0,1000000.0,2655.0,46.0,423.0,44.0
Quickening,195.0,DSP,0.2136616614,656.4561864,672.0,747.0,747.0,7.0,977819.0,1000000.0,188.0,23.0,249.0,25.0
Hillbilly Shoes,712.0,BSP,0.2135912153,314.4146701,321.0,357.0,357.0,5.0,981787.0,1000000.0,187.0,25.0,119.0,1.0
千年ノ理,790.0,BSP,0.2128275375,575.0490354,588.0,654.0,654.0,6.0,978977.0,1000000.0,538.0,45.0,218.0,17.0
Try 2 Luv. U,211.0,EDP,0.2123485996,480.4339554,488.0,543.0,543.0,8.0,981597.0,1000000.0,254.0,12.0,181.0,12.0
Firestorm,919.0,begSP,0.212202299,348.921336,361.0,402.0,402.0,5.0,975841.0,1000000.0,240.0,55.0,134.0,5.0
spring pony,1174.0,DSP,0.2120443249,1108.276217,1123.0,1248.0,1248.0,12.0,982954.0,1000000.0,692.0,4.0,416.0,14.0
Shades of Grey,257.0,DSP,0.2119303822,602.5982088,618.0,687.0,687.0,8.0,979609.0,1000000.0,275.0,36.0,229.0,6.0
BUTTERFLY (20th Anniversary Mix),869.0,begSP,0.2118903293,383.3245394,399.0,444.0,444.0,3.0,974985.0,1000000.0,229.0,60.0,148.0,0.0
No Tears Left to Cry,874.0,ESP,0.2118551244,736.1016799,747.0,831.0,831.0,10.0,979877.0,1000000.0,959.0,12.0,277.0,36.0
SEDUCTION(Vocal Remix),202.0,BSP,0.2113914753,591.9827679,610.0,678.0,678.0,6.0,978339.0,1000000.0,194.0,36.0,226.0,3.0
THE SHINING POLARIS,206.0,DDP,0.2109825471,582.3966349,594.0,660.0,660.0,6.0,979958.0,1000000.0,144.0,15.0,220.0,19.0
nightbird lost wing,494.0,BSP,0.2109504994,530.7216231,542.0,603.0,603.0,7.0,978556.0,1000000.0,223.0,23.0,201.0,21.0
I Love You,911.0,BSP,0.2099563971,858.7959869,877.0,975.0,975.0,8.0,979924.0,1000000.0,382.0,26.0,325.0,18.0
siberite,689.0,BDP,0.2099546651,484.8100972,494.0,549.0,549.0,5.0,982410.0,1000000.0,232.0,20.0,183.0,2.0
TRIP MACHINE～luv mix～,26.0,ESP,0.2096063082,775.1000238,791.0,879.0,879.0,12.0,981886.0,1000000.0,1669.0,64.0,293.0,0.0
going up,353.0,BDP,0.2095789491,730.7017423,745.0,828.0,828.0,7.0,981492.0,1000000.0,144.0,13.0,276.0,7.0
Truare!,633.0,BSP,0.2092729528,702.7290134,720.0,801.0,801.0,8.0,979774.0,1000000.0,268.0,31.0,267.0,5.0
Crazy Shuffle,885.0,BSP,0.2084818817,586.6106428,602.0,669.0,669.0,5.0,976694.0,1000000.0,323.0,44.0,223.0,26.0
Starlight Fantasia,624.0,BSP,0.2084349699,730.1285109,745.0,828.0,828.0,7.0,978765.0,1000000.0,287.0,22.0,276.0,31.0
Happy,711.0,DSP,0.2076362598,770.9608332,788.0,876.0,876.0,9.0,973818.0,1000000.0,832.0,52.0,292.0,67.0
Windy Fairy,564.0,BDP,0.2076028174,633.3589717,648.0,720.0,720.0,7.0,977583.0,1000000.0,280.0,31.0,240.0,30.0
"Acid,Tribal &amp; Dance (DDR EDITION)",1122.0,begSP,0.2075793353,160.8117444,164.0,183.0,183.0,3.0,980119.0,1000000.0,147.0,25.0,61.0,3.0
A Brighter Day,338.0,CSP,0.2066869544,1016.788912,1034.0,1149.0,1149.0,12.0,981498.0,1000000.0,1559.0,24.0,383.0,19.0
梅雪夜,992.0,BDP,0.2065727296,567.1717007,577.0,642.0,642.0,7.0,981642.0,1000000.0,248.0,15.0,214.0,9.0
SHINY DAYS,981.0,begSP,0.2065369464,159.0154611,164.0,183.0,183.0,1.0,976557.0,1000000.0,220.0,57.0,61.0,2.0
STERLING SILVER,732.0,BDP,0.2059348287,599.8409573,612.0,681.0,681.0,6.0,981389.0,1000000.0,412.0,30.0,227.0,3.0
輪廻転生,769.0,BSP,0.205236837,743.2949677,761.0,846.0,846.0,7.0,979032.0,1000000.0,423.0,41.0,282.0,17.0
KHAMEN BREAK,608.0,BSP,0.2052238783,699.6089628,718.0,798.0,798.0,7.0,978322.0,1000000.0,420.0,51.0,266.0,16.0
My Only Shining Star,188.0,BDP,0.2051924653,268.8607447,275.0,306.0,306.0,3.0,981278.0,1000000.0,263.0,41.0,102.0,0.0
KING,1101.0,DSP,0.2051820292,1181.985551,1201.0,1335.0,1335.0,13.0,982395.0,1000000.0,1092.0,14.0,445.0,6.0
からふるぱすてる,551.0,begSP,0.2051104969,273.7515902,283.0,315.0,315.0,2.0,977542.0,1000000.0,212.0,53.0,105.0,0.0
妄想税,825.0,ESP,0.2050613917,1031.18604,1047.0,1164.0,1164.0,11.0,981728.0,1000000.0,1202.0,13.0,388.0,21.0
LOVE AGAIN TONIGHT～For Melissa MIX～,40.0,DDP,0.2050263826,623.1607978,634.0,705.0,705.0,7.0,982829.0,1000000.0,170.0,12.0,235.0,0.0
アユミ☆マジカルショータイム,1067.0,BSP,0.2049284828,455.3611358,469.0,522.0,522.0,5.0,976892.0,1000000.0,311.0,56.0,174.0,10.0
New Rules,873.0,BSP,0.2048985465,330.8270383,342.0,381.0,381.0,5.0,975028.0,1000000.0,157.0,39.0,127.0,8.0
Fever,406.0,DDP,0.2048264594,621.0776302,631.0,702.0,702.0,6.0,981819.0,1000000.0,194.0,10.0,234.0,12.0
Tell me what to do,515.0,ESP,0.2047979713,1080.2548,1096.0,1218.0,1218.0,12.0,983207.0,1000000.0,974.0,9.0,406.0,3.0
MOVE! (We Keep It Movin'),1019.0,ESP,0.2044411746,1143.407765,1158.0,1287.0,1287.0,13.0,982269.0,1000000.0,1253.0,4.0,429.0,28.0
☆shining☆,337.0,DSP,0.2043702563,836.5921649,853.0,948.0,948.0,8.0,980468.0,1000000.0,232.0,17.0,316.0,19.0
My Only Shining Star,188.0,ESP,0.2042567596,691.9600822,704.0,783.0,783.0,9.0,982688.0,1000000.0,953.0,29.0,261.0,0.0
Baile Le Samba,148.0,ESP,0.2034300826,632.0651458,642.0,714.0,714.0,11.0,980757.0,1000000.0,840.0,20.0,238.0,23.0
ミックスナッツ,1120.0,DSP,0.2031280719,619.4482324,629.0,699.0,699.0,8.0,980070.0,1000000.0,485.0,15.0,233.0,31.0
サナ・モレッテ・ネ・エンテ,60.0,DSP,0.2031213822,499.3621585,513.0,570.0,570.0,9.0,980062.0,1000000.0,609.0,84.0,190.0,0.0
F4SH10N,859.0,BSP,0.203065647,505.6191804,518.0,576.0,576.0,6.0,979399.0,1000000.0,349.0,45.0,192.0,9.0
Poppin' Soda,1007.0,DSP,0.2029163047,1126.956781,1144.0,1272.0,1272.0,12.0,982541.0,1000000.0,1099.0,11.0,424.0,8.0
サナ・モレッテ・ネ・エンテ,60.0,begSP,0.2028225024,185.892539,197.0,219.0,219.0,3.0,968190.0,1000000.0,210.0,77.0,73.0,0.0
Polovtsian Dances And Chorus,192.0,DSP,0.2027809694,700.6466368,718.0,798.0,798.0,9.0,976131.0,1000000.0,365.0,42.0,266.0,38.0
春風ブローインウィンド,786.0,begSP,0.2026403503,347.8868633,364.0,405.0,405.0,2.0,972993.0,1000000.0,206.0,62.0,135.0,0.0
Sacred Oath,382.0,ESP,0.2023438749,868.1369132,885.0,984.0,984.0,11.0,979622.0,1000000.0,1063.0,40.0,328.0,28.0
jet coaster☆girl,1044.0,EDP,0.2010378753,1020.805058,1034.0,1149.0,1149.0,13.0,983558.0,1000000.0,364.0,4.0,383.0,7.0
カゲロウ,216.0,DDP,0.2009901354,580.3946784,591.0,657.0,657.0,6.0,982349.0,1000000.0,175.0,15.0,219.0,3.0
THE ANCIENT KING IS BACK,1126.0,begSP,0.2009474757,377.2363219,391.0,435.0,435.0,3.0,974134.0,1000000.0,164.0,43.0,145.0,11.0
Starry Sky,833.0,BDP,0.2002905757,588.6095654,599.0,666.0,666.0,6.0,980284.0,1000000.0,181.0,14.0,222.0,21.0
PUT YOUR FAITH IN ME (Jazzy Groove),477.0,BSP,0.2002794257,393.1291149,402.0,447.0,447.0,6.0,981466.0,1000000.0,169.0,26.0,149.0,0.0
&uarr;&uarr;&darr;&darr;&larr;&rarr;&larr;&rarr;BA,1064.0,BDP,0.2000260224,573.3280671,583.0,648.0,648.0,6.0,977818.0,1000000.0,138.0,11.0,216.0,40.0
Wicked Plastik,426.0,ESP,0.1998872512,1013.400842,1028.0,1143.0,1143.0,13.0,982852.0,1000000.0,1397.0,11.0,381.0,8.0
On the Night of a Still Wind,1161.0,EDP,0.1997227833,1417.413852,1433.0,1593.0,1593.0,14.0,979031.0,1000000.0,234.0,1.0,531.0,99.0
S・A・G・A,309.0,BSP,0.1994950274,580.6338877,594.0,660.0,660.0,7.0,979633.0,1000000.0,153.0,22.0,220.0,12.0
Silent Hill,24.0,begSP,0.1993276743,220.243436,229.0,255.0,255.0,3.0,975257.0,1000000.0,145.0,45.0,85.0,0.0
GHOST KINGDOM,967.0,BSP,0.1992859761,484.5778541,494.0,549.0,549.0,6.0,980158.0,1000000.0,362.0,31.0,183.0,16.0
大見解,144.0,BSP,0.1987743706,468.0308694,480.0,534.0,534.0,4.0,979927.0,1000000.0,175.0,30.0,178.0,2.0
SAYONARA☆ディスコライト,1060.0,ESP,0.1981995992,1163.244066,1179.0,1311.0,1311.0,13.0,981051.0,1000000.0,969.0,6.0,437.0,41.0
Party Lights (Tommie Sunshine's Brooklyn Fire Remix),603.0,DSP,0.1979527187,636.1413241,648.0,720.0,720.0,8.0,979703.0,1000000.0,164.0,15.0,240.0,26.0
dream of love,236.0,DDP,0.1976172893,507.0540552,515.0,573.0,573.0,7.0,981702.0,1000000.0,120.0,9.0,191.0,12.0
未来（ダ）FUTURE,867.0,BSP,0.1976046764,657.6553744,675.0,750.0,750.0,7.0,979583.0,1000000.0,364.0,50.0,250.0,5.0
No Tears Left to Cry,874.0,DDP,0.1975318812,494.9252967,502.0,558.0,558.0,7.0,982596.0,1000000.0,142.0,8.0,186.0,11.0
はなまるぴっぴはよいこだけ,672.0,BSP,0.1973659739,473.6184427,488.0,543.0,543.0,7.0,977249.0,1000000.0,514.0,88.0,181.0,8.0
Seasons,425.0,DSP,0.1967160216,754.4355322,769.0,855.0,855.0,8.0,981025.0,1000000.0,186.0,16.0,285.0,12.0
一途,1138.0,DSP,0.1966194139,1116.34758,1131.0,1257.0,1257.0,12.0,983374.0,1000000.0,649.0,5.0,419.0,7.0
男々道,222.0,BSP,0.1965896255,416.6799801,429.0,477.0,477.0,4.0,979050.0,1000000.0,149.0,33.0,159.0,0.0
すきなことだけでいいです,882.0,ESP,0.1962953682,1069.749363,1085.0,1206.0,1206.0,13.0,982719.0,1000000.0,1488.0,11.0,402.0,12.0
Come Back to Me (Feel It),1124.0,DDP,0.1960887476,739.3145961,750.0,834.0,834.0,10.0,983001.0,1000000.0,247.0,8.0,278.0,7.0
Wowie Zowie!,1089.0,DSP,0.1957446711,813.507789,823.0,915.0,915.0,10.0,984055.0,1000000.0,289.0,3.0,305.0,5.0
幸せになれる隠しコマンドがあるらしい,758.0,begSP,0.1955402848,351.6657953,364.0,405.0,405.0,2.0,976233.0,1000000.0,344.0,81.0,135.0,4.0
Heatstroke,356.0,BDP,0.1954816823,546.3390112,556.0,618.0,618.0,6.0,977894.0,1000000.0,154.0,14.0,206.0,36.0
PUT YOUR FAITH IN ME (Jazzy Groove),477.0,BDP,0.1951528935,396.0184899,402.0,447.0,447.0,7.0,983807.0,1000000.0,145.0,11.0,149.0,0.0
The Night Away (MK Remix),682.0,begSP,0.1950645041,214.6318349,224.0,249.0,249.0,3.0,972500.0,1000000.0,184.0,60.0,83.0,5.0
紅焔,489.0,begSP,0.1948091234,289.2177929,299.0,333.0,333.0,3.0,976668.0,1000000.0,185.0,48.0,111.0,2.0
LOVE&hearts;SHINE,124.0,BDP,0.1946632745,477.8506055,488.0,543.0,543.0,5.0,978375.0,1000000.0,222.0,27.0,181.0,20.0
LOVE IS THE POWER -Re:born-,478.0,DDP,0.1946326229,576.731207,585.0,651.0,651.0,7.0,982682.0,1000000.0,178.0,8.0,217.0,8.0
Sweet Sweet &hearts; Magic,92.0,BDP,0.1944008943,353.0430019,361.0,402.0,402.0,5.0,980363.0,1000000.0,159.0,26.0,134.0,3.0
地方創生☆チクワクティクス,674.0,begSP,0.194336985,188.7499962,194.0,216.0,216.0,2.0,979513.0,1000000.0,247.0,58.0,72.0,0.0
AFRONOVA,13.0,begSP,0.1941150657,282.4951742,291.0,324.0,324.0,5.0,978675.0,1000000.0,279.0,62.0,108.0,0.0
DROP OUT,34.0,begSP,0.1936924819,290.5711788,297.0,330.0,330.0,4.0,981972.0,1000000.0,149.0,27.0,110.0,0.0
Taking It To The Sky (PLUS step),1011.0,DSP,0.1934941738,655.4023335,666.0,741.0,741.0,9.0,981318.0,1000000.0,252.0,13.0,247.0,16.0
Are U Ready,1105.0,ESP,0.1933619556,1252.869414,1271.0,1413.0,1413.0,13.0,982178.0,1000000.0,946.0,9.0,471.0,18.0
朧 (dj TAKA Remix),793.0,BSP,0.1930410339,510.3205518,523.0,582.0,582.0,5.0,977576.0,1000000.0,455.0,59.0,194.0,18.0
Something Special,434.0,ESP,0.1927932848,674.5888699,685.0,762.0,762.0,11.0,982484.0,1000000.0,655.0,18.0,254.0,8.0
RЁVOLUTIФN,553.0,BSP,0.1927687748,851.6708066,869.0,966.0,966.0,7.0,977280.0,1000000.0,406.0,29.0,322.0,49.0
サナ・モレッテ・ネ・エンテ,60.0,BDP,0.192401079,337.7329396,345.0,384.0,384.0,5.0,981545.0,1000000.0,229.0,33.0,128.0,0.0
CROSS,865.0,ESP,0.1922997906,1249.849809,1269.0,1410.0,1410.0,13.0,981815.0,1000000.0,1629.0,16.0,470.0,23.0
KISS KISS KISS 秋葉工房 MIX,362.0,ESP,0.1922503666,991.8812672,1009.0,1122.0,1122.0,12.0,981293.0,1000000.0,1490.0,32.0,374.0,17.0
Crazy Hot,928.0,DSP,0.1921974397,957.2210663,974.0,1083.0,1083.0,10.0,980697.0,1000000.0,568.0,21.0,361.0,24.0
Jam &amp; Marmalade,174.0,DSP,0.1921298491,489.8801882,504.0,561.0,561.0,8.0,977688.0,1000000.0,342.0,60.0,187.0,8.0
ロールプレイングゲーム,781.0,ESP,0.1916213853,1438.332304,1460.0,1623.0,1623.0,14.0,982107.0,1000000.0,2263.0,14.0,541.0,14.0
PUT YOUR FAITH IN ME,11.0,BSP,0.1912657348,335.6853777,345.0,384.0,384.0,5.0,979531.0,1000000.0,218.0,45.0,128.0,0.0
ラクガキスト,596.0,begSP,0.1912478378,556.3043854,575.0,639.0,639.0,4.0,977665.0,1000000.0,186.0,43.0,213.0,0.0
Diamond Night,516.0,BSP,0.1911489726,347.2287019,359.0,399.0,399.0,5.0,975908.0,1000000.0,159.0,42.0,133.0,8.0
Something Special,434.0,BDP,0.1908614926,254.1647402,259.0,288.0,288.0,5.0,981740.0,1000000.0,123.0,20.0,96.0,3.0
CHOCOLATE PHILOSOPHY,776.0,BSP,0.1908199792,347.8547028,356.0,396.0,396.0,4.0,976999.0,1000000.0,246.0,40.0,132.0,18.0
1998,97.0,DDP,0.1901382536,626.8152536,639.0,711.0,711.0,6.0,981772.0,1000000.0,211.0,20.0,237.0,2.0
The Heavens Above,416.0,BSP,0.1898246021,571.1174834,588.0,654.0,654.0,7.0,972579.0,1000000.0,130.0,28.0,218.0,40.0
Cleopatrysm,606.0,begSP,0.1897536071,477.9740007,496.0,552.0,552.0,4.0,975069.0,1000000.0,153.0,41.0,184.0,5.0
ACROSS WORLD,537.0,ESP,0.1895576764,972.6903409,988.0,1098.0,1098.0,12.0,982939.0,1000000.0,1186.0,21.0,366.0,3.0
Find The Way,506.0,BSP,0.1894420873,517.361598,531.0,591.0,591.0,7.0,979057.0,1000000.0,269.0,44.0,197.0,5.0
CyberConnect,921.0,begSP,0.1888052467,305.524312,318.0,354.0,354.0,2.0,973597.0,1000000.0,169.0,51.0,118.0,5.0
HANDS UP IN THE AIR,688.0,BSP,0.1885710935,364.1737613,372.0,414.0,414.0,5.0,981573.0,1000000.0,320.0,42.0,138.0,0.0
星座が恋した瞬間を。,803.0,ESP,0.1885029624,1260.636831,1282.0,1425.0,1425.0,12.0,981692.0,1000000.0,1960.0,30.0,475.0,13.0
LOVE&hearts;SHINE,124.0,BSP,0.1881825549,528.8412146,548.0,609.0,609.0,5.0,975719.0,1000000.0,328.0,76.0,203.0,8.0
Under the Sky,213.0,DSP,0.1877538946,331.6111049,340.0,378.0,378.0,5.0,978538.0,1000000.0,231.0,44.0,126.0,9.0
Share The Love,440.0,DDP,0.1874968381,605.216836,615.0,684.0,684.0,7.0,982176.0,1000000.0,147.0,11.0,228.0,9.0
千年ノ理,790.0,BDP,0.1873865905,513.6832525,523.0,582.0,582.0,6.0,979162.0,1000000.0,356.0,27.0,194.0,23.0
HIGHER,36.0,ESP,0.1873182245,650.5886182,664.0,738.0,738.0,9.0,981941.0,1000000.0,1204.0,76.0,246.0,0.0
Children of the Beat,514.0,begSP,0.1872662355,214.9534628,229.0,255.0,255.0,3.0,964818.0,1000000.0,159.0,61.0,85.0,0.0
B4U,28.0,begSP,0.1868129054,269.1747538,280.0,312.0,312.0,3.0,974917.0,1000000.0,254.0,74.0,104.0,0.0
escape,524.0,ESP,0.1866271916,758.7822722,772.0,858.0,858.0,10.0,982407.0,1000000.0,831.0,33.0,286.0,5.0
ここからよろしく大作戦143,987.0,BSP,0.1866055666,784.9996838,807.0,897.0,897.0,6.0,977553.0,1000000.0,264.0,43.0,299.0,18.0
Uranus,269.0,BDP,0.1858553612,541.3484696,550.0,612.0,612.0,6.0,983152.0,1000000.0,138.0,11.0,204.0,0.0
ALBIDA,1091.0,DSP,0.1855407419,1166.831087,1182.0,1314.0,1314.0,13.0,983025.0,1000000.0,800.0,6.0,438.0,12.0
Get On Da Floor,840.0,DSP,0.1853792732,705.6696661,718.0,798.0,798.0,8.0,980152.0,1000000.0,340.0,21.0,266.0,27.0
More One Night,770.0,BDP,0.1852073786,411.1268796,418.0,465.0,465.0,5.0,980165.0,1000000.0,315.0,24.0,155.0,17.0
More One Night,770.0,CSP,0.1850637468,865.0187476,877.0,975.0,975.0,12.0,982608.0,1000000.0,1520.0,15.0,325.0,15.0
Trim,265.0,begSP,0.1846285808,291.3253668,297.0,330.0,330.0,5.0,982780.0,1000000.0,134.0,22.0,110.0,0.0
Venus,271.0,ESP,0.1844233168,1001.612216,1017.0,1131.0,1131.0,11.0,981535.0,1000000.0,788.0,16.0,377.0,22.0
ヒカリユリイカ,848.0,DSP,0.1843297833,786.07626,799.0,888.0,888.0,8.0,979938.0,1000000.0,434.0,19.0,296.0,35.0
Seize The Day,1003.0,DSP,0.1841240801,478.8370016,488.0,543.0,543.0,7.0,980580.0,1000000.0,209.0,23.0,181.0,11.0
Freeze,352.0,BSP,0.18403046,454.0484031,472.0,525.0,525.0,5.0,962456.0,1000000.0,146.0,42.0,175.0,54.0
Freedom,165.0,DDP,0.1838508816,509.6720047,518.0,576.0,576.0,7.0,982654.0,1000000.0,210.0,16.0,192.0,5.0
Star Gate Heaven,204.0,DSP,0.1838269895,581.0615029,591.0,657.0,657.0,7.0,982951.0,1000000.0,194.0,16.0,219.0,1.0
I Want To Do This Keep,949.0,begSP,0.1836565242,327.2601565,340.0,378.0,378.0,3.0,971053.0,1000000.0,172.0,51.0,126.0,17.0
Miracle Moon ～L.E.D.LIGHT STYLE MIX～,125.0,ESP,0.1835781803,760.0568928,772.0,858.0,858.0,9.0,983196.0,1000000.0,916.0,25.0,286.0,2.0
怒れる大きな白い馬,223.0,BDP,0.1833929548,312.8219905,318.0,354.0,354.0,3.0,982463.0,1000000.0,289.0,26.0,118.0,3.0
IF YOU WERE HERE (L.E.D.-G STYLE REMIX),358.0,begSP,0.1829829574,298.6442394,305.0,339.0,339.0,3.0,981881.0,1000000.0,52.0,12.0,113.0,0.0
Silent Hill,24.0,BSP,0.1829817731,307.10955,315.0,351.0,351.0,4.0,979848.0,1000000.0,197.0,40.0,117.0,0.0
新蛇姫,1147.0,begSP,0.1820394948,322.9318159,329.0,366.0,366.0,5.0,981504.0,1000000.0,126.0,19.0,122.0,5.0
Yeah! Yeah!,690.0,BSP,0.1819588142,474.6605931,486.0,540.0,540.0,6.0,979438.0,1000000.0,333.0,50.0,180.0,11.0
Rise As One,1197.0,BDP,0.1819230973,594.9875815,602.0,669.0,669.0,7.0,983125.0,1000000.0,45.0,3.0,223.0,14.0
New Rules,873.0,DSP,0.1818992461,458.5442108,467.0,519.0,519.0,7.0,981369.0,1000000.0,197.0,22.0,173.0,10.0
SUN&sup2; SUMMER STEP!,800.0,begSP,0.1817558608,153.443022,159.0,177.0,177.0,1.0,976846.0,1000000.0,269.0,83.0,59.0,0.0
Flight of the Phoenix,288.0,DSP,0.1817547561,517.932081,529.0,588.0,588.0,7.0,979101.0,1000000.0,175.0,25.0,196.0,19.0
Something Special,434.0,DDP,0.1811935715,391.7176966,399.0,444.0,444.0,7.0,981512.0,1000000.0,113.0,16.0,148.0,5.0
Sweet Clock,1026.0,ESP,0.1806928252,1347.208741,1366.0,1518.0,1518.0,12.0,982536.0,1000000.0,891.0,9.0,506.0,16.0
LOVE IS ORANGE,178.0,DSP,0.1805616287,637.8543954,653.0,726.0,726.0,7.0,977680.0,1000000.0,426.0,53.0,242.0,26.0
Fly away -mix del matador-,243.0,DSP,0.179457162,637.1437437,648.0,720.0,720.0,9.0,982772.0,1000000.0,328.0,22.0,240.0,4.0
MIDNIGHT SPECIAL,183.0,ESP,0.1789962178,747.6941201,758.0,843.0,843.0,10.0,982550.0,1000000.0,765.0,14.0,281.0,14.0
TEARS,133.0,DDP,0.178993218,684.5314977,693.0,771.0,771.0,8.0,983668.0,1000000.0,160.0,5.0,257.0,5.0
ナイト・オブ・ナイツ,677.0,BSP,0.1789321771,549.3543534,567.0,630.0,630.0,7.0,978404.0,1000000.0,1327.0,224.0,210.0,0.0
Draw the Savage,962.0,DSP,0.1787172662,805.3917054,818.0,909.0,909.0,10.0,981081.0,1000000.0,576.0,20.0,303.0,27.0
M.A.Y.U.,650.0,begSP,0.178392386,301.220297,313.0,348.0,348.0,2.0,974805.0,1000000.0,130.0,41.0,116.0,0.0
SP-TRIP MACHINE～JUNGLE MIX～,12.0,ESP,0.1783298835,649.5011655,661.0,735.0,735.0,10.0,982717.0,1000000.0,1379.0,58.0,245.0,0.0
最速最高シャッターガール,1142.0,begSP,0.1782416909,269.1642777,278.0,309.0,309.0,4.0,977293.0,1000000.0,123.0,36.0,103.0,3.0
マインド・ゲーム,568.0,BSP,0.1780936448,685.6825941,702.0,780.0,780.0,7.0,978661.0,1000000.0,241.0,35.0,260.0,21.0
TAKE ME HIGHER,1156.0,BDP,0.1780509415,568.6638827,575.0,639.0,639.0,8.0,984777.0,1000000.0,143.0,4.0,213.0,2.0
ミックスナッツ,1120.0,ESP,0.1780234628,1266.576551,1282.0,1425.0,1425.0,15.0,982337.0,1000000.0,1264.0,5.0,475.0,30.0
KEEP ON MOVIN',8.0,ESP,0.1780051973,485.1457874,494.0,549.0,549.0,9.0,982910.0,1000000.0,1511.0,85.0,183.0,0.0
未来（ダ）FUTURE,867.0,DSP,0.1777823558,829.7815613,845.0,939.0,939.0,10.0,981282.0,1000000.0,785.0,40.0,313.0,15.0
Diamond Dust,408.0,begSP,0.1776174162,182.1151224,189.0,210.0,210.0,1.0,976949.0,1000000.0,342.0,105.0,70.0,0.0
I Love You,911.0,BDP,0.1773684214,843.4427758,855.0,951.0,951.0,8.0,982245.0,1000000.0,270.0,8.0,317.0,18.0
妄想感傷代償連盟,881.0,DSP,0.1773601443,483.1718969,494.0,549.0,549.0,8.0,977737.0,1000000.0,505.0,63.0,183.0,24.0
HYPER EUROBEAT,116.0,DSP,0.1770997649,631.6573628,645.0,717.0,717.0,6.0,979914.0,1000000.0,248.0,30.0,239.0,16.0
いーあるふぁんくらぶ,784.0,ESP,0.1769890559,1009.878487,1023.0,1137.0,1137.0,12.0,982036.0,1000000.0,2048.0,12.0,379.0,29.0
さよならトリップ ～夏陽 EDM edition～,684.0,BSP,0.1768775598,392.7352214,402.0,447.0,447.0,4.0,975908.0,1000000.0,435.0,66.0,149.0,25.0
キヤロラ衛星の軌跡,1146.0,BSP,0.1766106296,649.5076645,661.0,735.0,735.0,7.0,978814.0,1000000.0,282.0,22.0,245.0,34.0
SMASH,1201.0,BDP,0.1764619685,641.2291102,650.0,723.0,723.0,7.0,982169.0,1000000.0,62.0,5.0,241.0,16.0
Freeway Shuffle,244.0,ESP,0.1762133132,874.938115,891.0,990.0,990.0,10.0,979525.0,1000000.0,1368.0,56.0,330.0,36.0
炉心融解,785.0,ESP,0.1760565046,1087.968278,1109.0,1233.0,1233.0,12.0,981548.0,1000000.0,2009.0,71.0,411.0,3.0
"Blind Justice ～Torn souls, Hurt Faiths ～",230.0,BDP,0.1760434127,506.6668552,515.0,573.0,573.0,5.0,979942.0,1000000.0,203.0,17.0,191.0,22.0
dazzle,286.0,DDP,0.1760121894,528.7583726,537.0,597.0,597.0,8.0,981367.0,1000000.0,161.0,13.0,199.0,17.0
INNOCENCE OF SILENCE,172.0,BSP,0.1759700879,417.305282,426.0,474.0,474.0,5.0,980575.0,1000000.0,127.0,21.0,158.0,7.0
輪廻の鴉,1253.0,BSP,0.1758169326,756.1329764,764.0,849.0,849.0,8.0,983837.0,1000000.0,61.0,2.0,283.0,14.0
If,1005.0,BSP,0.1755339056,627.6165886,639.0,711.0,711.0,8.0,981183.0,1000000.0,235.0,21.0,237.0,11.0
私をディスコに連れてって TOKYO,1052.0,BDP,0.1753884989,806.9795554,818.0,909.0,909.0,9.0,982851.0,1000000.0,161.0,7.0,303.0,14.0
TRIP MACHINE (xac nanoglide mix),484.0,BDP,0.1753786226,665.0451575,675.0,750.0,750.0,8.0,981871.0,1000000.0,206.0,12.0,250.0,19.0
Scarlet Moon,653.0,begSP,0.1751209547,263.7308725,275.0,306.0,306.0,2.0,968999.0,1000000.0,299.0,93.0,102.0,15.0
Din Don Dan,593.0,BSP,0.1750800675,429.1916139,442.0,492.0,492.0,5.0,978332.0,1000000.0,504.0,98.0,164.0,2.0
Miracle Moon ～L.E.D.LIGHT STYLE MIX～,125.0,DSP,0.1750187688,558.3980078,569.0,633.0,633.0,6.0,981578.0,1000000.0,171.0,20.0,211.0,5.0
Closer to my Heart (jun remix),1081.0,EDP,0.1749452282,1252.43629,1266.0,1407.0,1407.0,14.0,981542.0,1000000.0,314.0,2.0,469.0,53.0
A Brighter Day,338.0,BSP,0.174910658,444.6325451,459.0,510.0,510.0,5.0,975057.0,1000000.0,275.0,65.0,170.0,18.0
GRADIUS REMIX（&uarr;&uarr;&darr;&darr;&larr;&rarr;&larr;&rarr;BA Ver.),1065.0,DSP,0.1747532265,669.7568529,680.0,756.0,756.0,8.0,980445.0,1000000.0,220.0,13.0,252.0,29.0
Quick Master,194.0,begSP,0.1745071075,228.6011621,234.0,261.0,261.0,4.0,980093.0,1000000.0,123.0,28.0,87.0,0.0
Our Soul,860.0,BSP,0.1744619931,589.6857138,604.0,672.0,672.0,6.0,978794.0,1000000.0,319.0,47.0,224.0,13.0
bag,104.0,begSP,0.1740673459,118.2801287,121.0,135.0,135.0,2.0,980448.0,1000000.0,222.0,54.0,45.0,0.0
out of focus,751.0,begSP,0.1740156553,186.9921508,191.0,213.0,213.0,3.0,981117.0,1000000.0,272.0,51.0,71.0,0.0
concon,1107.0,DDP,0.1738272973,1093.793333,1107.0,1230.0,1230.0,12.0,982925.0,1000000.0,233.0,4.0,410.0,22.0
DREAMING-ING!!,764.0,BDP,0.1733755409,541.0107321,550.0,612.0,612.0,6.0,982709.0,1000000.0,302.0,22.0,204.0,2.0
DROP THE BOMB,17.0,BSP,0.1731036304,522.2419794,537.0,597.0,597.0,5.0,979531.0,1000000.0,329.0,63.0,199.0,0.0
Next Phase,1004.0,BSP,0.1730151456,607.2610754,623.0,693.0,693.0,7.0,978759.0,1000000.0,178.0,33.0,231.0,10.0
This Beat Is.....,834.0,DSP,0.1727119943,520.5267367,529.0,588.0,588.0,7.0,982541.0,1000000.0,275.0,21.0,196.0,7.0
Going Hypersonic,971.0,DSP,0.1726157288,967.1816373,980.0,1089.0,1089.0,12.0,982958.0,1000000.0,801.0,11.0,363.0,15.0
Feidie,929.0,DDP,0.1724381451,720.7886069,731.0,813.0,813.0,8.0,982748.0,1000000.0,222.0,10.0,271.0,10.0
Happy,711.0,ESP,0.1720577683,946.1595518,961.0,1068.0,1068.0,12.0,982215.0,1000000.0,1809.0,36.0,356.0,14.0
sola,546.0,BSP,0.1718845844,464.6410099,475.0,528.0,528.0,5.0,980003.0,1000000.0,163.0,28.0,176.0,10.0
SigSig,450.0,begSP,0.1716601384,361.2156718,375.0,417.0,417.0,3.0,975369.0,1000000.0,194.0,57.0,139.0,4.0
STAY (Organic house Version),130.0,DSP,0.1713036546,457.582156,467.0,519.0,519.0,7.0,981140.0,1000000.0,152.0,24.0,173.0,7.0
Qipch&#x101;q,492.0,DSP,0.170990735,666.8100184,677.0,753.0,753.0,8.0,981285.0,1000000.0,208.0,13.0,251.0,20.0
デッドボヲルdeホームラン,576.0,BDP,0.170307991,433.9361308,442.0,492.0,492.0,5.0,980711.0,1000000.0,230.0,27.0,164.0,10.0
Astrogazer,728.0,begSP,0.1698927243,317.3802571,326.0,363.0,363.0,3.0,979372.0,1000000.0,369.0,76.0,121.0,1.0
DANCERUSH STARDOM ANTHEM,942.0,BDP,0.1697998237,371.6234037,378.0,420.0,420.0,5.0,979915.0,1000000.0,156.0,20.0,140.0,18.0
Red Cape Theorem,977.0,BDP,0.1697443953,406.3053909,413.0,459.0,459.0,6.0,981673.0,1000000.0,174.0,19.0,153.0,11.0
Our Soul,860.0,BDP,0.1696717401,594.3512436,604.0,672.0,672.0,6.0,981570.0,1000000.0,221.0,17.0,224.0,13.0
This Beat Is.....,834.0,DDP,0.169615521,532.5040134,540.0,600.0,600.0,7.0,983369.0,1000000.0,193.0,12.0,200.0,7.0
More One Night,770.0,BSP,0.1695226299,415.0271936,423.0,471.0,471.0,5.0,978390.0,1000000.0,421.0,45.0,157.0,20.0
What Will Come of Me,398.0,DDP,0.1694082856,564.9984694,572.0,636.0,636.0,7.0,983200.0,1000000.0,116.0,6.0,212.0,11.0
Valanga,1181.0,DDP,0.1689982248,1183.43941,1196.0,1329.0,1329.0,11.0,983473.0,1000000.0,163.0,2.0,443.0,20.0
New Rules,873.0,ESP,0.1687601257,713.509869,723.0,804.0,804.0,10.0,983271.0,1000000.0,977.0,17.0,268.0,8.0
TSUBASA,669.0,BSP,0.1685515466,501.678075,513.0,570.0,570.0,6.0,980888.0,1000000.0,279.0,43.0,190.0,5.0
BLACK JACKAL,889.0,BSP,0.1684729655,688.1712293,702.0,780.0,780.0,7.0,980950.0,1000000.0,475.0,45.0,260.0,12.0
Romancing Layer,584.0,BDP,0.1683846881,461.6707481,469.0,522.0,522.0,6.0,980912.0,1000000.0,249.0,20.0,174.0,15.0
宇宙(ソラ)への片道切符,705.0,ESP,0.1681769974,896.4090215,912.0,1014.0,1014.0,13.0,980954.0,1000000.0,2435.0,71.0,338.0,21.0
とこにゃつ☆トロピカル,1205.0,BSP,0.1680726239,612.7054673,623.0,693.0,693.0,7.0,978988.0,1000000.0,124.0,13.0,231.0,32.0
TRIP MACHINE EVOLUTION,480.0,begSP,0.1680041931,434.9496691,448.0,498.0,498.0,4.0,978737.0,1000000.0,267.0,61.0,166.0,2.0
Ticket to Bombay,321.0,ESP,0.1678853828,776.6405182,788.0,876.0,876.0,10.0,983031.0,1000000.0,723.0,21.0,292.0,7.0
折れないハート,505.0,ESP,0.1672843549,799.433454,812.0,903.0,903.0,11.0,982218.0,1000000.0,148.0,11.0,301.0,11.0
Leaving&hellip;,365.0,CSP,0.1668958149,1067.302435,1080.0,1200.0,1200.0,13.0,983345.0,1000000.0,1633.0,8.0,400.0,16.0
Let the beat hit em!(CLASSIC R&amp;B STYLE),64.0,DDP,0.1661138171,454.2641259,464.0,516.0,516.0,7.0,981698.0,1000000.0,167.0,28.0,172.0,0.0
CANDY☆,61.0,BDP,0.1659212284,368.7359792,375.0,417.0,417.0,5.0,980923.0,1000000.0,282.0,30.0,139.0,12.0
Time Of Our Lives,715.0,BDP,0.1658829,353.3225954,359.0,399.0,399.0,5.0,981977.0,1000000.0,187.0,21.0,133.0,9.0
腐れ外道とチョコレゐト,854.0,begSP,0.165867906,268.8920937,275.0,306.0,306.0,3.0,980533.0,1000000.0,207.0,42.0,102.0,3.0
Inner Spirit -GIGA HiTECH MIX-,970.0,DSP,0.1658531224,1079.69526,1093.0,1215.0,1215.0,11.0,982570.0,1000000.0,613.0,7.0,405.0,24.0
Last Summer,1109.0,ESP,0.1658145862,1095.856793,1109.0,1233.0,1233.0,12.0,982987.0,1000000.0,645.0,6.0,411.0,18.0
チョコレートスマイル,657.0,begSP,0.1652568504,263.7540179,275.0,306.0,306.0,3.0,974547.0,1000000.0,243.0,79.0,102.0,0.0
3y3s,1250.0,DSP,0.1650191636,1546.507439,1563.0,1737.0,1737.0,14.0,982994.0,1000000.0,567.0,2.0,579.0,27.0
STERLING SILVER,732.0,BSP,0.1650087945,630.1961945,645.0,717.0,717.0,6.0,980657.0,1000000.0,582.0,75.0,239.0,3.0
StrayedCatz,740.0,begSP,0.1649466821,362.264207,369.0,411.0,411.0,4.0,981051.0,1000000.0,207.0,28.0,137.0,6.0
Dance With The Dead,1254.0,DSP,0.1644158208,923.4440009,928.0,1027.0,1032.0,12.0,985244.0,999950.0,137.0,0.0,344.0,16.0
Trust -DanceDanceRevolution mix-,267.0,BSP,0.1643829475,403.4814275,415.0,462.0,462.0,5.0,978290.0,1000000.0,208.0,48.0,154.0,4.0
will,331.0,begSP,0.1643689818,147.0765012,151.0,168.0,168.0,1.0,980152.0,1000000.0,343.0,90.0,56.0,0.0
La receta,364.0,DDP,0.1641088128,612.5792951,621.0,690.0,690.0,7.0,982947.0,1000000.0,132.0,9.0,230.0,12.0
Star Trail,699.0,BSP,0.1640117875,467.5925625,477.0,531.0,531.0,5.0,978688.0,1000000.0,295.0,38.0,177.0,19.0
Lightspeed,978.0,DSP,0.1638711589,1214.467563,1231.0,1368.0,1368.0,12.0,983020.0,1000000.0,786.0,12.0,456.0,10.0
Rhythms Inside,424.0,DSP,0.1638484638,574.3924512,583.0,648.0,648.0,7.0,982141.0,1000000.0,122.0,11.0,216.0,14.0
air,102.0,ESP,0.1638057057,606.2066946,618.0,687.0,687.0,10.0,981163.0,1000000.0,1274.0,92.0,229.0,10.0
ハラショー！おにぎりサーカス団☆,976.0,BDP,0.1637400975,670.4005633,680.0,756.0,756.0,7.0,982825.0,1000000.0,209.0,12.0,252.0,10.0
BE LOVIN,105.0,ESP,0.1636764422,819.542506,831.0,924.0,924.0,12.0,983383.0,1000000.0,1675.0,27.0,308.0,4.0
Better Than Me,1042.0,DSP,0.1634784417,976.7347184,988.0,1098.0,1098.0,12.0,983860.0,1000000.0,659.0,6.0,366.0,9.0
COME BACK TO MY HEART,435.0,ESP,0.1632445035,716.8051061,726.0,807.0,807.0,12.0,982720.0,1000000.0,1517.0,20.0,269.0,17.0
AI,1028.0,BSP,0.1632000744,860.5623655,877.0,975.0,975.0,9.0,979545.0,1000000.0,377.0,32.0,325.0,30.0
BLAKE,1039.0,DSP,0.1631166473,1087.174146,1101.0,1224.0,1224.0,11.0,982164.0,1000000.0,687.0,9.0,408.0,28.0
蒼が消えるとき,961.0,ESP,0.1629828563,1151.303059,1166.0,1296.0,1296.0,12.0,982479.0,1000000.0,1575.0,12.0,432.0,24.0
Diamond Night,516.0,DDP,0.1625455609,630.3436991,637.0,708.0,708.0,8.0,984280.0,1000000.0,167.0,4.0,236.0,8.0
魔理沙は大変なものを盗んでいきました,678.0,begSP,0.1624805544,368.5872187,380.0,423.0,423.0,3.0,978383.0,1000000.0,311.0,75.0,141.0,0.0
DUAL STRIKER,1117.0,BDP,0.1622313864,857.5067662,869.0,966.0,966.0,9.0,982862.0,1000000.0,445.0,12.0,322.0,14.0
STERLING SILVER,732.0,begSP,0.1620500364,381.5552663,394.0,438.0,438.0,4.0,977733.0,1000000.0,297.0,76.0,146.0,2.0
The Island Song,518.0,begSP,0.1620346162,157.1068371,162.0,180.0,180.0,1.0,979191.0,1000000.0,235.0,72.0,60.0,0.0
ミックスナッツ,1120.0,BSP,0.1618395728,268.8820431,275.0,306.0,306.0,5.0,980249.0,1000000.0,237.0,48.0,102.0,4.0
KEEP ON MOVIN' ～DMX MIX～,175.0,DSP,0.1614782495,530.9419073,540.0,600.0,600.0,7.0,981622.0,1000000.0,181.0,20.0,200.0,13.0
Trill auf G,888.0,begSP,0.1611847746,396.4216169,415.0,462.0,462.0,4.0,972695.0,1000000.0,167.0,56.0,154.0,0.0
Air Heroes,538.0,DSP,0.161119009,920.5571055,934.0,1038.0,1038.0,11.0,980528.0,1000000.0,1671.0,32.0,346.0,40.0
ヒカリユリイカ,848.0,ESP,0.1610479739,1005.970602,1020.0,1134.0,1134.0,11.0,982241.0,1000000.0,1475.0,22.0,378.0,20.0
*ハロー、プラネット。,824.0,ESP,0.161024081,1281.672027,1298.0,1443.0,1443.0,13.0,981226.0,1000000.0,1603.0,11.0,481.0,46.0
君氏危うくも近うよれ,763.0,begSP,0.1607978746,273.0034757,283.0,315.0,315.0,3.0,976292.0,1000000.0,318.0,93.0,105.0,1.0
We're so Happy,991.0,begSP,0.1605968745,504.4178438,518.0,576.0,576.0,5.0,978721.0,1000000.0,296.0,59.0,192.0,8.0
天上の星～黎明記～,452.0,BDP,0.1602250645,392.5380755,399.0,444.0,444.0,5.0,981934.0,1000000.0,222.0,24.0,148.0,7.0
heron,493.0,BSP,0.1602057704,502.0128387,513.0,570.0,570.0,6.0,980071.0,1000000.0,266.0,42.0,190.0,12.0
Alone,870.0,BDP,0.1601238709,470.8067395,480.0,534.0,534.0,5.0,980844.0,1000000.0,206.0,29.0,178.0,9.0
1998,97.0,BDP,0.1598346607,478.2225243,488.0,543.0,543.0,5.0,981691.0,1000000.0,215.0,32.0,181.0,1.0
DOUBLE TORNARD,1082.0,DDP,0.1597216372,1057.68998,1069.0,1188.0,1188.0,12.0,982863.0,1000000.0,219.0,3.0,396.0,29.0
You,512.0,DSP,0.15848868,494.3692355,507.0,564.0,564.0,6.0,972795.0,1000000.0,159.0,34.0,188.0,41.0
Sakura Sunrise,384.0,begSP,0.1583404573,247.6881693,261.0,291.0,291.0,3.0,969667.0,1000000.0,231.0,84.0,97.0,0.0
BRIDAL FESTIVAL !!!,984.0,BSP,0.1583170999,582.6946427,594.0,660.0,660.0,5.0,981049.0,1000000.0,324.0,38.0,220.0,12.0
London EVOLVED ver.B,469.0,begSP,0.158135691,426.895847,434.0,483.0,483.0,5.0,982171.0,1000000.0,122.0,16.0,161.0,5.0
Hyper Bomb,937.0,BSP,0.1580914627,572.3222912,585.0,651.0,651.0,7.0,978594.0,1000000.0,317.0,46.0,217.0,19.0
MARIA(I believe...),180.0,DSP,0.1580584726,566.9380039,577.0,642.0,642.0,8.0,981119.0,1000000.0,308.0,30.0,214.0,12.0
LOVE IS ORANGE,178.0,BSP,0.1580405152,399.1918083,413.0,459.0,459.0,5.0,976637.0,1000000.0,334.0,89.0,153.0,5.0
KUNG FU FIGHTING,472.0,BDP,0.1578912546,302.238407,305.0,339.0,339.0,5.0,985578.0,1000000.0,44.0,3.0,113.0,0.0
追憶のアリア,958.0,BSP,0.1577916304,309.003267,315.0,351.0,351.0,4.0,979745.0,1000000.0,262.0,40.0,117.0,9.0
Strawberry Chu&#9825;Chu&#9825;,767.0,BDP,0.1576006149,646.2096293,656.0,729.0,729.0,7.0,978740.0,1000000.0,239.0,17.0,243.0,43.0
KHAMEN BREAK,608.0,begSP,0.1572697957,408.8924517,426.0,474.0,474.0,3.0,972349.0,1000000.0,186.0,59.0,158.0,9.0
アユミ☆マジカルショータイム,1067.0,DSP,0.1570943679,875.3827471,888.0,987.0,987.0,9.0,983107.0,1000000.0,495.0,18.0,329.0,7.0
パ&rarr;ピ&rarr;プ&rarr;Yeah!,667.0,begSP,0.1568142391,181.6371302,186.0,207.0,207.0,3.0,980964.0,1000000.0,324.0,76.0,69.0,0.0
Toy Box Factory,844.0,DSP,0.1566115105,952.7334852,963.0,1071.0,1071.0,11.0,983546.0,1000000.0,800.0,5.0,357.0,14.0
Brazilian Anthem,150.0,BDP,0.1559913754,434.6095991,442.0,492.0,492.0,5.0,981570.0,1000000.0,147.0,19.0,164.0,8.0
Starry Sky,833.0,ESP,0.1554143715,1041.461631,1053.0,1170.0,1170.0,12.0,983173.0,1000000.0,1444.0,7.0,390.0,23.0
FUNKY SUMMER BEACH,631.0,BSP,0.1553895612,520.529041,531.0,591.0,591.0,6.0,980262.0,1000000.0,388.0,48.0,197.0,11.0
MANA,1099.0,begSP,0.1550511568,248.2350914,253.0,282.0,282.0,3.0,981007.0,1000000.0,176.0,32.0,94.0,3.0
ハピ恋☆らぶりぃタイム!!,720.0,BSP,0.1549738248,465.4086846,475.0,528.0,528.0,5.0,980260.0,1000000.0,445.0,60.0,176.0,12.0
Glitch Angel,909.0,begSP,0.1545311402,397.6394008,410.0,456.0,456.0,5.0,973758.0,1000000.0,170.0,46.0,152.0,21.0
Rave Accelerator,972.0,BDP,0.1544753716,804.1356371,815.0,906.0,906.0,8.0,982776.0,1000000.0,200.0,10.0,302.0,14.0
switch,264.0,DDP,0.154002478,629.0144575,637.0,708.0,708.0,7.0,983409.0,1000000.0,168.0,9.0,236.0,10.0
Rhythms Inside,424.0,ESP,0.1537801891,754.5265245,766.0,852.0,852.0,9.0,981961.0,1000000.0,551.0,26.0,284.0,15.0
STARS☆☆☆（Re-tuned by H&Lambda;L） - DDR EDITION -,261.0,BSP,0.1532696068,448.5070139,464.0,516.0,516.0,5.0,976303.0,1000000.0,159.0,46.0,172.0,6.0
on the bounce,299.0,begSP,0.1531598371,253.4634975,261.0,291.0,291.0,3.0,978187.0,1000000.0,179.0,50.0,97.0,0.0
春を告げる,980.0,begSP,0.1530015062,237.8646666,245.0,273.0,273.0,2.0,977857.0,1000000.0,178.0,51.0,91.0,2.0
Fly away -mix del matador-,243.0,BSP,0.1528438032,451.6921994,464.0,516.0,516.0,5.0,978834.0,1000000.0,188.0,44.0,172.0,6.0
BURNIN' THE FLOOR,30.0,BSP,0.15263917,463.728553,477.0,531.0,531.0,5.0,979032.0,1000000.0,284.0,64.0,177.0,0.0
チュッチュ&#9834;マチュピチュ,1115.0,begSP,0.1525630596,235.0635756,240.0,267.0,267.0,3.0,981708.0,1000000.0,165.0,36.0,89.0,1.0
Neverland,830.0,BDP,0.1524259579,683.6219732,693.0,771.0,771.0,8.0,982094.0,1000000.0,284.0,14.0,257.0,17.0
V ～for EXTREME～,138.0,BSP,0.1524065974,434.3815967,445.0,495.0,495.0,5.0,978560.0,1000000.0,262.0,52.0,165.0,12.0
星屑のキロク,574.0,begSP,0.1523212928,278.4487998,288.0,321.0,321.0,3.0,974694.0,1000000.0,127.0,40.0,107.0,7.0
星屑の夜果て,925.0,BDP,0.1522379479,872.4224601,885.0,984.0,984.0,8.0,981507.0,1000000.0,349.0,16.0,328.0,26.0
Emera,743.0,begSP,0.1521856606,245.4476589,251.0,279.0,279.0,3.0,979949.0,1000000.0,324.0,68.0,93.0,6.0
折れないハート,505.0,BSP,0.1520257765,321.8606228,334.0,372.0,372.0,4.0,971628.0,1000000.0,44.0,16.0,124.0,10.0
DIGITAL LUV,914.0,ESP,0.1516436923,1101.127606,1117.0,1242.0,1242.0,12.0,981680.0,1000000.0,1608.0,30.0,414.0,26.0
High &amp; Low,1017.0,BSP,0.1513444147,773.8681145,785.0,873.0,873.0,8.0,983318.0,1000000.0,540.0,22.0,291.0,3.0
UNBELIEVABLE (Sparky remix),430.0,begSP,0.1512664551,477.2099665,491.0,546.0,546.0,4.0,977120.0,1000000.0,297.0,68.0,182.0,13.0
サナ・モレッテ・ネ・エンテ,60.0,BSP,0.1502779241,335.1407256,345.0,384.0,384.0,4.0,978957.0,1000000.0,276.0,70.0,128.0,0.0
City Never Sleeps,946.0,DSP,0.1502564994,1057.440921,1071.0,1191.0,1191.0,12.0,982906.0,1000000.0,1381.0,17.0,397.0,14.0
Pursuer,797.0,begSP,0.1502236488,239.527799,243.0,270.0,270.0,3.0,984341.0,1000000.0,218.0,27.0,90.0,0.0
Playing With Fire,1184.0,DDP,0.1498332696,723.8106489,731.0,813.0,813.0,10.0,984194.0,1000000.0,110.0,3.0,271.0,9.0
恋のパズルマジック,766.0,DSP,0.149807602,621.9707574,631.0,702.0,702.0,9.0,983264.0,1000000.0,484.0,25.0,234.0,3.0
resonance,377.0,BSP,0.1496313336,321.1280409,337.0,375.0,375.0,4.0,970479.0,1000000.0,178.0,64.0,125.0,4.0
Take A Chance,318.0,ESP,0.1496311742,536.7960266,545.0,606.0,606.0,9.0,982879.0,1000000.0,567.0,36.0,202.0,6.0
You,512.0,begSP,0.1495165984,140.401454,145.0,162.0,162.0,1.0,975496.0,1000000.0,227.0,73.0,54.0,2.0
GOLD RUSH,354.0,BSP,0.1494186193,405.8707205,415.0,462.0,462.0,5.0,977838.0,1000000.0,309.0,55.0,154.0,17.0
ENDLESS,908.0,DSP,0.1494140096,852.6173979,866.0,963.0,963.0,9.0,982640.0,1000000.0,440.0,25.0,321.0,6.0
ポッピンキャンディ☆フィーバー！,1207.0,ESP,0.1492536824,1488.801534,1506.0,1674.0,1674.0,14.0,982351.0,1000000.0,879.0,6.0,558.0,34.0
In the past,939.0,BDP,0.1491315784,585.6092358,594.0,660.0,660.0,7.0,982737.0,1000000.0,208.0,16.0,220.0,12.0
perditus&dagger;paradisus,1110.0,DSP,0.1490250083,1455.977346,1471.0,1635.0,1635.0,14.0,983391.0,1000000.0,866.0,3.0,545.0,20.0
Dance Floor,285.0,ESP,0.1487867792,675.3527498,685.0,762.0,762.0,9.0,980727.0,1000000.0,645.0,27.0,254.0,28.0
Let the beat hit em!(CLASSIC R&amp;B STYLE),64.0,DSP,0.1487063603,448.7116295,464.0,516.0,516.0,7.0,977571.0,1000000.0,413.0,107.0,172.0,0.0
HYPERDRIVE,948.0,ESP,0.1486052401,1082.051143,1096.0,1218.0,1218.0,12.0,983265.0,1000000.0,1466.0,19.0,406.0,11.0
Poseidon,254.0,BSP,0.1485215154,352.964754,359.0,399.0,399.0,5.0,982433.0,1000000.0,203.0,29.0,133.0,5.0
TOMORROW,208.0,DSP,0.1481027343,572.0616498,580.0,645.0,645.0,8.0,983617.0,1000000.0,191.0,14.0,215.0,3.0
雑草魂なめんなよ！,1001.0,DSP,0.1477449868,439.7050476,448.0,498.0,498.0,8.0,980420.0,1000000.0,302.0,42.0,166.0,14.0
Sector,1167.0,BSP,0.1477213692,628.4310753,637.0,708.0,708.0,8.0,982899.0,1000000.0,167.0,12.0,236.0,12.0
Rave Accelerator,972.0,BSP,0.1477152167,800.880797,815.0,906.0,906.0,8.0,981398.0,1000000.0,281.0,27.0,302.0,14.0
suspicions,1216.0,BDP,0.1475943009,712.9994157,720.0,801.0,801.0,9.0,983033.0,1000000.0,112.0,3.0,267.0,21.0
AI,1028.0,BDP,0.1473433169,866.1531465,877.0,975.0,975.0,10.0,981834.0,1000000.0,302.0,10.0,325.0,30.0
PRANA＋REVOLUTIONARY ADDICT (U1 DJ Mix),646.0,begSP,0.1470960251,544.810979,556.0,618.0,618.0,5.0,981948.0,1000000.0,140.0,25.0,206.0,1.0
District of the Shadows,828.0,DSP,0.147030655,1024.058885,1036.0,1152.0,1152.0,12.0,983858.0,1000000.0,1216.0,11.0,384.0,5.0
"Acid,Tribal &amp; Dance (DDR EDITION)",1122.0,BSP,0.1465965986,391.0686594,396.0,441.0,441.0,5.0,982042.0,1000000.0,235.0,15.0,147.0,12.0
恋の氷結おてんば湯けむりチルノ温泉,1144.0,BDP,0.1460210057,664.0785932,672.0,747.0,747.0,7.0,983307.0,1000000.0,126.0,7.0,249.0,13.0
invisible rain,778.0,DSP,0.1459333933,503.034745,510.0,567.0,567.0,7.0,982960.0,1000000.0,267.0,19.0,189.0,9.0
TWINKLE&#9825;HEART,455.0,BSP,0.1459018293,438.4170358,448.0,498.0,498.0,4.0,980072.0,1000000.0,293.0,52.0,166.0,10.0
Wuv U,1114.0,BDP,0.1448152626,620.1504241,629.0,699.0,699.0,7.0,981946.0,1000000.0,127.0,12.0,233.0,19.0
Too Late Snow,1093.0,EDP,0.1444728694,1232.383145,1244.0,1383.0,1383.0,13.0,984024.0,1000000.0,358.0,2.0,461.0,13.0
Dance Phenomena,1055.0,DSP,0.1443008448,803.2105466,812.0,903.0,903.0,10.0,983584.0,1000000.0,375.0,7.0,301.0,13.0
BLACK JACKAL,889.0,begSP,0.1441501076,293.1773932,305.0,339.0,339.0,3.0,973862.0,1000000.0,237.0,79.0,113.0,6.0
LEVEL UP,866.0,BSP,0.1434469815,671.4370143,685.0,762.0,762.0,7.0,980498.0,1000000.0,283.0,39.0,254.0,12.0
Quick Master,194.0,DDP,0.1433731766,600.5148881,607.0,675.0,675.0,7.0,984040.0,1000000.0,148.0,6.0,225.0,8.0
すろぉもぉしょん,823.0,BDP,0.1433074768,584.9766899,596.0,663.0,663.0,5.0,980941.0,1000000.0,226.0,31.0,221.0,11.0
THE SHINING POLARIS,206.0,BDP,0.1427408345,432.6304893,440.0,489.0,489.0,5.0,982552.0,1000000.0,146.0,22.0,163.0,5.0
ドキドキ☆流星トラップガール!!,600.0,BDP,0.1424750324,574.2388036,583.0,648.0,648.0,6.0,983238.0,1000000.0,206.0,20.0,216.0,4.0
SUPER HERO,604.0,ESP,0.1424650964,756.7123745,769.0,855.0,855.0,12.0,982915.0,1000000.0,1669.0,77.0,285.0,2.0
volcano,272.0,BSP,0.1423627732,433.6961968,442.0,492.0,492.0,5.0,980294.0,1000000.0,99.0,19.0,164.0,11.0
The World Ends Now,886.0,begSP,0.1420090195,425.0669238,437.0,486.0,486.0,4.0,978750.0,1000000.0,224.0,56.0,162.0,4.0
Red Cape Theorem,977.0,ESP,0.141892981,1409.754772,1425.0,1584.0,1584.0,14.0,983140.0,1000000.0,1362.0,6.0,528.0,22.0
恋閃繚乱,491.0,BSP,0.1418253751,501.4447481,510.0,567.0,567.0,6.0,979460.0,1000000.0,244.0,30.0,189.0,25.0
A thing called LOVE,226.0,DSP,0.1412149517,679.4451627,693.0,771.0,771.0,7.0,980334.0,1000000.0,379.0,48.0,257.0,14.0
PANIC HOLIC,956.0,begSP,0.1411790529,352.3835934,359.0,399.0,399.0,4.0,982876.0,1000000.0,185.0,33.0,133.0,0.0
the beat,1172.0,ESP,0.1410589144,1213.210235,1225.0,1362.0,1362.0,14.0,983254.0,1000000.0,618.0,3.0,454.0,26.0
アドレナリン,1177.0,begSP,0.1408754172,104.5673275,108.0,120.0,120.0,2.0,976651.0,1000000.0,89.0,34.0,40.0,0.0
GHOST KINGDOM,967.0,DSP,0.1407953403,716.6316007,726.0,807.0,807.0,10.0,982737.0,1000000.0,782.0,25.0,269.0,16.0
&dagger;渚の小悪魔ラヴリィ～レイディオ&dagger;,557.0,begSP,0.1406830471,320.0858466,329.0,366.0,366.0,2.0,979689.0,1000000.0,303.0,77.0,122.0,0.0
second spring storm,602.0,BDP,0.1403782568,548.3874859,556.0,618.0,618.0,6.0,983315.0,1000000.0,152.0,14.0,206.0,7.0
STARS☆☆☆(2nd NAOKI's style),205.0,BSP,0.1402238557,522.9108709,534.0,594.0,594.0,6.0,979640.0,1000000.0,158.0,30.0,198.0,14.0
Beautiful Inside (Cube::Hard Mix),278.0,DSP,0.1400169039,547.654011,558.0,621.0,621.0,7.0,979616.0,1000000.0,193.0,29.0,207.0,19.0
蒼い衝動 ～for EXTREME～,143.0,BDP,0.139880823,366.1647903,372.0,414.0,414.0,4.0,982024.0,1000000.0,276.0,33.0,138.0,7.0
Gotta Dance,355.0,ESP,0.1398736744,865.281549,877.0,975.0,975.0,10.0,982471.0,1000000.0,1036.0,29.0,325.0,18.0
Struggle,654.0,ESP,0.1397796861,1365.271956,1387.0,1542.0,1542.0,13.0,982327.0,1000000.0,2275.0,60.0,514.0,4.0
Go Down,1125.0,begSP,0.1393447486,218.228748,226.0,252.0,252.0,1.0,976008.0,1000000.0,128.0,44.0,84.0,1.0
Bombay Bomb,510.0,BSP,0.1388698382,542.3392331,553.0,615.0,615.0,6.0,978788.0,1000000.0,196.0,32.0,205.0,24.0
DYNAMITE RAVE,18.0,begSP,0.1387538512,286.2109009,297.0,330.0,330.0,3.0,976788.0,1000000.0,197.0,66.0,110.0,0.0
MY SUMMER LOVE,41.0,BDP,0.1385894369,315.0422711,321.0,357.0,357.0,5.0,982673.0,1000000.0,186.0,35.0,119.0,0.0
灼熱 Pt.2 Long Train Running,1025.0,BSP,0.1380125387,805.802763,820.0,912.0,912.0,8.0,981999.0,1000000.0,501.0,44.0,304.0,6.0
If,1005.0,BDP,0.1377550523,618.5650189,626.0,696.0,696.0,8.0,983403.0,1000000.0,177.0,10.0,232.0,11.0
Catch Our Fire!,819.0,begSP,0.1373637164,574.4053153,588.0,654.0,654.0,5.0,976943.0,1000000.0,212.0,43.0,218.0,27.0
Draw the Savage,962.0,BSP,0.1370783732,542.6546203,553.0,615.0,615.0,6.0,979520.0,1000000.0,248.0,37.0,205.0,21.0
Re:GENERATION,913.0,BSP,0.1367166466,669.882135,683.0,759.0,759.0,6.0,979737.0,1000000.0,319.0,44.0,253.0,23.0
十二星座の聖域,685.0,begSP,0.1350569212,272.0477327,280.0,312.0,312.0,3.0,978127.0,1000000.0,208.0,60.0,104.0,2.0
Special One,721.0,BDP,0.1346594055,358.8685308,364.0,405.0,405.0,5.0,982410.0,1000000.0,241.0,26.0,135.0,8.0
Electronic or Treat!,625.0,BDP,0.1343759582,626.735848,634.0,705.0,705.0,7.0,982966.0,1000000.0,165.0,9.0,235.0,16.0
PARANOiA Rebirth,23.0,begSP,0.134306473,308.0043477,315.0,351.0,351.0,4.0,980808.0,1000000.0,154.0,37.0,117.0,0.0
INFINITE WORLD,1232.0,ESP,0.1343001116,1697.022602,1714.0,1905.0,1905.0,14.0,983067.0,1000000.0,491.0,3.0,635.0,28.0
Polovtsian Dances And Chorus,192.0,DDP,0.1338740579,725.4690395,734.0,816.0,816.0,9.0,980807.0,1000000.0,219.0,10.0,272.0,39.0
GORGEOUS 2012,167.0,DSP,0.1337963099,655.9076042,666.0,741.0,741.0,8.0,981749.0,1000000.0,182.0,19.0,247.0,14.0
虹色,224.0,begSP,0.1335843877,258.4952745,267.0,297.0,297.0,3.0,978102.0,1000000.0,176.0,57.0,99.0,0.0
GIRIGILI門前雀羅,245.0,BSP,0.1334198984,454.9389569,464.0,516.0,516.0,5.0,981905.0,1000000.0,142.0,28.0,172.0,2.0
50th Memorial Songs -Beginning Story-,838.0,begSP,0.1333879136,290.9909779,302.0,336.0,336.0,2.0,976173.0,1000000.0,138.0,48.0,112.0,0.0
おーまい！らぶりー！すうぃーてぃ！だーりん！,892.0,BDP,0.1332706232,670.7056404,680.0,756.0,756.0,6.0,983274.0,1000000.0,360.0,23.0,252.0,7.0
Till the lonely's gone,322.0,DSP,0.1331869299,636.0322153,645.0,717.0,717.0,8.0,982048.0,1000000.0,193.0,17.0,239.0,18.0
みゅ、みゅ、M&uuml;llる,1163.0,BDP,0.1330750617,528.2615866,534.0,594.0,594.0,7.0,982734.0,1000000.0,294.0,11.0,198.0,17.0
DeStRuCtIvE FoRcE,936.0,BSP,0.1327944702,467.7815441,477.0,531.0,531.0,6.0,980692.0,1000000.0,155.0,29.0,177.0,7.0
rainbow rainbow,197.0,ESP,0.1326853043,848.8417948,861.0,957.0,957.0,10.0,982761.0,1000000.0,1383.0,50.0,319.0,12.0
ever snow,419.0,ESP,0.1326183064,1210.482696,1225.0,1362.0,1362.0,12.0,983530.0,1000000.0,1577.0,18.0,454.0,7.0
MOONSTER,248.0,BSP,0.1325509278,416.8579711,432.0,480.0,480.0,5.0,976055.0,1000000.0,143.0,47.0,160.0,4.0
IF YOU WERE HERE (L.E.D.-G STYLE REMIX),358.0,BSP,0.1323433516,742.5282735,750.0,834.0,834.0,8.0,984447.0,1000000.0,87.0,4.0,278.0,6.0
愛言葉,821.0,BSP,0.1323416273,544.8348048,556.0,618.0,618.0,5.0,980519.0,1000000.0,322.0,53.0,206.0,12.0
New Gravity,497.0,ESP,0.1321918879,1003.703132,1017.0,1131.0,1131.0,12.0,983594.0,1000000.0,1558.0,34.0,377.0,1.0
BABY BABY GIMME YOUR LOVE,29.0,BSP,0.1319642607,162.9656943,167.0,186.0,186.0,2.0,980507.0,1000000.0,191.0,56.0,62.0,0.0
BAD GIRLS,473.0,ESP,0.1317825857,514.7036534,523.0,582.0,582.0,8.0,983108.0,1000000.0,134.0,19.0,194.0,0.0
"Acid,Tribal &amp; Dance (DDR EDITION)",1122.0,BDP,0.1316823321,387.0360323,391.0,435.0,435.0,5.0,983132.0,1000000.0,172.0,9.0,145.0,12.0
Re:GENERATION,913.0,DSP,0.1315096467,1073.157638,1085.0,1206.0,1206.0,11.0,982889.0,1000000.0,906.0,11.0,402.0,26.0
Take A Chance,318.0,DDP,0.1314108743,419.5347637,426.0,474.0,474.0,6.0,982810.0,1000000.0,132.0,19.0,158.0,4.0
Holic,37.0,begSP,0.1313796417,272.3477343,278.0,309.0,309.0,4.0,982223.0,1000000.0,176.0,41.0,103.0,0.0
Heatstroke,356.0,BSP,0.131248265,555.7050341,567.0,630.0,630.0,6.0,977110.0,1000000.0,183.0,34.0,210.0,36.0
千年ノ理,790.0,ESP,0.1310111062,1106.998172,1123.0,1248.0,1248.0,12.0,982818.0,1000000.0,2259.0,59.0,416.0,10.0
Ah La La La,508.0,begSP,0.1304247912,226.2632173,232.0,258.0,258.0,1.0,980730.0,1000000.0,272.0,74.0,86.0,0.0
Electric Dance System Music,706.0,BSP,0.1300877156,455.8836971,464.0,516.0,516.0,5.0,982429.0,1000000.0,419.0,56.0,172.0,3.0
STARS☆☆☆（Re-tuned by H&Lambda;L） - DDR EDITION -,261.0,ESP,0.1300120249,798.3034299,810.0,900.0,900.0,9.0,983727.0,1000000.0,806.0,43.0,300.0,0.0
すきなことだけでいいです,882.0,BSP,0.1298803249,475.7787426,486.0,540.0,540.0,5.0,981382.0,1000000.0,286.0,55.0,180.0,4.0
ノルエピネフリン,953.0,begSP,0.1298505277,369.9648909,378.0,420.0,420.0,2.0,977745.0,1000000.0,149.0,35.0,140.0,20.0
春を告げる,980.0,ESP,0.1296974058,856.498484,866.0,963.0,963.0,10.0,984076.0,1000000.0,1149.0,16.0,321.0,6.0
switch,264.0,ESP,0.1293591792,806.8881956,818.0,909.0,909.0,10.0,982843.0,1000000.0,1036.0,41.0,303.0,14.0
Globe Glitter,1023.0,begSP,0.1292974127,395.6393035,405.0,450.0,450.0,4.0,980833.0,1000000.0,171.0,42.0,150.0,3.0
女々しくて,409.0,BSP,0.129068075,385.3437316,391.0,435.0,435.0,4.0,983227.0,1000000.0,88.0,14.0,145.0,2.0
"Every Day, Every Night(NM STYLE)",239.0,EDP,0.1288541972,707.6564614,715.0,795.0,795.0,10.0,984570.0,1000000.0,378.0,9.0,265.0,4.0
HANDS UP IN THE AIR,688.0,begSP,0.1284000127,164.1581161,167.0,186.0,186.0,1.0,982757.0,1000000.0,315.0,63.0,62.0,0.0
Such A Feeling,1162.0,ESP,0.1279262592,961.1778956,969.0,1077.0,1077.0,14.0,984370.0,1000000.0,618.0,2.0,359.0,17.0
Better Than Me,1042.0,BSP,0.1276426559,704.9777106,715.0,795.0,795.0,8.0,983109.0,1000000.0,256.0,21.0,265.0,7.0
DIGITALIZER,954.0,DSP,0.1275746266,1108.286375,1120.0,1245.0,1245.0,12.0,983555.0,1000000.0,1052.0,10.0,415.0,17.0
Realize,998.0,BSP,0.1274784077,432.3159407,440.0,489.0,489.0,6.0,980642.0,1000000.0,202.0,34.0,163.0,15.0
THIS NIGHT,394.0,DSP,0.1274731073,745.9797532,758.0,843.0,843.0,8.0,981076.0,1000000.0,313.0,31.0,281.0,21.0
創世ノート,532.0,begSP,0.1274152668,226.4093644,232.0,258.0,258.0,2.0,978892.0,1000000.0,171.0,49.0,86.0,6.0
BURNIN' THE FLOOR,30.0,BDP,0.127370779,501.6468318,510.0,567.0,567.0,5.0,983260.0,1000000.0,232.0,32.0,189.0,0.0
Monkey Punk,185.0,DSP,0.127116826,755.1143309,766.0,852.0,852.0,8.0,982114.0,1000000.0,167.0,16.0,284.0,16.0
Hoping To Be Good,511.0,DDP,0.1270930827,475.1379151,480.0,534.0,534.0,7.0,983152.0,1000000.0,118.0,7.0,178.0,14.0
Flight of the Phoenix,288.0,ESP,0.1269997178,641.9809649,650.0,723.0,723.0,9.0,981128.0,1000000.0,627.0,26.0,241.0,29.0
BUTTERFLY (20th Anniversary Mix),869.0,BDP,0.1265903232,677.9509654,688.0,765.0,765.0,6.0,983213.0,1000000.0,290.0,26.0,255.0,4.0
SAY A PRAYER,1191.0,ESP,0.1263955196,713.8514558,723.0,804.0,804.0,8.0,982190.0,1000000.0,282.0,17.0,268.0,21.0
ヤマトなでなで&#9825;かぐや姫,573.0,BSP,0.1263856824,534.8625224,545.0,606.0,606.0,6.0,979733.0,1000000.0,394.0,58.0,202.0,20.0
Go To The Oasis,1153.0,DSP,0.126209786,1061.626123,1071.0,1191.0,1191.0,12.0,983686.0,1000000.0,503.0,3.0,397.0,22.0
Kiss me all night long,121.0,ESP,0.1261945564,868.6133856,880.0,978.0,978.0,10.0,983334.0,1000000.0,954.0,33.0,326.0,10.0
Settin' the Scene,1111.0,ESP,0.1261728228,868.991124,877.0,975.0,975.0,12.0,984851.0,1000000.0,519.0,5.0,325.0,4.0
いーあるふぁんくらぶ,784.0,BDP,0.1259889574,449.4727309,456.0,507.0,507.0,5.0,982320.0,1000000.0,350.0,35.0,169.0,11.0
ロキ(w/緒方恵美),1012.0,BSP,0.1258494645,466.4313779,477.0,531.0,531.0,5.0,979888.0,1000000.0,298.0,61.0,177.0,7.0
This Beat Is.....,834.0,ESP,0.1256502494,792.4980086,801.0,891.0,891.0,11.0,983810.0,1000000.0,1301.0,17.0,297.0,10.0
愛言葉,821.0,begSP,0.1253468294,351.7658912,361.0,402.0,402.0,3.0,977104.0,1000000.0,228.0,60.0,134.0,12.0
D2R,76.0,BDP,0.1252211732,377.6575305,383.0,426.0,426.0,4.0,983332.0,1000000.0,230.0,27.0,142.0,4.0
トランスダンスアナーキー,1228.0,DDP,0.125100867,1559.756671,1574.0,1749.0,1749.0,12.0,983063.0,1000000.0,109.0,2.0,583.0,38.0
THIS NIGHT,394.0,ESP,0.1249709107,974.1856693,985.0,1095.0,1095.0,11.0,983178.0,1000000.0,1241.0,17.0,365.0,20.0
&uarr;&uarr;&darr;&darr;&larr;&rarr;&larr;&rarr;BA,1064.0,ESP,0.1248886502,1001.466891,1012.0,1125.0,1125.0,12.0,979902.0,1000000.0,894.0,11.0,375.0,67.0
最速最高シャッターガール,1142.0,BDP,0.1246479883,663.9184674,672.0,747.0,747.0,7.0,983055.0,1000000.0,145.0,11.0,249.0,15.0
Sephirot,739.0,BDP,0.1244016999,508.2468048,515.0,573.0,573.0,5.0,982359.0,1000000.0,860.0,47.0,191.0,13.0
#OurMemories,816.0,BSP,0.1243284105,652.5040537,661.0,735.0,735.0,6.0,979998.0,1000000.0,518.0,28.0,245.0,38.0
Confession,520.0,DSP,0.1243157982,629.5350094,639.0,711.0,711.0,7.0,979672.0,1000000.0,418.0,36.0,237.0,32.0
Pierce The Sky,372.0,BSP,0.1237938735,787.707136,799.0,888.0,888.0,8.0,981997.0,1000000.0,450.0,31.0,296.0,21.0
BRIDAL FESTIVAL !!!,984.0,BDP,0.1236453879,586.5873158,594.0,660.0,660.0,5.0,983280.0,1000000.0,241.0,18.0,220.0,12.0
Bombay Bomb,510.0,BDP,0.1233952617,561.5395421,569.0,633.0,633.0,6.0,981340.0,1000000.0,166.0,16.0,211.0,22.0
rainbow flyer,196.0,DDP,0.1231859003,578.4252442,585.0,651.0,651.0,7.0,981825.0,1000000.0,151.0,10.0,217.0,23.0
Heaven is a '57 metallic gray ～gimmix～,115.0,BSP,0.1230800614,389.506107,396.0,441.0,441.0,5.0,982140.0,1000000.0,137.0,24.0,147.0,3.0
Monkey Punk,185.0,ESP,0.1230105887,904.8926363,915.0,1017.0,1017.0,10.0,983403.0,1000000.0,761.0,16.0,339.0,17.0
MAKE IT BETTER (So-REAL Mix),476.0,BSP,0.122880002,423.17888,429.0,477.0,477.0,7.0,984210.0,1000000.0,165.0,20.0,159.0,0.0
Love Again,366.0,DSP,0.122837283,453.0918327,461.0,513.0,513.0,6.0,977928.0,1000000.0,132.0,24.0,171.0,28.0
B4U (The Acolyte mix),1047.0,ESP,0.1228039044,953.5744371,963.0,1071.0,1071.0,13.0,983759.0,1000000.0,725.0,8.0,357.0,15.0
Samurai Shogun vs. Master Ninja,636.0,BSP,0.1226233027,584.0042994,591.0,657.0,657.0,7.0,983765.0,1000000.0,225.0,15.0,219.0,8.0
春を告げる,980.0,BSP,0.1224361396,466.6475532,475.0,528.0,528.0,4.0,982245.0,1000000.0,234.0,39.0,176.0,5.0
PUNISHER,569.0,BDP,0.1223371361,644.4332019,653.0,726.0,726.0,6.0,981715.0,1000000.0,232.0,19.0,242.0,23.0
Star Gate Heaven,204.0,ESP,0.1220540829,763.7922508,772.0,858.0,858.0,10.0,984481.0,1000000.0,959.0,18.0,286.0,5.0
CANDY&#9825;,74.0,BSP,0.1219880383,343.265246,351.0,390.0,390.0,5.0,980919.0,1000000.0,401.0,89.0,130.0,4.0
Finally Dive,1243.0,ESP,0.1216033225,1612.284062,1625.0,1806.0,1806.0,16.0,984019.0,1000000.0,449.0,1.0,602.0,22.0
New Generation,559.0,begSP,0.1214336462,304.7181871,315.0,351.0,351.0,4.0,977097.0,1000000.0,146.0,49.0,117.0,0.0
BE LOVIN,105.0,BSP,0.1204940662,407.7733525,418.0,465.0,465.0,5.0,979700.0,1000000.0,246.0,62.0,155.0,3.0
世界の果てに約束の凱歌を -DDR Extended Megamix-,986.0,begSP,0.1203890493,503.9601743,513.0,570.0,570.0,5.0,982390.0,1000000.0,195.0,34.0,190.0,5.0
HAVE YOU NEVER BEEN MELLOW (20th Anniversary Mix),839.0,DSP,0.1200445722,696.7732408,707.0,786.0,786.0,7.0,981934.0,1000000.0,346.0,31.0,262.0,18.0
Slip Out,312.0,begSP,0.1199496746,148.8054009,153.0,171.0,171.0,1.0,978170.0,1000000.0,209.0,68.0,57.0,0.0
HAPPY☆ANGEL,168.0,BDP,0.1198470134,367.6562285,375.0,417.0,417.0,3.0,981740.0,1000000.0,361.0,70.0,139.0,3.0
KING,1101.0,BDP,0.1189001183,730.5547072,739.0,822.0,822.0,7.0,984406.0,1000000.0,287.0,14.0,274.0,0.0
Unreal,268.0,begSP,0.1183401264,256.4988394,261.0,291.0,291.0,4.0,982331.0,1000000.0,127.0,28.0,97.0,0.0
MY SUMMER LOVE,41.0,BSP,0.118249181,306.4933391,315.0,351.0,351.0,4.0,979188.0,1000000.0,267.0,76.0,117.0,0.0
鋳鉄の檻,1014.0,begSP,0.1179853277,401.7693073,410.0,456.0,456.0,4.0,981988.0,1000000.0,190.0,42.0,152.0,0.0
魔法のたまご ～心菜 ELECTRO POP edition～,686.0,BDP,0.1179152926,474.2992565,480.0,534.0,534.0,6.0,984114.0,1000000.0,267.0,20.0,178.0,3.0
Bloody Tears(IIDX EDITION),231.0,BSP,0.1175876615,366.8125976,375.0,417.0,417.0,5.0,981571.0,1000000.0,310.0,71.0,139.0,0.0
Give Me,868.0,BDP,0.1175589861,644.633045,653.0,726.0,726.0,7.0,983335.0,1000000.0,267.0,21.0,242.0,9.0
はなまるぴっぴはよいこだけ,672.0,ESP,0.1167377788,799.6776524,810.0,900.0,900.0,12.0,984186.0,1000000.0,1854.0,61.0,300.0,1.0
Saturday Night Love,199.0,DSP,0.1161405503,582.4865802,591.0,657.0,657.0,6.0,978989.0,1000000.0,209.0,25.0,219.0,38.0
Elysium,589.0,begSP,0.1160007406,177.8675145,183.0,204.0,204.0,1.0,978754.0,1000000.0,256.0,83.0,68.0,0.0
ウソツキ横丁は雨模様,975.0,BDP,0.1157398546,516.5371236,523.0,582.0,582.0,5.0,983483.0,1000000.0,165.0,16.0,194.0,6.0
Melody Life,368.0,DDP,0.1155484616,783.1347703,793.0,882.0,882.0,7.0,983414.0,1000000.0,157.0,13.0,294.0,8.0
春風ブローインウィンド,786.0,BDP,0.1153909833,650.0434335,658.0,732.0,732.0,7.0,982658.0,1000000.0,313.0,20.0,244.0,16.0
Samurai Shogun vs. Master Ninja,636.0,begSP,0.1153885307,333.1835025,340.0,378.0,378.0,3.0,980982.0,1000000.0,117.0,30.0,126.0,6.0
SUNKiSS&hearts;DROP,263.0,BSP,0.1153452727,529.2343612,540.0,600.0,600.0,5.0,981619.0,1000000.0,453.0,81.0,200.0,5.0
LOGICAL DASH,177.0,ESP,0.1150860404,645.8142363,653.0,726.0,726.0,11.0,982999.0,1000000.0,872.0,27.0,242.0,18.0
BRE&forall;K DOWN！,70.0,BDP,0.1150696777,428.2608251,434.0,483.0,483.0,5.0,982637.0,1000000.0,198.0,23.0,161.0,9.0
テレキャスタービーボーイ,1036.0,DSP,0.1149861904,835.4235731,845.0,939.0,939.0,9.0,979657.0,1000000.0,461.0,18.0,313.0,58.0
I Love You,911.0,begSP,0.1149054182,461.3272117,477.0,531.0,531.0,4.0,974627.0,1000000.0,170.0,55.0,177.0,14.0
Flow (Jammin' Ragga Mix),242.0,begSP,0.1146590147,218.9755695,226.0,252.0,252.0,4.0,976780.0,1000000.0,94.0,34.0,84.0,0.0
Wolf's Rain,1062.0,BSP,0.1140822593,544.5655681,553.0,615.0,615.0,7.0,983357.0,1000000.0,199.0,28.0,205.0,1.0
stomp to my beat,475.0,DSP,0.1139565138,482.0192178,488.0,543.0,543.0,8.0,984319.0,1000000.0,52.0,8.0,181.0,0.0
The flower in your smile,319.0,DSP,0.1137842842,657.7899347,666.0,741.0,741.0,7.0,983348.0,1000000.0,120.0,12.0,247.0,8.0
CANDY☆,61.0,begSP,0.113604988,360.7982796,375.0,417.0,417.0,4.0,975732.0,1000000.0,308.0,106.0,139.0,0.0
Last Twilight,955.0,begSP,0.1129071988,468.2659052,480.0,534.0,534.0,4.0,976244.0,1000000.0,154.0,42.0,178.0,22.0
Vem brincar,270.0,DSP,0.1125848269,634.2275836,642.0,714.0,714.0,7.0,982332.0,1000000.0,191.0,16.0,238.0,19.0
HEART BEAT FORMULA,448.0,begSP,0.1125756974,302.9256326,310.0,345.0,345.0,4.0,977561.0,1000000.0,105.0,31.0,115.0,6.0
チカラ,218.0,BSP,0.1125400146,394.7216069,402.0,447.0,447.0,5.0,982781.0,1000000.0,257.0,50.0,149.0,0.0
Fleur,1057.0,BSP,0.1122485435,790.7101431,799.0,888.0,888.0,9.0,983824.0,1000000.0,222.0,10.0,296.0,14.0
ロールプレイングゲーム,781.0,begSP,0.1122274562,333.0649633,342.0,381.0,381.0,2.0,977088.0,1000000.0,314.0,87.0,127.0,10.0
Healing Vision,56.0,begSP,0.1121645652,281.6549806,288.0,321.0,321.0,4.0,980593.0,1000000.0,120.0,34.0,107.0,0.0
Taking It To The Sky (PLUS step),1011.0,DDP,0.1116565936,659.6779324,666.0,741.0,741.0,9.0,983477.0,1000000.0,162.0,7.0,247.0,16.0
New Rules,873.0,BDP,0.1115232119,340.8796266,345.0,384.0,384.0,5.0,982934.0,1000000.0,137.0,17.0,128.0,8.0
BRILLIANT 2U (AKBK MIX),486.0,BDP,0.1114072747,679.1008397,688.0,765.0,765.0,7.0,982970.0,1000000.0,324.0,26.0,255.0,12.0
Riot of Color,947.0,begSP,0.1113022309,316.3206527,321.0,357.0,357.0,4.0,982908.0,1000000.0,232.0,37.0,119.0,5.0
この青空の下で,692.0,begSP,0.1112541618,297.2877435,305.0,339.0,339.0,3.0,980645.0,1000000.0,398.0,110.0,113.0,0.0
KHAMEN BREAK,608.0,BDP,0.1112054067,684.1280429,693.0,771.0,771.0,7.0,982439.0,1000000.0,248.0,21.0,257.0,16.0
DANCE ALL NIGHT (DDR EDITION),687.0,BSP,0.1109585182,454.1885614,464.0,516.0,516.0,5.0,980620.0,1000000.0,365.0,78.0,172.0,6.0
TYPH&Oslash;N,1041.0,begSP,0.1106335651,437.1323803,442.0,492.0,492.0,5.0,983009.0,1000000.0,314.0,21.0,164.0,11.0
Empathetic,534.0,BDP,0.1106121335,728.8153066,737.0,819.0,819.0,7.0,983944.0,1000000.0,152.0,11.0,273.0,10.0
チルノのパーフェクトさんすう教室,761.0,BDP,0.1103598909,634.5738803,642.0,714.0,714.0,6.0,981411.0,1000000.0,375.0,22.0,238.0,29.0
恋愛観測 -2021真夏のエンディング ver.-,1119.0,DDP,0.1103013157,1218.381347,1228.0,1365.0,1365.0,12.0,984414.0,1000000.0,175.0,2.0,455.0,16.0
きゅん&times;きゅんばっきゅん☆LOVE,683.0,BSP,0.1102484798,496.8285737,507.0,564.0,564.0,5.0,981727.0,1000000.0,463.0,87.0,188.0,1.0
Something Just Like This (Alesso Remix) ,877.0,BDP,0.1101275969,381.2096057,386.0,429.0,429.0,4.0,984019.0,1000000.0,156.0,20.0,143.0,4.0
COME BACK TO MY HEART,435.0,begSP,0.1099678622,192.4046117,197.0,219.0,219.0,2.0,981364.0,1000000.0,180.0,56.0,73.0,0.0
Slip Out (bounce in beat mix),313.0,BDP,0.1099050737,297.9152339,302.0,336.0,336.0,6.0,983921.0,1000000.0,122.0,21.0,112.0,1.0
Aftermath,1037.0,begSP,0.1098012354,349.3055471,356.0,396.0,396.0,5.0,981882.0,1000000.0,128.0,31.0,132.0,3.0
KUNG FU FIGHTING,472.0,DSP,0.109369087,313.7136649,318.0,354.0,354.0,5.0,982748.0,1000000.0,40.0,9.0,118.0,0.0
ヒマワリ,219.0,BSP,0.1093432164,424.3602656,434.0,483.0,483.0,4.0,980247.0,1000000.0,371.0,85.0,161.0,5.0
STRAIGHT JET,412.0,DSP,0.1093042315,638.5019264,648.0,720.0,720.0,7.0,981012.0,1000000.0,107.0,17.0,240.0,25.0
おーまい！らぶりー！すうぃーてぃ！だーりん！,892.0,BSP,0.1090578049,661.7051844,672.0,747.0,747.0,7.0,981295.0,1000000.0,543.0,58.0,249.0,21.0
CELEBRATE NITE,32.0,BSP,0.1089597187,452.8307695,461.0,513.0,513.0,6.0,982564.0,1000000.0,288.0,52.0,171.0,0.0
思想犯,996.0,BSP,0.1089536666,569.8068994,580.0,645.0,645.0,5.0,980866.0,1000000.0,286.0,48.0,215.0,15.0
V ～for EXTREME～,138.0,begSP,0.1084515536,322.3203447,332.0,369.0,369.0,3.0,979218.0,1000000.0,163.0,54.0,123.0,0.0
rainbow flyer,196.0,DSP,0.1078357135,502.2654399,510.0,567.0,567.0,6.0,982461.0,1000000.0,175.0,28.0,189.0,9.0
LEADING CYBER,39.0,BDP,0.1078011574,493.4439732,499.0,555.0,555.0,7.0,984784.0,1000000.0,171.0,15.0,185.0,0.0
8000000,666.0,BDP,0.1074633668,743.9718253,753.0,837.0,837.0,7.0,983055.0,1000000.0,174.0,15.0,279.0,16.0
Musician,1165.0,DSP,0.1069784072,698.4901898,707.0,786.0,786.0,8.0,982230.0,1000000.0,162.0,15.0,262.0,23.0
Show me your moves,812.0,DSP,0.1067513275,960.2023296,972.0,1080.0,1080.0,8.0,981019.0,1000000.0,1518.0,50.0,360.0,46.0
toy boxer,891.0,BSP,0.1060602167,714.8981279,726.0,807.0,807.0,9.0,982884.0,1000000.0,644.0,66.0,269.0,6.0
L'amour et la libert&eacute;(Darwin &amp; DJ Silver remix),246.0,DSP,0.1060103195,573.0443144,580.0,645.0,645.0,7.0,982500.0,1000000.0,170.0,17.0,215.0,17.0
Playa (Original Mix),307.0,BSP,0.1058214431,390.0901086,402.0,447.0,447.0,4.0,977014.0,1000000.0,115.0,39.0,149.0,8.0
INSIDE YOUR HEART,173.0,DSP,0.1057639699,501.4894659,510.0,567.0,567.0,6.0,982548.0,1000000.0,156.0,30.0,189.0,4.0
ユメブキ,1024.0,begSP,0.1056152159,409.3507889,418.0,465.0,465.0,4.0,981766.0,1000000.0,172.0,43.0,155.0,0.0
妄想感傷代償連盟,881.0,BDP,0.1052226547,252.7217002,256.0,285.0,285.0,4.0,983212.0,1000000.0,219.0,33.0,95.0,4.0
PUT YOUR FAITH IN ME,11.0,ESP,0.1052059046,540.3061057,548.0,609.0,609.0,9.0,984091.0,1000000.0,1308.0,106.0,203.0,0.0
#OurMemories,816.0,CSP,0.1048567825,936.8423705,947.0,1053.0,1053.0,11.0,984445.0,1000000.0,1074.0,26.0,351.0,1.0
風鈴花火,804.0,begSP,0.1047520735,232.6818144,237.0,264.0,264.0,2.0,982330.0,1000000.0,309.0,71.0,88.0,0.0
SURVIVAL AT THE END OF THE UNIVERSE,1186.0,begSP,0.1047368864,449.4129047,456.0,507.0,507.0,5.0,983050.0,1000000.0,83.0,16.0,169.0,6.0
puzzle,308.0,DSP,0.1042072654,468.6709711,477.0,531.0,531.0,6.0,981021.0,1000000.0,155.0,32.0,177.0,10.0
FUJIMORI -祭- FESTIVAL,610.0,BDP,0.1041341361,487.6071366,494.0,549.0,549.0,5.0,984101.0,1000000.0,189.0,24.0,183.0,3.0
海神,630.0,begSP,0.1041330119,364.2996056,372.0,414.0,414.0,3.0,979871.0,1000000.0,231.0,57.0,138.0,9.0
REBORN MAGIC,437.0,DSP,0.1040513596,640.0287478,648.0,720.0,720.0,7.0,983692.0,1000000.0,185.0,19.0,240.0,9.0
キケンな果実,549.0,begSP,0.1039425803,286.4806003,294.0,327.0,327.0,2.0,978141.0,1000000.0,192.0,60.0,109.0,8.0
ノープラン・デイズ,1038.0,begSP,0.1038162414,345.4599078,353.0,393.0,393.0,3.0,979636.0,1000000.0,262.0,66.0,131.0,8.0
Open Your Eyes,1189.0,ESP,0.1035777781,543.5028913,548.0,609.0,609.0,9.0,984641.0,1000000.0,310.0,8.0,203.0,11.0
Elysium,589.0,BSP,0.1034025479,455.6779004,467.0,519.0,519.0,5.0,980199.0,1000000.0,196.0,55.0,173.0,4.0
HAPPY☆ANGEL,168.0,BSP,0.1032251047,365.0172515,378.0,420.0,420.0,4.0,976448.0,1000000.0,396.0,133.0,140.0,4.0
Dance Celebration,282.0,BSP,0.1031447767,393.4370813,402.0,447.0,447.0,5.0,980225.0,1000000.0,144.0,39.0,149.0,8.0
Taking It To The Sky (PLUS step),1011.0,BSP,0.102983866,430.9525659,437.0,486.0,486.0,6.0,983342.0,1000000.0,142.0,23.0,162.0,4.0
ノープラン・デイズ,1038.0,BSP,0.1029438421,908.7859321,920.0,1023.0,1023.0,9.0,983534.0,1000000.0,599.0,32.0,341.0,8.0
If,1005.0,DSP,0.1029055956,975.6483182,985.0,1095.0,1095.0,12.0,983986.0,1000000.0,734.0,13.0,365.0,15.0
闘え！ダダンダーンＶ,774.0,BSP,0.1026057682,604.9664846,615.0,684.0,684.0,6.0,980950.0,1000000.0,279.0,44.0,228.0,18.0
ポジティブ☆ダンスタイム,1206.0,DDP,0.1023776687,723.4688079,731.0,813.0,813.0,8.0,984476.0,1000000.0,176.0,11.0,271.0,4.0
酔いどれ知らず,1100.0,BSP,0.1023088409,225.1802332,229.0,255.0,255.0,3.0,979694.0,1000000.0,203.0,47.0,85.0,10.0
Under the Sky,213.0,BSP,0.1022770352,173.9190413,178.0,198.0,198.0,2.0,980335.0,1000000.0,173.0,56.0,66.0,2.0
風鈴花火,804.0,BSP,0.1021291427,535.4294088,542.0,603.0,603.0,5.0,983280.0,1000000.0,1404.0,76.0,201.0,9.0
321STARS,99.0,ESP,0.1019234035,841.5747492,850.0,945.0,945.0,11.0,984412.0,1000000.0,1363.0,25.0,315.0,7.0
Make A Difference,179.0,ESP,0.1018944188,1035.476619,1044.0,1161.0,1161.0,12.0,982834.0,1000000.0,960.0,6.0,387.0,38.0
MAX LOVE,367.0,BSP,0.1018658615,844.2406102,861.0,957.0,957.0,6.0,981754.0,1000000.0,381.0,67.0,319.0,2.0
勇猛無比,1016.0,BSP,0.1018635479,845.4241998,855.0,951.0,951.0,8.0,983785.0,1000000.0,491.0,23.0,317.0,8.0
ホーンテッド★メイドランチ,897.0,begSP,0.1017153207,353.983517,361.0,402.0,402.0,4.0,976365.0,1000000.0,179.0,44.0,134.0,22.0
闘え！ダダンダーンＶ,774.0,ESP,0.1016741814,1217.499171,1228.0,1365.0,1365.0,13.0,984042.0,1000000.0,1537.0,8.0,455.0,19.0
Start a New Day,746.0,begSP,0.1014791565,316.097342,324.0,360.0,360.0,3.0,978293.0,1000000.0,235.0,70.0,120.0,11.0
The Heavens Above,416.0,ESP,0.1014305236,886.5667324,896.0,996.0,996.0,11.0,982458.0,1000000.0,673.0,22.0,332.0,31.0
stoic (EXTREME version),131.0,BSP,0.1013779357,351.6354269,361.0,402.0,402.0,5.0,979621.0,1000000.0,182.0,56.0,134.0,0.0
Heatstroke,356.0,CSP,0.1013035666,687.6416225,696.0,774.0,774.0,8.0,978064.0,1000000.0,468.0,32.0,258.0,57.0
Fever,406.0,begSP,0.1012384914,213.3249289,218.0,243.0,243.0,1.0,981050.0,1000000.0,283.0,79.0,81.0,0.0
Pink Rose,128.0,BDP,0.1012091509,332.1869404,337.0,375.0,375.0,4.0,983461.0,1000000.0,290.0,46.0,125.0,2.0
&uarr;&uarr;&darr;&darr;&larr;&rarr;&larr;&rarr;BA,1064.0,DSP,0.1011900095,894.4555276,904.0,1005.0,1005.0,11.0,981356.0,1000000.0,366.0,16.0,335.0,44.0
rainbow rainbow,197.0,BSP,0.1009448787,240.2538088,245.0,273.0,273.0,4.0,981861.0,1000000.0,206.0,54.0,91.0,0.0
CARTOON HEROES (20th Anniversary Mix),853.0,BSP,0.1007899267,770.1788228,780.0,867.0,867.0,9.0,983824.0,1000000.0,574.0,40.0,289.0,5.0
Last Twilight,955.0,BDP,0.1007383599,911.0404604,920.0,1023.0,1023.0,8.0,982735.0,1000000.0,207.0,9.0,341.0,30.0
Bloody Tears(IIDX EDITION),231.0,begSP,0.1003253747,264.695355,272.0,303.0,303.0,4.0,979316.0,1000000.0,203.0,66.0,101.0,0.0
フー・フローツ,550.0,BDP,0.1003180115,577.9641844,585.0,651.0,651.0,6.0,983371.0,1000000.0,275.0,25.0,217.0,8.0
Life is beautiful,805.0,begSP,0.1001994749,467.9252194,475.0,528.0,528.0,5.0,980651.0,1000000.0,243.0,39.0,176.0,21.0
Sweet Rain,547.0,begSP,0.1000877209,387.9491761,399.0,444.0,444.0,3.0,979251.0,1000000.0,168.0,54.0,148.0,0.0
Twinkle Wonderland,982.0,DSP,0.09997213519,834.7560436,842.0,936.0,936.0,10.0,981590.0,1000000.0,386.0,8.0,312.0,47.0
TRIP MACHINE CLIMAX,46.0,BSP,0.09976535532,519.8286118,526.0,585.0,585.0,7.0,984535.0,1000000.0,204.0,21.0,195.0,0.0
Dazzlin' Darlin,345.0,begSP,0.09975079419,184.0365741,189.0,210.0,210.0,2.0,980546.0,1000000.0,228.0,78.0,70.0,0.0
恋,1009.0,begSP,0.09958052701,173.8649546,178.0,198.0,198.0,1.0,978959.0,1000000.0,286.0,90.0,66.0,5.0
L'amour et la libert&eacute;(Darwin &amp; DJ Silver remix),246.0,DDP,0.0994852456,625.6802458,631.0,702.0,702.0,7.0,984074.0,1000000.0,139.0,6.0,234.0,13.0
ANNIVERSARY &there4;∵&there4; &larr;&darr;&uarr;&rarr;,818.0,begSP,0.0989731568,424.0925428,432.0,480.0,480.0,4.0,980173.0,1000000.0,329.0,69.0,160.0,16.0
STERLING SILVER (U1 overground mix),733.0,begSP,0.09878714794,273.3200952,278.0,309.0,309.0,4.0,983211.0,1000000.0,176.0,42.0,103.0,1.0
future gazer,410.0,ESP,0.0987643738,674.7373975,683.0,759.0,759.0,9.0,982625.0,1000000.0,326.0,28.0,253.0,20.0
I'm an Albatraoz,872.0,BSP,0.09856478372,331.4985652,337.0,375.0,375.0,4.0,981248.0,1000000.0,187.0,40.0,125.0,9.0
この青空の下で,692.0,BSP,0.09840084899,547.7921055,558.0,621.0,621.0,6.0,980851.0,1000000.0,684.0,114.0,207.0,11.0
WARNING&times;WARNING&times;WARNING,1070.0,begSP,0.09830327985,302.4667186,310.0,345.0,345.0,3.0,979668.0,1000000.0,142.0,45.0,115.0,3.0
ロンロンへ　ライライライ！,754.0,begSP,0.09807099868,400.090375,407.0,453.0,453.0,3.0,981558.0,1000000.0,298.0,58.0,151.0,7.0
D2R,76.0,begSP,0.09795617477,325.8135295,334.0,372.0,372.0,3.0,980096.0,1000000.0,180.0,55.0,124.0,0.0
Starry HEAVEN,504.0,BDP,0.09785234682,338.3949779,342.0,381.0,381.0,5.0,983507.0,1000000.0,128.0,15.0,127.0,6.0
Beluga,1073.0,ESP,0.09761293022,911.7768861,920.0,1023.0,1023.0,11.0,983592.0,1000000.0,1012.0,14.0,341.0,22.0
The Light,836.0,ESP,0.0974663591,970.7923923,980.0,1089.0,1089.0,13.0,983280.0,1000000.0,1640.0,22.0,363.0,28.0
e-motion,6.0,begSP,0.09732418609,142.5735302,145.0,162.0,162.0,2.0,981850.0,1000000.0,312.0,77.0,54.0,0.0
HYSTERIA,38.0,BSP,0.09724974487,591.1130459,604.0,672.0,672.0,6.0,981274.0,1000000.0,209.0,51.0,224.0,0.0
GUILTY DIAMONDS,930.0,BSP,0.09701140702,775.8112048,788.0,876.0,876.0,6.0,981894.0,1000000.0,252.0,37.0,292.0,16.0
BITTER CHOCOLATE STRIKER,990.0,begSP,0.09687733267,412.9415355,421.0,468.0,468.0,3.0,981977.0,1000000.0,212.0,51.0,156.0,3.0
Something Comforting,1152.0,begSP,0.09652065988,199.4011034,205.0,228.0,228.0,2.0,979805.0,1000000.0,106.0,39.0,76.0,0.0
HARD BRAIN,964.0,BSP,0.09642070227,728.099597,739.0,822.0,822.0,6.0,981409.0,1000000.0,460.0,54.0,274.0,21.0
Taj He Spitz (Tommie Sunshine's Brooklyn Fire Re-Touch),317.0,ESP,0.09627604158,910.0942746,918.0,1020.0,1020.0,12.0,985087.0,1000000.0,872.0,12.0,340.0,5.0
printemps,565.0,BSP,0.09616954807,475.8529418,483.0,537.0,537.0,6.0,982971.0,1000000.0,227.0,38.0,179.0,6.0
惑星☆ロリポップ,1135.0,BSP,0.09600635252,550.2992435,561.0,624.0,624.0,5.0,977505.0,1000000.0,435.0,86.0,208.0,33.0
Romancing Layer,584.0,begSP,0.09508146537,325.0525526,334.0,372.0,372.0,2.0,979378.0,1000000.0,253.0,80.0,124.0,0.0
狂水一華,965.0,BSP,0.09505736383,647.8742548,656.0,729.0,729.0,7.0,983219.0,1000000.0,515.0,44.0,243.0,13.0
Towards the TOWER,722.0,begSP,0.09504520514,296.9434325,302.0,336.0,336.0,2.0,982009.0,1000000.0,158.0,38.0,112.0,5.0
Ticket to Bombay,321.0,DDP,0.09499695705,543.4174592,548.0,609.0,609.0,7.0,985277.0,1000000.0,120.0,7.0,203.0,5.0
Chance and Dice,281.0,DDP,0.09495595903,574.1311107,580.0,645.0,645.0,7.0,983393.0,1000000.0,200.0,15.0,215.0,15.0
Jungle Dance,1193.0,DSP,0.0944855177,1171.828615,1182.0,1314.0,1314.0,12.0,983788.0,1000000.0,531.0,8.0,438.0,23.0
HIGHER(next morning mix),81.0,CSP,0.09447075095,766.6843768,774.0,861.0,861.0,11.0,984726.0,1000000.0,1250.0,26.0,287.0,3.0
PARTY ALL NIGHT(DJ KEN-BOW MIX),993.0,DDP,0.0943883905,846.5427475,853.0,948.0,948.0,9.0,984447.0,1000000.0,164.0,4.0,316.0,18.0
FUNKY SUMMER BEACH,631.0,BDP,0.09414255905,539.0212838,545.0,606.0,606.0,6.0,983592.0,1000000.0,280.0,24.0,202.0,11.0
iFUTURELIST(DDR VERSION),171.0,DSP,0.0940568989,686.5235005,693.0,771.0,771.0,7.0,982264.0,1000000.0,175.0,10.0,257.0,29.0
oarfish,370.0,begSP,0.09403374463,121.9919279,124.0,138.0,138.0,1.0,982319.0,1000000.0,222.0,62.0,46.0,2.0
ALPACORE,901.0,BSP,0.09367625469,656.1845251,664.0,738.0,738.0,9.0,983974.0,1000000.0,452.0,36.0,246.0,7.0
LOGICAL DASH,177.0,DSP,0.09336917685,468.4576945,475.0,528.0,528.0,7.0,983067.0,1000000.0,158.0,27.0,176.0,8.0
Bad Routine,147.0,ESP,0.09323658372,632.1110322,639.0,711.0,711.0,9.0,981395.0,1000000.0,969.0,45.0,237.0,30.0
アユミ☆マジカルショータイム,1067.0,begSP,0.09310575799,210.3590626,216.0,240.0,240.0,2.0,978062.0,1000000.0,208.0,72.0,80.0,6.0
dreaming can make a wish come true,418.0,BSP,0.09233924105,397.3846237,405.0,450.0,450.0,4.0,980243.0,1000000.0,140.0,37.0,150.0,14.0
すきなことだけでいいです,882.0,BDP,0.09232075609,453.3643391,459.0,510.0,510.0,5.0,984095.0,1000000.0,225.0,30.0,170.0,5.0
BREDLI,1148.0,DSP,0.09184562072,1022.347295,1031.0,1146.0,1146.0,12.0,979099.0,1000000.0,712.0,10.0,382.0,87.0
Till the lonely's gone,322.0,ESP,0.09170411959,710.9951014,718.0,798.0,798.0,9.0,984167.0,1000000.0,734.0,27.0,266.0,12.0
CHOCOLATE PHILOSOPHY,776.0,ESP,0.09146378257,800.7790498,810.0,900.0,900.0,9.0,983352.0,1000000.0,1689.0,72.0,300.0,17.0
Skywalking,842.0,BSP,0.09143969873,736.4244521,745.0,828.0,828.0,7.0,983255.0,1000000.0,254.0,23.0,276.0,16.0
Decade,347.0,ESP,0.0913252187,814.530321,823.0,915.0,915.0,11.0,983029.0,1000000.0,1357.0,42.0,305.0,23.0
siberite,689.0,BSP,0.09123174161,491.9102697,499.0,555.0,555.0,5.0,983436.0,1000000.0,258.0,41.0,185.0,3.0
Sweet Clock,1026.0,DDP,0.09102110763,917.9523256,926.0,1029.0,1029.0,8.0,984296.0,1000000.0,157.0,7.0,343.0,16.0
サイカ,1035.0,BSP,0.090772806,281.758326,286.0,318.0,318.0,5.0,982515.0,1000000.0,150.0,34.0,106.0,6.0
Get Back Up!,413.0,BDP,0.09061806507,522.9847655,529.0,588.0,588.0,7.0,980726.0,1000000.0,178.0,21.0,196.0,31.0
THE SHINING POLARIS,206.0,DSP,0.09051462303,568.8625096,577.0,642.0,642.0,6.0,977949.0,1000000.0,185.0,30.0,214.0,42.0
トランスダンスアナーキー,1228.0,begSP,0.09047266587,360.7442666,367.0,408.0,408.0,3.0,981355.0,1000000.0,72.0,20.0,136.0,8.0
CAN'T STOP FALLIN' IN LOVE -super euro version-,153.0,begSP,0.09030737126,261.2155616,270.0,300.0,300.0,3.0,978226.0,1000000.0,144.0,55.0,100.0,0.0
Dead Heat,827.0,BDP,0.09029681412,530.9506036,537.0,597.0,597.0,6.0,983054.0,1000000.0,198.0,22.0,199.0,14.0
STRAIGHT JET,412.0,BSP,0.0900195656,382.068295,402.0,447.0,447.0,4.0,969702.0,1000000.0,112.0,47.0,149.0,5.0
starmine,618.0,begSP,0.09001414669,327.2086149,337.0,375.0,375.0,3.0,978673.0,1000000.0,165.0,58.0,125.0,0.0
sakura storm,383.0,BDP,0.08996979539,335.134248,340.0,378.0,378.0,4.0,983124.0,1000000.0,276.0,51.0,126.0,5.0
BRIDAL FESTIVAL !!!,984.0,begSP,0.08995977884,301.3222016,307.0,342.0,342.0,2.0,980722.0,1000000.0,187.0,49.0,114.0,6.0
Lift You Up,294.0,begSP,0.08968817117,192.3196989,197.0,219.0,219.0,3.0,980545.0,1000000.0,100.0,36.0,73.0,0.0
New Gravity,497.0,BDP,0.08966334683,570.6198616,577.0,642.0,642.0,6.0,984183.0,1000000.0,210.0,21.0,214.0,4.0
SISYPHUS,1226.0,BSP,0.08958552559,751.0285994,756.0,840.0,840.0,10.0,984769.0,1000000.0,755.0,4.0,280.0,18.0
La Bamba,176.0,BDP,0.08950874967,415.6595647,421.0,468.0,468.0,6.0,984410.0,1000000.0,134.0,23.0,156.0,1.0
Heavens and the Earth,1130.0,EDP,0.08939899036,801.5414172,807.0,897.0,897.0,11.0,984295.0,1000000.0,171.0,3.0,299.0,22.0
CENTAUR,154.0,begSP,0.08929888405,193.6988639,197.0,219.0,219.0,4.0,983107.0,1000000.0,101.0,30.0,73.0,0.0
愛言葉,821.0,ESP,0.08923666396,988.6461307,999.0,1110.0,1110.0,11.0,984120.0,1000000.0,1429.0,42.0,370.0,11.0
Struggle,654.0,begSP,0.08910000674,449.7983701,461.0,513.0,513.0,4.0,980330.0,1000000.0,279.0,81.0,171.0,0.0
DIABLOSIS::N&#x101;ga,1215.0,BSP,0.08890315109,1005.425861,1012.0,1125.0,1125.0,11.0,983264.0,1000000.0,188.0,2.0,375.0,41.0
Waiting,835.0,begSP,0.0886165587,311.4712548,324.0,360.0,360.0,3.0,975892.0,1000000.0,151.0,60.0,120.0,0.0
Playa (Original Mix),307.0,DDP,0.08827360943,600.9913951,607.0,675.0,675.0,7.0,984262.0,1000000.0,126.0,12.0,225.0,8.0
Dazzlin' Darlin-秋葉工房mix-,346.0,ESP,0.08814704617,1040.439224,1053.0,1170.0,1170.0,11.0,984191.0,1000000.0,1917.0,84.0,390.0,1.0
不沈艦CANDY,403.0,begSP,0.0879727655,291.7905054,297.0,330.0,330.0,2.0,983237.0,1000000.0,204.0,53.0,110.0,0.0
Tracers (4Beat Remix),324.0,BSP,0.08787916462,489.9674582,504.0,561.0,561.0,5.0,977696.0,1000000.0,127.0,43.0,187.0,8.0
A Geisha's Dream,276.0,begSP,0.08777470347,238.7581617,243.0,270.0,270.0,2.0,983354.0,1000000.0,281.0,73.0,90.0,0.0
Electro Tuned ( the SubS Mix ),55.0,BDP,0.08761217899,448.9551958,453.0,504.0,504.0,5.0,985415.0,1000000.0,149.0,12.0,168.0,0.0
Vem brincar,270.0,ESP,0.08733290921,781.409437,788.0,876.0,876.0,11.0,982948.0,1000000.0,948.0,17.0,292.0,31.0
Far east nightbird,735.0,begSP,0.08729044444,251.0053523,256.0,285.0,285.0,4.0,981890.0,1000000.0,225.0,64.0,95.0,0.0
The Lonely Streets,620.0,begSP,0.08722518008,141.0549146,145.0,162.0,162.0,2.0,978269.0,1000000.0,115.0,44.0,54.0,0.0
SUPER STAR,45.0,ESP,0.08717625373,773.3218506,780.0,867.0,867.0,12.0,985452.0,1000000.0,1353.0,23.0,289.0,0.0
ルミナスデイズ,772.0,BSP,0.08668081939,512.4687322,518.0,576.0,576.0,5.0,982256.0,1000000.0,336.0,30.0,192.0,21.0
Happy Wedding,114.0,ESP,0.08661405844,720.738648,729.0,810.0,810.0,10.0,984281.0,1000000.0,1197.0,69.0,270.0,6.0
Blew My Mind,560.0,begSP,0.08588765703,350.6954495,356.0,396.0,396.0,4.0,983191.0,1000000.0,216.0,45.0,132.0,3.0
斑咲花,1116.0,BDP,0.0857393354,575.3916361,580.0,645.0,645.0,7.0,982407.0,1000000.0,372.0,12.0,215.0,29.0
Air Heroes,538.0,begSP,0.08490228575,272.1849741,278.0,309.0,309.0,3.0,982088.0,1000000.0,365.0,105.0,103.0,0.0
Strawberry Chu&#9825;Chu&#9825;,767.0,BSP,0.08476392684,657.7416197,666.0,741.0,741.0,7.0,978736.0,1000000.0,288.0,34.0,247.0,47.0
Somehow You Found Me,522.0,BDP,0.08475085424,383.5725197,388.0,432.0,432.0,6.0,984510.0,1000000.0,245.0,32.0,144.0,0.0
SKY HIGH (20th Anniversary Mix),863.0,ESP,0.08450233157,854.5285972,861.0,957.0,957.0,12.0,985148.0,1000000.0,1153.0,11.0,319.0,8.0
ナイト・オブ・ナイツ,677.0,begSP,0.08445278914,203.5450405,210.0,234.0,234.0,1.0,977976.0,1000000.0,962.0,331.0,78.0,0.0
Drop The Bounce,829.0,begSP,0.08441657705,377.2936624,386.0,429.0,429.0,3.0,980699.0,1000000.0,163.0,51.0,143.0,4.0
イーディーエム・ジャンパーズ,675.0,begSP,0.08427610347,215.2148798,218.0,243.0,243.0,3.0,980202.0,1000000.0,211.0,42.0,81.0,11.0
サイカ,1035.0,BDP,0.08421514153,277.2144566,280.0,312.0,312.0,5.0,983414.0,1000000.0,118.0,17.0,104.0,6.0
take me higher,943.0,BSP,0.0841629399,580.4920478,588.0,654.0,654.0,5.0,983962.0,1000000.0,243.0,34.0,218.0,2.0
A thing called LOVE,226.0,ESP,0.08416037812,942.6028648,953.0,1059.0,1059.0,10.0,982076.0,1000000.0,1278.0,57.0,353.0,37.0
Sakura Mirage,664.0,begSP,0.08398067598,332.7520988,340.0,378.0,378.0,4.0,978642.0,1000000.0,188.0,57.0,126.0,14.0
My Only Shining Star,188.0,DSP,0.08396722702,410.4145474,415.0,462.0,462.0,7.0,984024.0,1000000.0,226.0,28.0,154.0,4.0
ROOM,940.0,begSP,0.08391412118,242.4452391,253.0,282.0,282.0,2.0,967884.0,1000000.0,135.0,56.0,94.0,7.0
ずっとみつめていて (Ryu☆Remix),502.0,BSP,0.0839106744,515.6902772,523.0,582.0,582.0,7.0,982571.0,1000000.0,552.0,77.0,194.0,9.0
輪廻転生,769.0,begSP,0.08384146802,355.3744849,361.0,402.0,402.0,3.0,982026.0,1000000.0,208.0,46.0,134.0,6.0
Private Eye,423.0,ESP,0.08382334197,892.4980793,904.0,1005.0,1005.0,12.0,980580.0,1000000.0,1729.0,115.0,335.0,44.0
future gazer,410.0,DSP,0.0837913587,463.2671249,469.0,522.0,522.0,7.0,980671.0,1000000.0,102.0,18.0,174.0,23.0
VALLIS-NERIA,1113.0,BSP,0.08377339999,906.3630702,915.0,1017.0,1017.0,9.0,983844.0,1000000.0,161.0,11.0,339.0,18.0
BURNIN' THE FLOOR(BLUE FIRE mix),72.0,CSP,0.08373795986,748.2745069,756.0,840.0,840.0,10.0,984859.0,1000000.0,1084.0,49.0,280.0,3.0
Right on time (Ryu☆Remix),554.0,begSP,0.08280111253,274.8455509,283.0,315.0,315.0,2.0,978962.0,1000000.0,199.0,72.0,105.0,0.0
AWAKE,652.0,begSP,0.08193632312,374.2278879,383.0,426.0,426.0,3.0,978068.0,1000000.0,297.0,89.0,142.0,14.0
恋のパズルマジック,766.0,ESP,0.08161040364,813.1134643,820.0,912.0,912.0,11.0,985139.0,1000000.0,1456.0,25.0,304.0,2.0
I Need You,170.0,DSP,0.08116340422,467.5991273,475.0,528.0,528.0,6.0,981376.0,1000000.0,153.0,35.0,176.0,15.0
Seize The Day,1003.0,DDP,0.08086412314,479.1597823,483.0,537.0,537.0,7.0,984479.0,1000000.0,148.0,10.0,179.0,11.0
Sucka Luva,509.0,ESP,0.08084714752,738.2984249,745.0,828.0,828.0,11.0,985078.0,1000000.0,685.0,26.0,276.0,4.0
大見解,144.0,begSP,0.08045212166,436.2171629,442.0,492.0,492.0,4.0,983938.0,1000000.0,129.0,25.0,164.0,0.0
*ハロー、プラネット。,824.0,BDP,0.08040348182,647.0258452,653.0,726.0,726.0,7.0,982973.0,1000000.0,280.0,18.0,242.0,24.0
鏡花水月楼 (DDR EDITION),1080.0,DSP,0.08033579559,931.9772216,939.0,1044.0,1044.0,11.0,985097.0,1000000.0,437.0,8.0,348.0,7.0
Somehow You Found Me,522.0,BSP,0.08027274077,382.1920243,388.0,432.0,432.0,6.0,983385.0,1000000.0,378.0,73.0,144.0,0.0
Mess With My Emotions,1084.0,ESP,0.08012227424,977.7908056,985.0,1095.0,1095.0,12.0,984977.0,1000000.0,631.0,8.0,365.0,10.0
Windy Fairy,564.0,DSP,0.08011021841,991.1067147,1001.0,1113.0,1113.0,11.0,983077.0,1000000.0,1146.0,40.0,371.0,26.0
Thank You Merry Christmas,623.0,begSP,0.07952526999,331.3354537,337.0,375.0,375.0,3.0,981831.0,1000000.0,154.0,41.0,125.0,5.0
恋閃繚乱,491.0,begSP,0.07936758833,212.3918263,216.0,240.0,240.0,2.0,983625.0,1000000.0,168.0,49.0,80.0,0.0
タイガーランペイジ,855.0,BSP,0.07924201437,386.3564929,391.0,435.0,435.0,5.0,982535.0,1000000.0,354.0,50.0,145.0,12.0
MARS WAR 3,247.0,BSP,0.07916672665,350.1674446,359.0,399.0,399.0,4.0,980182.0,1000000.0,120.0,42.0,133.0,0.0
I Want To Do This Keep,949.0,BSP,0.07884854307,552.2579693,558.0,621.0,621.0,7.0,982923.0,1000000.0,348.0,31.0,207.0,16.0
Gamelan de Couple,112.0,BSP,0.07877918595,393.2166813,402.0,447.0,447.0,4.0,981513.0,1000000.0,184.0,57.0,149.0,0.0
おーまい！らぶりー！すうぃーてぃ！だーりん！,892.0,begSP,0.07867400564,328.981352,334.0,372.0,372.0,3.0,981360.0,1000000.0,282.0,61.0,124.0,9.0
50th Memorial Songs -二人の時 ～under the cherry blossoms～-,850.0,BSP,0.07826319272,700.7416165,712.0,792.0,792.0,7.0,981345.0,1000000.0,251.0,49.0,264.0,17.0
switch,264.0,BDP,0.0781359706,514.5947461,521.0,579.0,579.0,5.0,983030.0,1000000.0,159.0,27.0,193.0,13.0
Crazy Control,344.0,BSP,0.07809695183,240.1463583,245.0,273.0,273.0,4.0,980813.0,1000000.0,130.0,42.0,91.0,0.0
ロキ(w/緒方恵美),1012.0,BDP,0.07787520106,463.1058166,469.0,522.0,522.0,5.0,983192.0,1000000.0,211.0,35.0,174.0,7.0
テレキャスタービーボーイ,1036.0,BSP,0.07787281975,457.3415864,464.0,516.0,516.0,5.0,980447.0,1000000.0,288.0,55.0,172.0,22.0
ロキ(w/緒方恵美),1012.0,ESP,0.07786231286,1037.997881,1047.0,1164.0,1164.0,12.0,984060.0,1000000.0,1277.0,25.0,388.0,18.0
Tribe,433.0,BDP,0.07782344612,421.5698967,426.0,474.0,474.0,4.0,983621.0,1000000.0,207.0,26.0,158.0,9.0
Secret Rendez-vous,87.0,BDP,0.07781052245,272.3985611,275.0,306.0,306.0,4.0,985140.0,1000000.0,159.0,22.0,102.0,1.0
1998,97.0,begSP,0.07764146277,314.0233792,321.0,357.0,357.0,3.0,981376.0,1000000.0,201.0,64.0,119.0,0.0
snow prism,488.0,begSP,0.07740925493,272.3293853,280.0,312.0,312.0,3.0,978407.0,1000000.0,132.0,49.0,104.0,2.0
Top The Charts,519.0,DDP,0.07714967179,658.6041894,664.0,738.0,738.0,8.0,984351.0,1000000.0,256.0,13.0,246.0,15.0
令和,906.0,ESP,0.07694414561,866.4297891,874.0,972.0,972.0,10.0,982403.0,1000000.0,1294.0,31.0,324.0,37.0
321STARS,99.0,BSP,0.0766393709,399.876122,407.0,453.0,453.0,5.0,981795.0,1000000.0,186.0,49.0,151.0,5.0
ルミナスデイズ,772.0,begSP,0.07655344656,327.3111546,332.0,369.0,369.0,2.0,984238.0,1000000.0,194.0,44.0,123.0,0.0
ありふれたせかいせいふく,822.0,begSP,0.07627069817,349.3068225,356.0,396.0,396.0,3.0,981071.0,1000000.0,223.0,63.0,132.0,6.0
華爛漫 -Flowers-,220.0,begSP,0.07570038841,326.2102175,332.0,369.0,369.0,3.0,983217.0,1000000.0,296.0,78.0,123.0,0.0
Don't Stop!～AMD 2nd MIX～,33.0,begSP,0.07563279701,240.3093925,248.0,276.0,276.0,3.0,978248.0,1000000.0,126.0,50.0,92.0,0.0
君氏危うくも近うよれ,763.0,ESP,0.07525872333,981.3662497,990.0,1101.0,1101.0,12.0,984603.0,1000000.0,1834.0,37.0,367.0,7.0
New York EVOLVED (Type A),465.0,begSP,0.07510607356,336.146692,340.0,378.0,378.0,4.0,981533.0,1000000.0,133.0,25.0,126.0,17.0
男々道,222.0,BDP,0.07500913265,387.5611103,391.0,435.0,435.0,4.0,985532.0,1000000.0,205.0,20.0,145.0,0.0
&Uuml;bertreffen,329.0,BSP,0.07496763218,557.8653701,567.0,630.0,630.0,6.0,981766.0,1000000.0,198.0,46.0,210.0,14.0
ZETA～素数の世界と超越者～,401.0,BDP,0.07488883407,616.0052215,621.0,690.0,690.0,6.0,983994.0,1000000.0,160.0,11.0,230.0,19.0
30 Lives (Up-Up-Down-Dance Mix),275.0,DSP,0.07448032299,605.8056159,612.0,681.0,681.0,7.0,982782.0,1000000.0,204.0,22.0,227.0,19.0
ちくわパフェだよ☆ＣＫＰ (Yvya Remix),1245.0,BDP,0.0743750384,634.9189332,639.0,711.0,711.0,7.0,984764.0,1000000.0,45.0,3.0,237.0,12.0
星座が恋した瞬間を。,803.0,begSP,0.07437320326,283.7318301,288.0,321.0,321.0,2.0,983218.0,1000000.0,314.0,71.0,107.0,0.0
Go&darr;Go&uarr;Girls&amp;Boys!,627.0,BDP,0.07388339005,592.0118706,599.0,666.0,666.0,5.0,984605.0,1000000.0,222.0,32.0,222.0,0.0
CAN'T STOP FALLIN' IN LOVE ～SPEED MIX～,52.0,BSP,0.0737804315,632.5748693,642.0,714.0,714.0,6.0,983538.0,1000000.0,354.0,64.0,238.0,0.0
CG Project,343.0,BDP,0.07359396438,467.6465317,475.0,528.0,528.0,5.0,982793.0,1000000.0,248.0,56.0,176.0,6.0
Programmed Universe,407.0,BSP,0.07353560074,458.6548664,464.0,516.0,516.0,5.0,983629.0,1000000.0,137.0,24.0,172.0,8.0
Scarlet Moon,653.0,ESP,0.07347696176,1128.307559,1139.0,1266.0,1266.0,12.0,984568.0,1000000.0,2146.0,55.0,422.0,5.0
CROSS,865.0,DSP,0.07337747795,883.0500378,891.0,990.0,990.0,10.0,984605.0,1000000.0,616.0,27.0,330.0,11.0
Polovtsian Dances And Chorus,192.0,BSP,0.07310482805,414.5714209,426.0,474.0,474.0,4.0,976983.0,1000000.0,203.0,71.0,158.0,9.0
rainbow rainbow,197.0,begSP,0.0728007669,216.4214975,221.0,246.0,246.0,4.0,981612.0,1000000.0,142.0,49.0,82.0,0.0
Uranus,269.0,BSP,0.07268515855,543.9917699,550.0,612.0,612.0,6.0,984642.0,1000000.0,157.0,23.0,204.0,0.0
DESTINY,77.0,BDP,0.07263001222,405.8129125,410.0,456.0,456.0,3.0,984413.0,1000000.0,278.0,35.0,152.0,5.0
HAVE YOU NEVER BEEN MELLOW (20th Anniversary Mix),839.0,begSP,0.0724114847,259.2477936,264.0,294.0,294.0,2.0,979999.0,1000000.0,190.0,57.0,98.0,8.0
雑草魂なめんなよ！,1001.0,ESP,0.07235244278,606.9677627,612.0,681.0,681.0,11.0,984417.0,1000000.0,901.0,32.0,227.0,10.0
CUTIE CHASER(MORNING MIX),107.0,BDP,0.07232285643,229.8552411,232.0,258.0,258.0,4.0,985691.0,1000000.0,201.0,30.0,86.0,0.0
Prettiful!,1123.0,DDP,0.07227422718,807.0211538,812.0,903.0,903.0,10.0,985996.0,1000000.0,233.0,4.0,301.0,0.0
Shades of Grey,257.0,DDP,0.07210679611,561.7560322,567.0,630.0,630.0,7.0,984943.0,1000000.0,168.0,18.0,210.0,6.0
Freeway Shuffle,244.0,CSP,0.07205516237,1008.741995,1017.0,1131.0,1131.0,12.0,984894.0,1000000.0,1620.0,28.0,377.0,5.0
Haunted Rhapsody,414.0,DSP,0.07203928417,676.2198178,683.0,759.0,759.0,7.0,981508.0,1000000.0,280.0,27.0,253.0,37.0
Silent Hill,24.0,BDP,0.07193264344,440.7645954,445.0,495.0,495.0,5.0,985100.0,1000000.0,182.0,22.0,165.0,0.0
Beautiful Dream,500.0,begSP,0.0718635141,291.3135785,297.0,330.0,330.0,3.0,982769.0,1000000.0,257.0,78.0,110.0,0.0
Dance Phenomena,1055.0,ESP,0.0717393635,1028.696746,1036.0,1152.0,1152.0,12.0,984840.0,1000000.0,1008.0,11.0,384.0,12.0
Sephirot,739.0,BSP,0.07165014576,566.7581038,572.0,636.0,636.0,6.0,983518.0,1000000.0,1719.0,78.0,212.0,17.0
CG Project,343.0,DSP,0.07137486094,714.0706019,723.0,804.0,804.0,9.0,982194.0,1000000.0,665.0,78.0,268.0,22.0
DROP THE BOMB(SyS.F. Mix),110.0,ESP,0.07136943653,758.4756495,766.0,852.0,852.0,10.0,983920.0,1000000.0,1401.0,70.0,284.0,12.0
Polovtsian Dances And Chorus,192.0,ESP,0.07113503681,887.7436238,896.0,996.0,996.0,11.0,984850.0,1000000.0,1314.0,50.0,332.0,4.0
零 - ZERO -,334.0,begSP,0.07100023585,241.7506757,245.0,273.0,273.0,3.0,983789.0,1000000.0,170.0,41.0,91.0,0.0
Grand Chariot,738.0,begSP,0.07098347442,297.9928792,302.0,336.0,336.0,3.0,979749.0,1000000.0,220.0,49.0,112.0,18.0
ONYX,1006.0,begSP,0.07063482864,464.7859545,472.0,525.0,525.0,4.0,982201.0,1000000.0,229.0,53.0,175.0,9.0
最終鬼畜妹フランドール・Ｓ,922.0,begSP,0.07051369421,534.8781642,542.0,603.0,603.0,4.0,980579.0,1000000.0,226.0,42.0,201.0,26.0
Twin Bee -Generation X-,137.0,BSP,0.07044001184,304.0813164,310.0,345.0,345.0,5.0,981386.0,1000000.0,231.0,70.0,115.0,3.0
Desert Journey,523.0,BSP,0.07025902239,381.7845236,388.0,432.0,432.0,5.0,982741.0,1000000.0,203.0,52.0,144.0,1.0
High School Love,777.0,BDP,0.06996355559,550.7943901,556.0,618.0,618.0,6.0,982617.0,1000000.0,277.0,27.0,206.0,24.0
Tribe,433.0,begSP,0.06961600131,278.4086129,283.0,315.0,315.0,2.0,981572.0,1000000.0,148.0,43.0,105.0,1.0
サナ・モレッテ・ネ・エンテ,60.0,ESP,0.06866356129,786.4984505,793.0,882.0,882.0,12.0,985360.0,1000000.0,1752.0,44.0,294.0,0.0
TimeHollow,323.0,BSP,0.06863817676,287.9672947,291.0,324.0,324.0,4.0,982583.0,1000000.0,126.0,24.0,108.0,10.0
Smiling Passion,801.0,DSP,0.06841682655,832.6243267,839.0,933.0,933.0,10.0,984693.0,1000000.0,435.0,15.0,311.0,12.0
Uranus,269.0,ESP,0.06828774853,940.0123887,947.0,1053.0,1053.0,11.0,985093.0,1000000.0,770.0,16.0,351.0,7.0
Bombay Bomb,510.0,begSP,0.06814520797,305.0933354,315.0,351.0,351.0,2.0,977427.0,1000000.0,136.0,54.0,117.0,0.0
dream of love,236.0,BDP,0.06785781209,374.7388328,378.0,420.0,420.0,5.0,984671.0,1000000.0,138.0,18.0,140.0,8.0
SUPER HERO,604.0,BSP,0.06776215064,353.560237,359.0,399.0,399.0,6.0,983166.0,1000000.0,346.0,83.0,133.0,4.0
La Bamba,176.0,begSP,0.06740604259,290.2842264,297.0,330.0,330.0,3.0,981621.0,1000000.0,109.0,40.0,110.0,0.0
PUT YOUR FAITH IN ME ～SATURDAY NIGHT MIX～,193.0,DSP,0.06710592843,588.9936577,596.0,663.0,663.0,8.0,983150.0,1000000.0,167.0,29.0,221.0,11.0
ZEPHYRANTHES,741.0,BSP,0.06702750185,742.7505598,750.0,834.0,834.0,7.0,983064.0,1000000.0,1931.0,97.0,278.0,23.0
Heavens and the Earth,1130.0,ESP,0.06683308238,790.5891287,796.0,885.0,885.0,11.0,984213.0,1000000.0,461.0,11.0,295.0,22.0
A Brighter Day,338.0,DDP,0.06674201977,679.0857038,685.0,762.0,762.0,7.0,982413.0,1000000.0,257.0,20.0,254.0,30.0
Together Going My Way,932.0,DSP,0.0667137611,762.8850487,769.0,855.0,855.0,9.0,981931.0,1000000.0,427.0,20.0,285.0,42.0
City Never Sleeps,946.0,BDP,0.06660704388,620.975037,626.0,696.0,696.0,7.0,984934.0,1000000.0,404.0,23.0,232.0,8.0
私をディスコに連れてって TOKYO,1052.0,ESP,0.06640186281,1511.194229,1520.0,1689.0,1689.0,14.0,984569.0,1000000.0,1095.0,3.0,563.0,27.0
月光蝶,221.0,begSP,0.06638571393,309.7501164,315.0,351.0,351.0,4.0,982678.0,1000000.0,115.0,35.0,117.0,0.0
私をディスコに連れてって TOKYO,1052.0,DSP,0.06635035057,1085.297472,1093.0,1215.0,1215.0,11.0,984858.0,1000000.0,445.0,10.0,405.0,13.0
Holic,37.0,ESP,0.06627502782,836.7777756,845.0,939.0,939.0,11.0,985110.0,1000000.0,1794.0,92.0,313.0,0.0
LA BAMBA,122.0,ESP,0.06578082426,881.1489529,888.0,987.0,987.0,11.0,985538.0,1000000.0,878.0,25.0,329.0,1.0
ウソツキ横丁は雨模様,975.0,BSP,0.06575546208,510.424836,515.0,573.0,573.0,5.0,984640.0,1000000.0,221.0,23.0,191.0,6.0
幻想系世界修復少女,598.0,begSP,0.06550108268,292.7703023,299.0,333.0,333.0,3.0,981326.0,1000000.0,171.0,58.0,111.0,0.0
めうめうぺったんたん！！ (ZAQUVA Remix),1242.0,ESP,0.06545157533,1353.254038,1360.0,1512.0,1512.0,13.0,985311.0,1000000.0,344.0,1.0,504.0,13.0
Life is beautiful,805.0,BSP,0.06523944827,805.6491809,812.0,903.0,903.0,8.0,983826.0,1000000.0,1502.0,38.0,301.0,22.0
KEEP ON MOVIN' (Y&amp;Co. DJ BOSS remix),482.0,BDP,0.06522267604,535.7485329,540.0,600.0,600.0,6.0,984315.0,1000000.0,169.0,15.0,200.0,15.0
Triple Journey -TAG EDITION-,558.0,begSP,0.0651422773,404.7844487,410.0,456.0,456.0,4.0,981722.0,1000000.0,254.0,52.0,152.0,15.0
CRAZY&hearts;LOVE,427.0,BDP,0.06498058252,703.7744255,710.0,789.0,789.0,7.0,981070.0,1000000.0,292.0,24.0,263.0,46.0
蒼が消えるとき,961.0,begSP,0.06477129353,350.2322536,356.0,396.0,396.0,3.0,982264.0,1000000.0,237.0,65.0,132.0,5.0
BROKEN MY HEART,51.0,BSP,0.06460988835,571.2681544,580.0,645.0,645.0,5.0,983514.0,1000000.0,253.0,58.0,215.0,0.0
Jam &amp; Marmalade,174.0,DDP,0.0644109118,479.5861409,483.0,537.0,537.0,8.0,985344.0,1000000.0,167.0,12.0,179.0,6.0
炉心融解,785.0,BDP,0.06422487212,574.592001,580.0,645.0,645.0,6.0,982946.0,1000000.0,310.0,32.0,215.0,21.0
激アツ☆マジヤバ☆チアガール,671.0,BSP,0.06387421952,524.3534142,531.0,591.0,591.0,6.0,982476.0,1000000.0,614.0,96.0,197.0,13.0
TIME,443.0,ESP,0.06368143015,735.7102526,742.0,825.0,825.0,9.0,983574.0,1000000.0,595.0,34.0,275.0,22.0
CONNECT-,983.0,BSP,0.06359626561,596.9347406,607.0,675.0,675.0,5.0,981997.0,1000000.0,181.0,48.0,225.0,9.0
actualization of self (weaponized),1033.0,BDP,0.06349635316,698.1060868,704.0,783.0,783.0,8.0,984817.0,1000000.0,197.0,17.0,261.0,7.0
恋の氷結おてんば湯けむりチルノ温泉,1144.0,begSP,0.06333504386,169.7285199,172.0,192.0,192.0,2.0,982334.0,1000000.0,101.0,30.0,64.0,2.0
I believe what you said,997.0,DSP,0.06333116538,598.8767337,604.0,672.0,672.0,8.0,984682.0,1000000.0,287.0,24.0,224.0,7.0
I/O,441.0,BDP,0.0631054177,376.7312728,380.0,423.0,423.0,4.0,984270.0,1000000.0,257.0,29.0,141.0,7.0
La libertad,363.0,begSP,0.06309612487,218.2714712,224.0,249.0,249.0,3.0,980474.0,1000000.0,137.0,54.0,83.0,0.0
JUST BELIEVE,1170.0,DDP,0.06300185863,759.5584697,764.0,849.0,849.0,10.0,985364.0,1000000.0,102.0,4.0,283.0,13.0
Anthurium,1054.0,BSP,0.06225048039,504.8734365,510.0,567.0,567.0,6.0,984636.0,1000000.0,236.0,34.0,189.0,5.0
paparazzi,1018.0,BDP,0.0622129379,818.0252972,823.0,915.0,915.0,8.0,985524.0,1000000.0,230.0,6.0,305.0,8.0
CRAZY&hearts;LOVE,427.0,BSP,0.0621275801,598.1138916,604.0,672.0,672.0,6.0,981480.0,1000000.0,361.0,40.0,224.0,31.0
Throw Out,1237.0,DDP,0.0615062049,976.9847012,982.0,1092.0,1092.0,10.0,985015.0,1000000.0,114.0,2.0,364.0,19.0
CURUS,156.0,begSP,0.06144573363,216.9684105,221.0,246.0,246.0,2.0,982450.0,1000000.0,142.0,49.0,82.0,0.0
共犯ヘヴンズコード,1053.0,begSP,0.06131979895,218.0864635,221.0,246.0,246.0,2.0,984021.0,1000000.0,110.0,32.0,82.0,0.0
Get Back Up!,413.0,BSP,0.06111141861,517.0122519,523.0,582.0,582.0,7.0,980355.0,1000000.0,189.0,35.0,194.0,30.0
月光蝶,221.0,BSP,0.06075020348,340.6523815,345.0,384.0,384.0,4.0,982876.0,1000000.0,128.0,32.0,128.0,7.0
Look at the Sky,1151.0,EDP,0.06074233568,836.9155826,842.0,936.0,936.0,10.0,983191.0,1000000.0,298.0,7.0,312.0,39.0
Twin Bee -Generation X-,137.0,begSP,0.06068692131,196.1964063,202.0,225.0,225.0,3.0,977626.0,1000000.0,167.0,68.0,75.0,0.0
Believe,709.0,BSP,0.06040657935,398.0427047,402.0,447.0,447.0,4.0,984104.0,1000000.0,210.0,34.0,149.0,8.0
梅雪夜,992.0,begSP,0.05987934744,381.1180092,391.0,435.0,435.0,3.0,978227.0,1000000.0,175.0,65.0,145.0,8.0
Ishtar,749.0,begSP,0.05948679177,230.5509432,234.0,261.0,261.0,3.0,981571.0,1000000.0,322.0,88.0,87.0,5.0
GHOST KINGDOM,967.0,begSP,0.05932827085,274.5687096,278.0,309.0,309.0,2.0,982523.0,1000000.0,192.0,48.0,103.0,9.0
Sweet Sweet &hearts; Magic,92.0,BSP,0.05921307804,375.1432133,380.0,423.0,423.0,5.0,983723.0,1000000.0,232.0,53.0,141.0,2.0
Bad Routine,147.0,BSP,0.05915374675,348.6427911,353.0,393.0,393.0,5.0,983514.0,1000000.0,190.0,44.0,131.0,4.0
ROCK THE PARTY,1219.0,DSP,0.05892627226,1365.453894,1371.0,1523.0,1524.0,13.0,985122.0,999990.0,731.0,0.0,508.0,25.0
AFTER THE GAME OF LOVE,14.0,ESP,0.05877904853,551.4285172,558.0,621.0,621.0,8.0,984340.0,1000000.0,1339.0,175.0,207.0,0.0
SABER WING (satellite silhouette remix),588.0,begSP,0.05876620565,246.5196657,251.0,279.0,279.0,2.0,982000.0,1000000.0,152.0,52.0,93.0,4.0
chaplet,1173.0,begSP,0.05846730763,192.360789,194.0,216.0,216.0,3.0,985287.0,1000000.0,180.0,32.0,72.0,1.0
Din Don Dan,593.0,begSP,0.05842906762,222.2891103,226.0,252.0,252.0,2.0,982634.0,1000000.0,317.0,96.0,84.0,0.0
Summer fantasy (Darwin remix),663.0,BSP,0.05831262544,533.2793256,540.0,600.0,600.0,7.0,983561.0,1000000.0,222.0,47.0,200.0,9.0
きゅん&times;きゅんばっきゅん☆LOVE,683.0,begSP,0.05811265036,341.5676031,348.0,387.0,387.0,3.0,981990.0,1000000.0,272.0,86.0,129.0,1.0
無頼ック自己ライザー,796.0,BSP,0.05810442981,451.5869151,456.0,507.0,507.0,4.0,984440.0,1000000.0,364.0,50.0,169.0,7.0
real-high-SPEED,376.0,ESP,0.05796171364,701.8009893,707.0,786.0,786.0,8.0,984739.0,1000000.0,691.0,30.0,262.0,13.0
夏色DIARY -DDR mix-,668.0,begSP,0.05790264617,308.2852669,315.0,351.0,351.0,3.0,978635.0,1000000.0,246.0,85.0,117.0,10.0
321STARS,99.0,BDP,0.05790232035,406.340204,410.0,456.0,456.0,5.0,984812.0,1000000.0,164.0,25.0,152.0,5.0
PARADISE,1131.0,DDP,0.05750709809,702.7408005,707.0,786.0,786.0,9.0,985784.0,1000000.0,110.0,6.0,262.0,5.0
Under the Sky,213.0,ESP,0.05749044154,583.6805421,588.0,654.0,654.0,11.0,983578.0,1000000.0,1260.0,49.0,218.0,21.0
ANNIVERSARY &there4;∵&there4; &larr;&darr;&uarr;&rarr;,818.0,DSP,0.05736353029,1206.420641,1215.0,1350.0,1350.0,12.0,984541.0,1000000.0,1930.0,30.0,450.0,21.0
恋,1009.0,BSP,0.05733071533,310.7527192,315.0,351.0,351.0,3.0,980951.0,1000000.0,282.0,70.0,117.0,12.0
Smiling Passion,801.0,BDP,0.05728983085,579.1043376,583.0,648.0,648.0,7.0,985929.0,1000000.0,205.0,13.0,216.0,3.0
Rave in the Shell,1204.0,BDP,0.0572167249,691.3897431,696.0,774.0,774.0,7.0,985018.0,1000000.0,109.0,8.0,258.0,11.0
Re:GENERATION,913.0,BDP,0.05710126078,666.656554,672.0,747.0,747.0,6.0,983679.0,1000000.0,219.0,20.0,249.0,22.0
追憶のアリア,958.0,BDP,0.05707803337,312.6588072,315.0,351.0,351.0,4.0,983707.0,1000000.0,210.0,23.0,117.0,9.0
宇宙(ソラ)への片道切符,705.0,DSP,0.05667583492,670.9846128,677.0,753.0,753.0,10.0,983502.0,1000000.0,1300.0,87.0,251.0,19.0
Toy Box Factory,844.0,BSP,0.05624805473,617.9168233,623.0,693.0,693.0,7.0,984339.0,1000000.0,295.0,27.0,231.0,12.0
stellar rain,1076.0,DSP,0.05610297146,729.308435,734.0,816.0,816.0,8.0,984971.0,1000000.0,243.0,11.0,272.0,14.0
Star Gate Heaven,204.0,BSP,0.0556870724,312.551149,318.0,354.0,354.0,3.0,982622.0,1000000.0,146.0,48.0,118.0,1.0
La Se&ntilde;orita,20.0,BDP,0.05565600862,484.2273963,488.0,543.0,543.0,5.0,985692.0,1000000.0,172.0,19.0,181.0,0.0
Find The Way,506.0,BDP,0.05563966363,543.5573079,548.0,609.0,609.0,6.0,984670.0,1000000.0,190.0,22.0,203.0,11.0
PUNISHER,569.0,begSP,0.05561098272,405.8521554,413.0,459.0,459.0,3.0,980591.0,1000000.0,170.0,54.0,153.0,14.0
ふりそでーしょん,542.0,BSP,0.05543096556,358.4171302,364.0,405.0,405.0,4.0,982371.0,1000000.0,43.0,15.0,135.0,5.0
Dance Dance Revolution,108.0,begSP,0.05542392985,336.6764189,342.0,381.0,381.0,5.0,982943.0,1000000.0,212.0,62.0,127.0,0.0
Sparkle Smilin',952.0,begSP,0.05460870582,352.0736506,359.0,399.0,399.0,3.0,981990.0,1000000.0,180.0,62.0,133.0,3.0
Our Soul,860.0,begSP,0.05449764614,331.0171744,337.0,375.0,375.0,3.0,982467.0,1000000.0,182.0,60.0,125.0,1.0
Theory of Eternity,393.0,ESP,0.05448368603,1138.930136,1147.0,1275.0,1275.0,12.0,985202.0,1000000.0,1927.0,36.0,425.0,6.0
District of the Shadows,828.0,begSP,0.05436613755,300.6408807,305.0,339.0,339.0,3.0,983773.0,1000000.0,199.0,58.0,113.0,2.0
Something Special,434.0,begSP,0.05414571242,196.8807504,202.0,225.0,225.0,2.0,979285.0,1000000.0,117.0,48.0,75.0,0.0
Lift You Up,294.0,DSP,0.05403669253,463.5686807,467.0,519.0,519.0,6.0,985698.0,1000000.0,135.0,16.0,173.0,4.0
SUNKiSS&hearts;DROP,263.0,begSP,0.05397843659,362.1942128,369.0,411.0,411.0,3.0,982173.0,1000000.0,272.0,87.0,137.0,0.0
DOWNER &amp; UPPER,884.0,begSP,0.05367613337,307.5747131,313.0,348.0,348.0,3.0,982661.0,1000000.0,141.0,48.0,116.0,2.0
Avenger,857.0,begSP,0.0535465626,384.7381168,388.0,432.0,432.0,4.0,983425.0,1000000.0,274.0,36.0,144.0,12.0
39,826.0,BDP,0.05327291865,438.2419959,442.0,492.0,492.0,6.0,981457.0,1000000.0,190.0,27.0,164.0,25.0
Small Steps,883.0,DSP,0.05319820642,460.2725331,464.0,516.0,516.0,7.0,979850.0,1000000.0,268.0,31.0,172.0,38.0
Programmed Universe,407.0,BDP,0.05299349402,407.1947329,410.0,456.0,456.0,5.0,985407.0,1000000.0,153.0,16.0,152.0,5.0
ヒカリユリイカ,848.0,BSP,0.05237588509,466.3221804,472.0,525.0,525.0,5.0,982993.0,1000000.0,274.0,60.0,175.0,11.0
Frozen Ray ～for EXTREME～,111.0,begSP,0.05214594258,324.8235709,334.0,372.0,372.0,4.0,978992.0,1000000.0,123.0,50.0,124.0,0.0
GERBERA,1078.0,begSP,0.05205904755,482.986847,491.0,546.0,546.0,4.0,980854.0,1000000.0,130.0,41.0,182.0,16.0
Let Me Show You,1139.0,BSP,0.05190222636,618.8040342,626.0,696.0,696.0,7.0,981757.0,1000000.0,210.0,43.0,232.0,26.0
In The Breeze,662.0,begSP,0.05162218886,156.8168249,159.0,177.0,177.0,3.0,983962.0,1000000.0,108.0,37.0,59.0,0.0
DoLL,157.0,begSP,0.05126457305,322.2917717,326.0,363.0,363.0,4.0,984523.0,1000000.0,196.0,47.0,121.0,0.0
SUN&sup2; SUMMER STEP!,800.0,DSP,0.05124076447,707.2911336,712.0,792.0,792.0,8.0,983308.0,1000000.0,335.0,18.0,264.0,29.0
MAXIMIZER,182.0,BSP,0.05102423464,614.4401896,621.0,690.0,690.0,6.0,981984.0,1000000.0,240.0,44.0,230.0,29.0
SUPER SAMURAI,315.0,begSP,0.05084932528,311.0220317,315.0,351.0,351.0,4.0,983883.0,1000000.0,144.0,40.0,117.0,0.0
Stay 4 Ever,903.0,DDP,0.05078959074,646.3278922,650.0,723.0,723.0,9.0,985712.0,1000000.0,209.0,9.0,241.0,6.0
なだめスかし Negotiation,979.0,BSP,0.05075526223,370.5101975,375.0,417.0,417.0,5.0,982574.0,1000000.0,249.0,60.0,139.0,12.0
患部で止まってすぐ溶ける～狂気の優曇華院,1069.0,begSP,0.05062949649,256.3401678,259.0,288.0,288.0,3.0,985145.0,1000000.0,141.0,35.0,96.0,0.0
AFTER THE GAME OF LOVE,14.0,BSP,0.05025405461,191.2804615,194.0,216.0,216.0,2.0,983867.0,1000000.0,278.0,86.0,72.0,0.0
Something Special,434.0,DSP,0.05019157446,379.7977188,383.0,426.0,426.0,7.0,984023.0,1000000.0,155.0,26.0,142.0,10.0
マインド・ゲーム,568.0,begSP,0.05001543453,358.1281347,364.0,405.0,405.0,3.0,982615.0,1000000.0,140.0,46.0,135.0,0.0
message,451.0,begSP,0.04991419831,212.4245921,216.0,240.0,240.0,1.0,983600.0,1000000.0,250.0,86.0,80.0,0.0
STARS☆☆☆(2nd NAOKI's style),205.0,DSP,0.04991057308,634.3694314,639.0,711.0,711.0,8.0,984359.0,1000000.0,219.0,20.0,237.0,14.0
LOVE IS ORANGE,178.0,ESP,0.0498926344,674.0957882,680.0,756.0,756.0,9.0,985460.0,1000000.0,1240.0,102.0,252.0,0.0
すろぉもぉしょん,823.0,ESP,0.04978836416,1007.798007,1015.0,1128.0,1128.0,12.0,984951.0,1000000.0,1409.0,46.0,376.0,13.0
rainbow flyer,196.0,BSP,0.04969650202,392.4505571,399.0,444.0,444.0,4.0,978967.0,1000000.0,120.0,40.0,148.0,21.0
New Beginning,444.0,BSP,0.04903402261,461.6660352,467.0,519.0,519.0,5.0,984297.0,1000000.0,142.0,35.0,173.0,2.0
Party Lights,306.0,ESP,0.04903255913,810.5370391,815.0,906.0,906.0,11.0,982108.0,1000000.0,711.0,13.0,302.0,52.0
Windy Fairy,564.0,BSP,0.04896866925,678.6565063,685.0,762.0,762.0,7.0,983231.0,1000000.0,518.0,63.0,254.0,20.0
Uh-Oh,1013.0,begSP,0.04896136347,409.7518656,415.0,462.0,462.0,3.0,983971.0,1000000.0,152.0,41.0,154.0,0.0
ALL MY HEART -この恋に、わたしの全てを賭ける-,694.0,BSP,0.04883354375,463.926516,469.0,522.0,522.0,5.0,984565.0,1000000.0,395.0,75.0,174.0,1.0
LoveLove DokiDoki,594.0,BSP,0.04882011886,708.000509,718.0,798.0,798.0,6.0,983585.0,1000000.0,148.0,40.0,266.0,3.0
AWAKE,652.0,BDP,0.04852728331,551.4483731,556.0,618.0,618.0,6.0,984372.0,1000000.0,332.0,40.0,206.0,13.0
はなまるぴっぴはよいこだけ,672.0,begSP,0.04851955751,233.2144985,237.0,264.0,264.0,4.0,981288.0,1000000.0,294.0,96.0,88.0,6.0
LOVE AGAIN TONIGHT～For Melissa MIX～,40.0,ESP,0.04846333268,820.8114266,826.0,918.0,918.0,11.0,986118.0,1000000.0,1172.0,32.0,306.0,0.0
Show me your moves,812.0,ESP,0.04840452292,1184.6276,1193.0,1326.0,1326.0,11.0,982378.0,1000000.0,1788.0,48.0,442.0,58.0
ACROSS WORLD,537.0,begSP,0.04838916266,197.8416386,202.0,225.0,225.0,2.0,981565.0,1000000.0,151.0,59.0,75.0,0.0
しゃかりきリレーション,773.0,ESP,0.04834569823,1097.850091,1104.0,1227.0,1227.0,11.0,985362.0,1000000.0,1413.0,15.0,409.0,13.0
Tribe,433.0,BSP,0.04833283757,467.7079138,472.0,525.0,525.0,5.0,984201.0,1000000.0,202.0,35.0,175.0,9.0
どきドキ バレンタイン,910.0,DSP,0.04831401566,997.3293161,1004.0,1116.0,1116.0,9.0,982803.0,1000000.0,327.0,17.0,372.0,47.0
I'm gonna get you!,117.0,BSP,0.04816717825,371.9132219,378.0,420.0,420.0,4.0,983124.0,1000000.0,157.0,52.0,140.0,3.0
A Brighter Day,338.0,begSP,0.04811947385,202.3774415,207.0,231.0,231.0,2.0,980372.0,1000000.0,191.0,75.0,77.0,0.0
Take A Step Forward,417.0,BSP,0.04797293333,596.5017063,602.0,669.0,669.0,7.0,980893.0,1000000.0,410.0,57.0,223.0,40.0
Smiling Passion,801.0,BSP,0.0477350168,605.4907897,610.0,678.0,678.0,7.0,985617.0,1000000.0,251.0,26.0,226.0,4.0
Better Than Me,1042.0,BDP,0.04772684419,710.5480328,715.0,795.0,795.0,7.0,985551.0,1000000.0,169.0,12.0,265.0,7.0
GUILTY DIAMONDS,930.0,BDP,0.04769000618,777.4821554,783.0,870.0,870.0,6.0,984771.0,1000000.0,201.0,18.0,290.0,16.0
しゃかりきリレーション,773.0,begSP,0.04755555958,291.914371,297.0,330.0,330.0,3.0,983413.0,1000000.0,211.0,73.0,110.0,0.0
Bang Pad(Werk Mix),963.0,BSP,0.04749939127,600.141465,607.0,675.0,675.0,6.0,979601.0,1000000.0,195.0,43.0,225.0,41.0
CAN'T STOP FALLIN' IN LOVE ～SPEED MIX～,52.0,begSP,0.04727970054,351.9738772,359.0,399.0,399.0,4.0,982192.0,1000000.0,202.0,73.0,133.0,0.0
Stay 4 Ever,903.0,ESP,0.04683061797,820.9763508,826.0,918.0,918.0,11.0,984977.0,1000000.0,1182.0,31.0,306.0,17.0
Our Love,951.0,begSP,0.04674939779,440.3205763,445.0,495.0,495.0,4.0,984293.0,1000000.0,250.0,53.0,165.0,5.0
Choo Choo TRAIN,543.0,ESP,0.04654372728,584.5802475,588.0,654.0,654.0,8.0,985577.0,1000000.0,108.0,9.0,218.0,7.0
DANCE ALL NIGHT (DDR EDITION),687.0,BDP,0.0465424697,465.325113,469.0,522.0,522.0,5.0,984797.0,1000000.0,282.0,36.0,174.0,6.0
Electric Dance System Music,706.0,BDP,0.04647067901,465.6639761,469.0,522.0,522.0,6.0,985444.0,1000000.0,333.0,33.0,174.0,3.0
actualization of self (weaponized),1033.0,begSP,0.04632219668,393.3191221,402.0,447.0,447.0,4.0,980268.0,1000000.0,133.0,51.0,149.0,5.0
The flower in your smile,319.0,BSP,0.04621081313,535.3597227,540.0,600.0,600.0,6.0,985315.0,1000000.0,112.0,21.0,200.0,4.0
梅雪夜,992.0,DSP,0.04620159252,956.8622003,963.0,1071.0,1071.0,11.0,984252.0,1000000.0,800.0,27.0,357.0,24.0
TimeHollow,323.0,DDP,0.0460848375,377.7526164,380.0,423.0,423.0,6.0,985618.0,1000000.0,128.0,13.0,141.0,4.0
Let Me Know,1121.0,BDP,0.04602760231,554.6546509,558.0,621.0,621.0,7.0,985010.0,1000000.0,148.0,12.0,207.0,10.0
Rampage Hero,896.0,DSP,0.04590762524,1055.846028,1061.0,1179.0,1179.0,12.0,985702.0,1000000.0,1114.0,8.0,393.0,12.0
Broken,1183.0,DDP,0.04584404371,677.151967,680.0,756.0,756.0,9.0,985391.0,1000000.0,136.0,3.0,252.0,16.0
Too Late Snow,1093.0,DSP,0.04583481372,929.1329971,934.0,1038.0,1038.0,10.0,985414.0,1000000.0,400.0,9.0,346.0,15.0
the beat,1172.0,DDP,0.04574135938,868.1272908,872.0,969.0,969.0,11.0,985085.0,1000000.0,104.0,3.0,323.0,23.0
I Need You,170.0,DDP,0.04561325768,461.2619139,464.0,516.0,516.0,6.0,985281.0,1000000.0,143.0,13.0,172.0,9.0
SCHWARZSCHILD FIELD,1045.0,begSP,0.04558637555,302.3881539,305.0,339.0,339.0,5.0,984311.0,1000000.0,124.0,27.0,113.0,8.0
酔いどれ知らず,1100.0,DSP,0.04551725397,759.7048954,764.0,849.0,849.0,9.0,983374.0,1000000.0,409.0,15.0,283.0,37.0
恋愛観測,748.0,begSP,0.04540756725,370.3425041,375.0,417.0,417.0,3.0,983538.0,1000000.0,245.0,66.0,139.0,6.0
xenon,140.0,BSP,0.04535597543,458.2030936,464.0,516.0,516.0,5.0,982703.0,1000000.0,225.0,59.0,172.0,12.0
La Se&ntilde;orita Virtual,21.0,begSP,0.04530421938,321.6369282,326.0,363.0,363.0,4.0,983909.0,1000000.0,172.0,52.0,121.0,0.0
I Want To Do This Keep,949.0,BDP,0.04470751747,552.7491766,556.0,618.0,618.0,7.0,984765.0,1000000.0,256.0,17.0,206.0,16.0
おねがいダーリン,795.0,BSP,0.04462048498,352.3180718,356.0,396.0,396.0,3.0,984081.0,1000000.0,491.0,101.0,132.0,6.0
Love&#9825;Shine わんだふるmix,811.0,BSP,0.0442806652,523.7471357,529.0,588.0,588.0,5.0,983495.0,1000000.0,282.0,55.0,196.0,15.0
Let the beat hit em!(CLASSIC R&amp;B STYLE),64.0,BSP,0.04400338598,351.9389158,359.0,399.0,399.0,6.0,982454.0,1000000.0,314.0,113.0,133.0,0.0
VOLAQUAS,1150.0,begSP,0.04397749252,356.4899458,359.0,399.0,399.0,5.0,983948.0,1000000.0,217.0,30.0,133.0,14.0
Fever,406.0,BDP,0.0439373573,387.7506569,391.0,435.0,435.0,4.0,985044.0,1000000.0,210.0,37.0,145.0,4.0
Battle Against a True Hero,1211.0,BSP,0.04374225155,501.303078,504.0,561.0,561.0,7.0,984075.0,1000000.0,170.0,11.0,187.0,18.0
jet coaster☆girl,1044.0,BSP,0.04356796677,553.5408714,558.0,621.0,621.0,6.0,984282.0,1000000.0,312.0,41.0,207.0,11.0
The Wind of Gold,552.0,begSP,0.0434368111,369.2201452,375.0,417.0,417.0,3.0,982612.0,1000000.0,158.0,53.0,139.0,0.0
ALL MY HEART -この恋に、わたしの全てを賭ける-,694.0,BDP,0.043413445,509.3973974,513.0,570.0,570.0,5.0,986174.0,1000000.0,284.0,32.0,190.0,1.0
Jewelry days,779.0,begSP,0.04329240087,322.5531667,329.0,366.0,366.0,3.0,978884.0,1000000.0,164.0,62.0,122.0,13.0
TRUE&hearts;LOVE,210.0,BSP,0.0432390214,453.7287767,459.0,510.0,510.0,4.0,984492.0,1000000.0,193.0,50.0,170.0,4.0
Small Steps,883.0,BDP,0.04321206183,284.2057135,286.0,318.0,318.0,4.0,985901.0,1000000.0,169.0,23.0,106.0,3.0
SISYPHUS,1226.0,begSP,0.04307858248,429.9606075,432.0,480.0,480.0,5.0,985719.0,1000000.0,344.0,13.0,160.0,10.0
Heaven is a '57 metallic gray ～gimmix～,115.0,BDP,0.04298093695,469.4022285,472.0,525.0,525.0,5.0,986030.0,1000000.0,145.0,12.0,175.0,2.0
Chance and Dice,281.0,ESP,0.04262270167,804.6942214,810.0,900.0,900.0,9.0,984665.0,1000000.0,938.0,47.0,300.0,20.0
コンフェイト＊コンチェルト,1240.0,BSP,0.04254935446,532.990057,537.0,597.0,597.0,6.0,982947.0,1000000.0,62.0,12.0,199.0,15.0
フー・フローツ,550.0,begSP,0.04251609531,377.6975909,383.0,426.0,426.0,3.0,984043.0,1000000.0,201.0,62.0,142.0,0.0
exotic ethnic,62.0,BSP,0.04245673729,484.9437353,491.0,546.0,546.0,5.0,982726.0,1000000.0,259.0,68.0,182.0,13.0
CROSS,865.0,begSP,0.04242965697,191.1399613,194.0,216.0,216.0,1.0,978397.0,1000000.0,271.0,93.0,72.0,13.0
ヒマワリ,219.0,BDP,0.04218104961,441.9767002,445.0,495.0,495.0,4.0,983535.0,1000000.0,280.0,32.0,165.0,18.0
ever snow,419.0,BSP,0.04211587738,394.406752,399.0,444.0,444.0,4.0,983437.0,1000000.0,221.0,58.0,148.0,7.0
Boom Boom Dollar (Red Monster Mix),474.0,BSP,0.04179065168,275.5825349,278.0,309.0,309.0,4.0,985770.0,1000000.0,62.0,17.0,103.0,0.0
Don't Stop!～AMD 2nd MIX～,33.0,DDP,0.04162850292,465.2242995,469.0,522.0,522.0,5.0,985545.0,1000000.0,158.0,28.0,174.0,0.0
TECH-NOID,707.0,BSP,0.0416244454,478.5858843,483.0,537.0,537.0,5.0,983837.0,1000000.0,333.0,61.0,179.0,13.0
向日葵サンセット,762.0,begSP,0.04154862118,306.9722186,310.0,345.0,345.0,3.0,981639.0,1000000.0,202.0,49.0,115.0,16.0
Awakening Wings,1140.0,ESP,0.04153567382,894.4150226,899.0,999.0,999.0,11.0,985867.0,1000000.0,725.0,15.0,333.0,9.0
BABY BABY GIMME YOUR LOVE,29.0,DDP,0.04112242937,286.0655158,288.0,321.0,321.0,5.0,985678.0,1000000.0,168.0,26.0,107.0,0.0
HAPPY☆ANGEL,168.0,begSP,0.04110514171,353.876887,361.0,402.0,402.0,4.0,981772.0,1000000.0,304.0,111.0,134.0,0.0
Happy Wedding,114.0,DDP,0.04076697808,504.1950028,507.0,564.0,564.0,6.0,985346.0,1000000.0,169.0,14.0,188.0,9.0
梅雪夜,992.0,BSP,0.04058328731,545.6860435,550.0,612.0,612.0,7.0,984011.0,1000000.0,362.0,49.0,204.0,14.0
City Never Sleeps,946.0,begSP,0.04052834672,343.9889036,348.0,387.0,387.0,4.0,983185.0,1000000.0,311.0,83.0,129.0,9.0
Anthurium,1054.0,ESP,0.04041195234,1112.167473,1117.0,1242.0,1242.0,13.0,985800.0,1000000.0,1125.0,6.0,414.0,9.0
恋時雨,783.0,BSP,0.04003396436,532.8236239,537.0,597.0,597.0,7.0,984037.0,1000000.0,505.0,65.0,199.0,16.0
向日葵サンセット,762.0,BSP,0.03986770299,420.1069804,423.0,471.0,471.0,5.0,981242.0,1000000.0,371.0,43.0,157.0,28.0
Raspberry&#9825;Heart(English version),255.0,DSP,0.03955958667,645.5979722,653.0,726.0,726.0,6.0,984204.0,1000000.0,313.0,73.0,242.0,5.0
Seize The Day,1003.0,BDP,0.03955859165,278.1497897,280.0,312.0,312.0,4.0,985156.0,1000000.0,144.0,24.0,104.0,3.0
STARS☆☆☆(2nd NAOKI's style),205.0,BDP,0.0395296715,549.9578225,553.0,615.0,615.0,6.0,984579.0,1000000.0,149.0,13.0,205.0,17.0
風鈴花火,804.0,ESP,0.03940683498,966.3267728,972.0,1080.0,1080.0,10.0,984786.0,1000000.0,1781.0,48.0,360.0,23.0
LOVE&hearts;SHINE,124.0,begSP,0.03907574097,343.5063265,351.0,390.0,390.0,3.0,981762.0,1000000.0,208.0,82.0,130.0,0.0
TOMORROW,208.0,ESP,0.03880425779,806.1009905,810.0,900.0,900.0,10.0,985944.0,1000000.0,854.0,17.0,300.0,10.0
TEARS,133.0,DSP,0.03828645602,680.6297905,685.0,762.0,762.0,8.0,985536.0,1000000.0,230.0,23.0,254.0,5.0
Taking It To The Sky,392.0,ESP,0.03804699677,675.6704333,680.0,756.0,756.0,8.0,984031.0,1000000.0,648.0,47.0,252.0,23.0
酔いどれ知らず,1100.0,BDP,0.03798038011,232.4857089,234.0,261.0,261.0,3.0,982127.0,1000000.0,178.0,30.0,87.0,12.0
脳漿炸裂ガール,759.0,begSP,0.03783815049,508.7891325,513.0,570.0,570.0,3.0,983467.0,1000000.0,268.0,48.0,190.0,20.0
Tomorrow Perfume,209.0,DSP,0.037592401,586.8180764,591.0,657.0,657.0,8.0,984085.0,1000000.0,213.0,30.0,219.0,18.0
LOVE &amp; JOY,411.0,DDP,0.03738279451,702.1786787,704.0,782.0,783.0,9.0,985567.0,999990.0,45.0,0.0,261.0,18.0
Show me your moves,812.0,BDP,0.0373554247,626.5027483,631.0,702.0,702.0,5.0,983585.0,1000000.0,456.0,51.0,234.0,22.0
KUNG FU FIGHTING,472.0,ESP,0.03725952642,402.1039367,405.0,450.0,450.0,6.0,986379.0,1000000.0,133.0,25.0,150.0,0.0
&hearts;Love&sup2;シュガ&rarr;&hearts;,98.0,BSP,0.03683273709,349.4799168,353.0,393.0,393.0,5.0,984993.0,1000000.0,191.0,50.0,131.0,0.0
SAY A PRAYER,1191.0,DSP,0.03676171867,544.1081397,548.0,609.0,609.0,6.0,984026.0,1000000.0,63.0,13.0,203.0,17.0
Going Hypersonic,971.0,BSP,0.03676085372,562.7846543,567.0,630.0,630.0,7.0,985179.0,1000000.0,277.0,42.0,210.0,9.0
デッドボヲルdeホームラン,576.0,begSP,0.03663476426,335.8750239,340.0,378.0,378.0,3.0,984708.0,1000000.0,157.0,50.0,126.0,0.0
I'm gonna get you!,117.0,begSP,0.03660191344,272.2506223,278.0,309.0,309.0,3.0,980919.0,1000000.0,121.0,50.0,103.0,0.0
Give Me,868.0,begSP,0.03660018264,338.258605,345.0,384.0,384.0,3.0,981409.0,1000000.0,174.0,68.0,128.0,3.0
Alone,870.0,ESP,0.03654983308,990.6426172,996.0,1107.0,1107.0,12.0,986020.0,1000000.0,1727.0,40.0,369.0,3.0
激アツ☆マジヤバ☆チアガール,671.0,begSP,0.03654356844,207.5373552,210.0,234.0,234.0,3.0,983086.0,1000000.0,356.0,109.0,78.0,4.0
Crazy Control,344.0,DSP,0.03636852464,403.1808507,407.0,453.0,453.0,6.0,985182.0,1000000.0,161.0,40.0,151.0,0.0
Surface,1061.0,DDP,0.03629481905,547.6267508,550.0,612.0,612.0,9.0,984422.0,1000000.0,173.0,8.0,204.0,20.0
SOUVENIR,1176.0,ESP,0.03615967211,1055.99732,1061.0,1179.0,1179.0,12.0,984964.0,1000000.0,724.0,14.0,393.0,26.0
&hearts;Love&sup2;シュガ&rarr;&hearts;,98.0,begSP,0.03612575257,264.1722444,270.0,300.0,300.0,3.0,980572.0,1000000.0,129.0,54.0,100.0,0.0
Twin Bee -Generation X-,137.0,ESP,0.03601933052,689.4412437,693.0,771.0,771.0,11.0,985017.0,1000000.0,1317.0,38.0,257.0,15.0
ウサテイ,1068.0,DSP,0.03594427713,921.7316692,926.0,1029.0,1029.0,11.0,985629.0,1000000.0,673.0,14.0,343.0,15.0
Freeway Shuffle,244.0,BSP,0.03575336785,518.1447456,523.0,582.0,582.0,4.0,983691.0,1000000.0,258.0,56.0,194.0,12.0
SAYONARA☆ディスコライト,1060.0,DDP,0.03563247917,707.1627876,710.0,789.0,789.0,9.0,985037.0,1000000.0,220.0,6.0,263.0,23.0
君氏危うくも近うよれ,763.0,BSP,0.03544776579,422.5498709,426.0,474.0,474.0,6.0,985528.0,1000000.0,522.0,89.0,158.0,1.0
AM-3P -303 BASS MIX-,103.0,BDP,0.03535572532,330.1925968,332.0,369.0,369.0,5.0,986855.0,1000000.0,163.0,21.0,123.0,0.0
INSERTiON,57.0,BDP,0.03497904436,485.8907918,488.0,543.0,543.0,5.0,986687.0,1000000.0,154.0,9.0,181.0,0.0
DROP THE BOMB,17.0,begSP,0.03488436549,325.2640418,329.0,366.0,366.0,3.0,984767.0,1000000.0,208.0,63.0,122.0,0.0
Feidie,929.0,DSP,0.03476573663,726.9106829,731.0,813.0,813.0,8.0,985396.0,1000000.0,310.0,23.0,271.0,10.0
*ハロー、プラネット。,824.0,BSP,0.03474697653,605.8807975,610.0,678.0,678.0,7.0,983731.0,1000000.0,368.0,45.0,226.0,24.0
Resurrection,446.0,BSP,0.03440301777,454.5532965,459.0,510.0,510.0,5.0,981694.0,1000000.0,181.0,47.0,170.0,26.0
sakura storm,383.0,begSP,0.03415623477,226.8824553,232.0,258.0,258.0,2.0,981014.0,1000000.0,237.0,99.0,86.0,2.0
Megalara Garuda,1088.0,begSP,0.03409823811,369.5361132,372.0,414.0,414.0,5.0,985932.0,1000000.0,144.0,26.0,138.0,0.0
Yuni's Nocturnal Days,1000.0,BSP,0.03396071041,599.3057295,604.0,672.0,672.0,6.0,984352.0,1000000.0,232.0,41.0,224.0,12.0
Beautiful Inside (Cube::Hard Mix),278.0,begSP,0.03392259166,178.4251658,183.0,204.0,204.0,3.0,979756.0,1000000.0,106.0,47.0,68.0,0.0
sola,546.0,begSP,0.03379426008,268.4718363,272.0,303.0,303.0,2.0,983752.0,1000000.0,121.0,43.0,101.0,1.0
Taj He Spitz (Tommie Sunshine's Brooklyn Fire Re-Touch),317.0,DDP,0.03363018983,625.9262783,629.0,699.0,699.0,7.0,985167.0,1000000.0,125.0,11.0,233.0,17.0
BALLAD THE FEATHERS,342.0,BSP,0.0334676656,347.7115125,351.0,390.0,390.0,4.0,985434.0,1000000.0,147.0,41.0,130.0,0.0
DROP,349.0,begSP,0.0334350929,194.7932847,197.0,219.0,219.0,1.0,985147.0,1000000.0,289.0,94.0,73.0,0.0
Pink Rose,128.0,begSP,0.03334420865,221.3477134,226.0,252.0,252.0,3.0,981238.0,1000000.0,224.0,92.0,84.0,0.0
イノセントバイブル,974.0,begSP,0.03333848896,168.7871082,170.0,189.0,189.0,1.0,983713.0,1000000.0,253.0,60.0,63.0,7.0
ラブキラ☆スプラッシュ,927.0,BDP,0.03313702691,697.9682695,702.0,780.0,780.0,6.0,984033.0,1000000.0,227.0,23.0,260.0,28.0
Nostalgia Is Lost,612.0,begSP,0.03286314203,352.977324,359.0,399.0,399.0,3.0,981363.0,1000000.0,123.0,48.0,133.0,6.0
Worst Plan,1074.0,begSP,0.03273679652,431.6224083,437.0,486.0,486.0,4.0,983062.0,1000000.0,110.0,37.0,162.0,9.0
HEARTBREAK (Sound Selektaz remix),415.0,BSP,0.03257113845,340.4693676,345.0,384.0,384.0,4.0,981271.0,1000000.0,191.0,65.0,128.0,12.0
High &amp; Low,1017.0,DSP,0.03219814638,1144.848267,1150.0,1278.0,1278.0,12.0,985943.0,1000000.0,1103.0,18.0,426.0,8.0
Condor,498.0,begSP,0.03213937669,242.2462032,245.0,273.0,273.0,2.0,984409.0,1000000.0,173.0,57.0,91.0,0.0
Surrender (PureFocus remix),1192.0,DDP,0.03203497982,804.170163,807.0,897.0,897.0,10.0,985452.0,1000000.0,80.0,3.0,299.0,20.0
ちくわパフェだよ☆ＣＫＰ (Yvya Remix),1245.0,ESP,0.03186953756,1218.10617,1223.0,1359.0,1359.0,12.0,985315.0,1000000.0,300.0,6.0,453.0,24.0
DIGITALIZER,954.0,BSP,0.03153461493,724.21466,729.0,810.0,810.0,8.0,984420.0,1000000.0,395.0,48.0,270.0,21.0
Prettiful!,1123.0,begSP,0.03151201546,201.8785067,205.0,228.0,228.0,2.0,983090.0,1000000.0,99.0,40.0,76.0,0.0
妄想税,825.0,begSP,0.03142357975,347.9220615,351.0,390.0,390.0,2.0,982984.0,1000000.0,163.0,44.0,130.0,16.0
message,451.0,ESP,0.03135510833,913.5304547,918.0,1020.0,1020.0,11.0,985259.0,1000000.0,1121.0,35.0,340.0,20.0
Silver Platform - I wanna get your heart -,258.0,BSP,0.03091208651,534.5209749,540.0,600.0,600.0,5.0,981210.0,1000000.0,158.0,45.0,200.0,31.0
glacia,1087.0,begSP,0.0308900606,461.1151963,467.0,519.0,519.0,4.0,983486.0,1000000.0,119.0,41.0,173.0,6.0
革命パッショネイト,845.0,begSP,0.030865429,294.0954749,297.0,330.0,330.0,3.0,983034.0,1000000.0,178.0,54.0,110.0,12.0
Party Lights,306.0,DDP,0.03084652187,515.7758623,518.0,576.0,576.0,6.0,984660.0,1000000.0,125.0,10.0,192.0,19.0
will,331.0,DSP,0.03046111823,504.1135026,507.0,564.0,564.0,7.0,982463.0,1000000.0,288.0,34.0,188.0,30.0
UNBELIEVABLE (Sparky remix),430.0,BSP,0.03043611772,697.347147,702.0,780.0,780.0,7.0,982403.0,1000000.0,642.0,75.0,260.0,41.0
Sacred Oath,382.0,begSP,0.03043493041,172.7035335,175.0,195.0,195.0,2.0,983839.0,1000000.0,172.0,65.0,65.0,0.0
Run The Show,988.0,begSP,0.03031878137,328.9481009,334.0,372.0,372.0,4.0,983092.0,1000000.0,106.0,41.0,124.0,1.0
THE ANCIENT KING IS BACK,1126.0,BDP,0.03031866352,743.2917667,747.0,831.0,831.0,7.0,984722.0,1000000.0,198.0,16.0,277.0,20.0
TRUE&hearts;LOVE (Clubstar's True Club Mix),1085.0,DSP,0.03026342489,708.9063091,712.0,792.0,792.0,9.0,986226.0,1000000.0,190.0,11.0,264.0,4.0
Baile Le Samba,148.0,BSP,0.03024514158,146.5568781,148.0,165.0,165.0,3.0,989310.0,1000000.0,137.0,47.0,55.0,0.0
Sand Blow,637.0,begSP,0.03013460194,392.4768098,396.0,441.0,441.0,3.0,983417.0,1000000.0,118.0,33.0,147.0,11.0
Try 2 Luv. U,211.0,DSP,0.03002933,377.4817612,380.0,423.0,423.0,6.0,983301.0,1000000.0,169.0,33.0,141.0,16.0
Fly away,163.0,BDP,0.02994656627,313.3445834,315.0,351.0,351.0,3.0,985429.0,1000000.0,261.0,33.0,117.0,4.0
LOVE SHINE (Body Grooverz 2006 mix),1171.0,DDP,0.02990651279,1005.308638,1009.0,1122.0,1122.0,11.0,985755.0,1000000.0,119.0,4.0,374.0,14.0
TRUE&hearts;LOVE,210.0,begSP,0.02965408635,345.8962698,353.0,393.0,393.0,4.0,981002.0,1000000.0,137.0,57.0,131.0,0.0
ほしのつくりかた,1031.0,ESP,0.02958554016,1068.535992,1074.0,1194.0,1194.0,14.0,985960.0,1000000.0,1349.0,47.0,398.0,3.0
One Sided Love,621.0,begSP,0.02950764514,210.2134978,213.0,237.0,237.0,2.0,984376.0,1000000.0,257.0,94.0,79.0,0.0
Look at the Sky,1151.0,begSP,0.02940404477,104.0722736,105.0,117.0,117.0,1.0,981823.0,1000000.0,125.0,44.0,39.0,5.0
カゲロウ,216.0,BSP,0.0293049274,427.8310774,432.0,480.0,480.0,4.0,985134.0,1000000.0,149.0,44.0,160.0,3.0
The World Ends Now,886.0,BSP,0.02926068981,888.7530324,893.0,993.0,993.0,9.0,985176.0,1000000.0,506.0,24.0,331.0,18.0
Summer fantasy (Darwin remix),663.0,BDP,0.02921129912,526.0411766,529.0,588.0,588.0,7.0,985720.0,1000000.0,181.0,25.0,196.0,8.0
heron,493.0,BDP,0.02920187823,464.873146,467.0,519.0,519.0,6.0,984970.0,1000000.0,195.0,18.0,173.0,16.0
WARNING&times;WARNING&times;WARNING,1070.0,DSP,0.02918306454,1026.69163,1031.0,1146.0,1146.0,10.0,983837.0,1000000.0,469.0,13.0,382.0,45.0
1998 (Sparky 2006),1050.0,BDP,0.02913297591,580.9435876,583.0,648.0,648.0,8.0,986570.0,1000000.0,135.0,6.0,216.0,6.0
CaptivAte～誓い～,233.0,begSP,0.02910718741,265.7285435,270.0,300.0,300.0,4.0,983674.0,1000000.0,145.0,58.0,100.0,0.0
Fever,406.0,BSP,0.02906902268,380.1799811,383.0,426.0,426.0,4.0,985668.0,1000000.0,234.0,51.0,142.0,2.0
SUNKiSS&hearts;DROP,263.0,BDP,0.02896235971,361.7701123,364.0,405.0,405.0,4.0,985977.0,1000000.0,301.0,49.0,135.0,2.0
Play Hard,876.0,BDP,0.02895499778,504.2048768,507.0,564.0,564.0,5.0,984622.0,1000000.0,145.0,21.0,188.0,15.0
ONYX,1006.0,BSP,0.02884103214,848.6716563,853.0,948.0,948.0,8.0,985649.0,1000000.0,455.0,30.0,316.0,12.0
jane jana,118.0,ESP,0.02867104575,814.7699775,818.0,909.0,909.0,10.0,986833.0,1000000.0,1138.0,20.0,303.0,0.0
Funk Boogie,166.0,DDP,0.02863720824,512.7481792,515.0,573.0,573.0,6.0,986017.0,1000000.0,148.0,13.0,191.0,6.0
BABY BABY GIMME YOUR LOVE,29.0,DSP,0.02811486345,294.7571123,297.0,330.0,330.0,4.0,986319.0,1000000.0,191.0,49.0,110.0,0.0
Freeway Shuffle,244.0,BDP,0.02800153085,519.9592382,523.0,582.0,582.0,5.0,984823.0,1000000.0,193.0,29.0,194.0,12.0
Kill The Night,1233.0,DDP,0.02770508577,1043.496427,1047.0,1164.0,1164.0,11.0,985739.0,1000000.0,80.0,3.0,388.0,17.0
Beautiful Inside (Cube::Hard Mix),278.0,ESP,0.02767748837,725.3037889,729.0,810.0,810.0,10.0,984514.0,1000000.0,783.0,51.0,270.0,26.0
I'm Flying Away,1048.0,BSP,0.02762347488,417.2892221,423.0,471.0,471.0,5.0,981511.0,1000000.0,125.0,46.0,157.0,12.0
TIERRA BUENA,207.0,BSP,0.02756839623,348.5371126,351.0,390.0,390.0,4.0,985518.0,1000000.0,115.0,29.0,130.0,5.0
Worst Plan,1074.0,BDP,0.02743333228,726.3644943,729.0,810.0,810.0,7.0,983562.0,1000000.0,158.0,7.0,270.0,41.0
STILL IN MY HEART,59.0,begSP,0.02734941814,311.0982595,315.0,351.0,351.0,3.0,983958.0,1000000.0,168.0,60.0,117.0,0.0
Programmed Universe,407.0,begSP,0.02716372425,251.048522,253.0,282.0,282.0,2.0,985293.0,1000000.0,119.0,34.0,94.0,0.0
Bounce Trippy,907.0,DSP,0.02703765763,1044.724148,1050.0,1167.0,1167.0,11.0,985488.0,1000000.0,833.0,43.0,389.0,14.0
stoic (EXTREME version),131.0,begSP,0.02698637335,268.1632639,275.0,306.0,306.0,3.0,980426.0,1000000.0,130.0,58.0,102.0,0.0
Starry HEAVEN,504.0,begSP,0.02683944635,204.2958462,207.0,231.0,231.0,2.0,982624.0,1000000.0,118.0,46.0,77.0,0.0
走れメロンパン,1247.0,BDP,0.02676594597,367.370875,369.0,411.0,411.0,5.0,985297.0,1000000.0,56.0,9.0,137.0,4.0
Trim,265.0,BDP,0.02666269813,555.8806575,558.0,621.0,621.0,6.0,984903.0,1000000.0,162.0,10.0,207.0,17.0
ZEPHYRANTHES,741.0,begSP,0.02653100405,382.8685716,386.0,429.0,429.0,3.0,985415.0,1000000.0,363.0,89.0,143.0,4.0
SEDUCTION,201.0,BSP,0.02651425543,469.0415117,472.0,525.0,525.0,6.0,982954.0,1000000.0,165.0,32.0,175.0,24.0
HYPERDRIVE,948.0,BSP,0.02649687447,629.5279872,634.0,705.0,705.0,6.0,984800.0,1000000.0,268.0,51.0,235.0,12.0
PUT YOUR FAITH IN ME (DA's Twinkly Disco Remix),483.0,begSP,0.02633025931,133.9928293,135.0,150.0,150.0,1.0,985905.0,1000000.0,253.0,77.0,50.0,1.0
JUST BELIEVE,1170.0,BSP,0.02631345529,521.7239604,526.0,585.0,585.0,7.0,984736.0,1000000.0,93.0,26.0,195.0,8.0
Colors ～for EXTREME～,106.0,begSP,0.02624387105,314.3496335,318.0,354.0,354.0,3.0,984577.0,1000000.0,162.0,57.0,118.0,0.0
DOWNER &amp; UPPER,884.0,BSP,0.02614999659,466.2943675,469.0,522.0,522.0,6.0,985853.0,1000000.0,241.0,38.0,174.0,3.0
炉心融解,785.0,BSP,0.02613205619,548.8114659,553.0,615.0,615.0,6.0,983423.0,1000000.0,455.0,91.0,205.0,21.0
Fleur,1057.0,BDP,0.02611851141,798.3664347,801.0,891.0,891.0,9.0,985529.0,1000000.0,167.0,5.0,297.0,17.0
Yuni's Nocturnal Days,1000.0,DSP,0.02595920401,943.260794,947.0,1053.0,1053.0,10.0,985132.0,1000000.0,532.0,16.0,351.0,23.0
Metamorphic,1256.0,DDP,0.02593437675,1365.266105,1368.0,1519.0,1521.0,14.0,986604.0,999980.0,78.0,0.0,507.0,1.0
SO IN LOVE,129.0,begSP,0.02548809325,176.2901102,178.0,198.0,198.0,3.0,985439.0,1000000.0,107.0,39.0,66.0,0.0
Show me your moves,812.0,begSP,0.02517863322,411.2911439,415.0,462.0,462.0,3.0,982507.0,1000000.0,365.0,98.0,154.0,17.0
Sakura Reflection,788.0,begSP,0.02508016936,282.8194022,286.0,318.0,318.0,4.0,985111.0,1000000.0,326.0,111.0,106.0,0.0
TIME,443.0,begSP,0.02500920457,176.6547424,178.0,198.0,198.0,1.0,986070.0,1000000.0,206.0,62.0,66.0,0.0
TSUBASA,669.0,begSP,0.02478527699,370.5443627,375.0,417.0,417.0,2.0,984361.0,1000000.0,170.0,61.0,139.0,2.0
Run The Show,988.0,BDP,0.02463864619,504.8081507,507.0,564.0,564.0,7.0,986393.0,1000000.0,143.0,16.0,188.0,3.0
south,496.0,BSP,0.02461918192,438.4865057,442.0,492.0,492.0,5.0,984604.0,1000000.0,194.0,51.0,164.0,7.0
SUPER SUMMER SALE,808.0,begSP,0.0245171453,245.8755121,248.0,276.0,276.0,2.0,985645.0,1000000.0,217.0,67.0,92.0,0.0
MY SUMMER LOVE,41.0,ESP,0.02443542843,698.4941604,702.0,780.0,780.0,12.0,986691.0,1000000.0,1749.0,111.0,260.0,0.0
Taj He Spitz,316.0,BSP,0.02442729575,386.8681756,391.0,435.0,435.0,4.0,982225.0,1000000.0,124.0,43.0,145.0,14.0
Too Late Snow,1093.0,begSP,0.02438067299,282.1928056,286.0,318.0,318.0,2.0,981031.0,1000000.0,108.0,43.0,106.0,10.0
最速最高シャッターガール,1142.0,DSP,0.02432603841,1208.263711,1212.0,1347.0,1347.0,12.0,985736.0,1000000.0,622.0,5.0,449.0,20.0
KISS KISS KISS,120.0,BDP,0.02428881961,485.2068306,488.0,543.0,543.0,5.0,984389.0,1000000.0,171.0,31.0,181.0,14.0
LOVE &amp; JOY,411.0,begSP,0.02426467376,275.9863532,278.0,309.0,309.0,2.0,982839.0,1000000.0,35.0,12.0,103.0,0.0
Everything I Need,513.0,begSP,0.02422755149,174.0219356,175.0,195.0,195.0,1.0,986164.0,1000000.0,220.0,50.0,65.0,0.0
Trust -DanceDanceRevolution mix-,267.0,begSP,0.02422344126,199.4603334,202.0,225.0,225.0,3.0,984203.0,1000000.0,134.0,53.0,75.0,0.0
MARS WAR 3,247.0,DSP,0.02392345693,692.7279492,696.0,774.0,774.0,8.0,985171.0,1000000.0,188.0,21.0,258.0,16.0
Electric Dance System Music,706.0,begSP,0.02389026665,264.9962663,267.0,297.0,297.0,2.0,985367.0,1000000.0,242.0,67.0,99.0,3.0
1998 (Sparky 2006),1050.0,ESP,0.02352880025,1250.827946,1255.0,1395.0,1395.0,14.0,985921.0,1000000.0,1014.0,10.0,465.0,13.0
虹色,224.0,BDP,0.02349663325,281.698128,283.0,315.0,315.0,4.0,986681.0,1000000.0,262.0,38.0,105.0,0.0
叛逆のディスパレート,960.0,begSP,0.0234180777,240.9314224,243.0,270.0,270.0,3.0,984572.0,1000000.0,185.0,60.0,90.0,6.0
Top The Charts,519.0,ESP,0.02326142466,876.4738485,880.0,978.0,978.0,12.0,985299.0,1000000.0,1446.0,43.0,326.0,22.0
ちゅ～いん☆バニー,592.0,BSP,0.02317879393,439.0096751,442.0,492.0,492.0,6.0,984390.0,1000000.0,256.0,57.0,164.0,11.0
little steps,1160.0,ESP,0.02296910819,1336.741767,1341.0,1491.0,1491.0,15.0,985539.0,1000000.0,768.0,7.0,497.0,20.0
Playa (Original Mix),307.0,BDP,0.02288939252,365.1970137,367.0,408.0,408.0,4.0,986767.0,1000000.0,161.0,28.0,136.0,0.0
DROP THE BOMB(SyS.F. Mix),110.0,DSP,0.02278503376,611.337414,615.0,684.0,684.0,7.0,982627.0,1000000.0,361.0,59.0,228.0,34.0
妄想感傷代償連盟,881.0,begSP,0.02273490484,195.0580892,197.0,219.0,219.0,2.0,984005.0,1000000.0,199.0,72.0,73.0,5.0
Ace out,879.0,BSP,0.02256640298,553.2826036,556.0,618.0,618.0,5.0,986263.0,1000000.0,286.0,37.0,206.0,5.0
走れメロンパン,1247.0,ESP,0.02254138653,1184.256276,1188.0,1320.0,1320.0,14.0,985648.0,1000000.0,441.0,7.0,440.0,23.0
TOMORROW,208.0,begSP,0.02251876868,244.4871447,248.0,276.0,276.0,3.0,983518.0,1000000.0,111.0,46.0,92.0,1.0
Right on time (Ryu☆Remix),554.0,BSP,0.02218562563,515.3769905,518.0,576.0,576.0,6.0,985282.0,1000000.0,312.0,44.0,192.0,12.0
Destination,638.0,begSP,0.02213467329,388.5367796,391.0,435.0,435.0,4.0,984176.0,1000000.0,215.0,49.0,145.0,13.0
Empathetic,534.0,begSP,0.02190079334,427.3789183,442.0,492.0,492.0,4.0,973203.0,1000000.0,125.0,58.0,164.0,18.0
MAKE IT BETTER (So-REAL Mix),476.0,begSP,0.02182047901,241.4021948,243.0,270.0,270.0,2.0,986704.0,1000000.0,146.0,42.0,90.0,0.0
叛逆のディスパレート,960.0,BDP,0.02177608928,535.0189934,537.0,597.0,597.0,7.0,984992.0,1000000.0,235.0,18.0,199.0,19.0
TIME,443.0,DSP,0.02132314962,601.231935,604.0,672.0,672.0,7.0,985379.0,1000000.0,140.0,20.0,224.0,12.0
Mind Parasite,184.0,begSP,0.02130472319,210.5097552,213.0,237.0,237.0,3.0,983444.0,1000000.0,112.0,45.0,79.0,0.0
Beluga,1073.0,begSP,0.02126223344,68.87154511,70.0,78.0,78.0,1.0,982934.0,1000000.0,306.0,137.0,26.0,0.0
Not Alone,1217.0,BSP,0.02124798956,569.4185772,572.0,636.0,636.0,7.0,986757.0,1000000.0,168.0,23.0,212.0,0.0
SOUL CRASH,259.0,BDP,0.02123295628,523.9223786,526.0,585.0,585.0,6.0,985697.0,1000000.0,140.0,16.0,195.0,11.0
虹色の花,530.0,begSP,0.02118033125,246.8309797,251.0,279.0,279.0,3.0,981870.0,1000000.0,108.0,47.0,93.0,1.0
GRADUATION ～それぞれの明日～,113.0,BSP,0.02100866701,295.479259,297.0,330.0,330.0,3.0,986913.0,1000000.0,174.0,37.0,110.0,0.0
TRIP MACHINE survivor,136.0,begSP,0.02098880598,323.2921686,326.0,363.0,363.0,4.0,985079.0,1000000.0,95.0,32.0,121.0,0.0
GOLD RUSH,354.0,begSP,0.02081037315,206.3067274,210.0,234.0,234.0,2.0,981839.0,1000000.0,184.0,80.0,78.0,0.0
この青空の下で,692.0,ESP,0.02068446314,1103.702526,1109.0,1233.0,1233.0,11.0,985949.0,1000000.0,2339.0,125.0,411.0,4.0
Dazzlin' Darlin-秋葉工房mix-,346.0,BSP,0.02021025607,502.9599869,507.0,564.0,564.0,5.0,984608.0,1000000.0,436.0,115.0,188.0,9.0
スカイクラッドの観測者,1002.0,BDP,0.02020927907,585.4961958,588.0,654.0,654.0,6.0,986143.0,1000000.0,245.0,28.0,218.0,6.0
Twinkle Wonderland,982.0,begSP,0.02004647506,310.7893958,315.0,351.0,351.0,3.0,980716.0,1000000.0,110.0,45.0,117.0,12.0
Hoping To Be Good,511.0,BDP,0.01989069924,332.6266135,334.0,372.0,372.0,5.0,984517.0,1000000.0,122.0,20.0,124.0,11.0
&Omega;VERSOUL,918.0,begSP,0.01982092301,379.1871002,383.0,426.0,426.0,3.0,983414.0,1000000.0,157.0,56.0,142.0,10.0
チルノのパーフェクトさんすう教室,761.0,begSP,0.01973965743,385.7135645,388.0,432.0,432.0,3.0,979550.0,1000000.0,339.0,72.0,144.0,35.0
Glitter Flatter Scatter,1092.0,BDP,0.0196447828,804.8149304,807.0,897.0,897.0,9.0,986724.0,1000000.0,155.0,5.0,299.0,6.0
Flow,161.0,BDP,0.0195883679,504.9831037,507.0,564.0,564.0,6.0,984789.0,1000000.0,147.0,19.0,188.0,17.0
Go&darr;Go&uarr;Girls&amp;Boys!,627.0,ESP,0.01933039605,989.3926711,993.0,1104.0,1104.0,11.0,985652.0,1000000.0,1557.0,45.0,368.0,17.0
air,102.0,BDP,0.01926452051,313.6492961,315.0,351.0,351.0,5.0,986425.0,1000000.0,180.0,30.0,117.0,0.0
ACROSS WORLD,537.0,BSP,0.01915402492,322.0429306,324.0,360.0,360.0,4.0,984070.0,1000000.0,160.0,43.0,120.0,14.0
Chance and Dice,281.0,BSP,0.01907112816,459.6929537,464.0,516.0,516.0,5.0,984352.0,1000000.0,220.0,73.0,172.0,8.0
One Sided Love,621.0,BSP,0.01901717954,297.0410624,299.0,333.0,333.0,5.0,985958.0,1000000.0,346.0,90.0,111.0,0.0
La libertad,363.0,BSP,0.01890893911,366.3205521,369.0,411.0,411.0,5.0,985482.0,1000000.0,191.0,56.0,137.0,1.0
Hunny Bunny,912.0,BDP,0.01882086738,440.3526092,442.0,492.0,492.0,6.0,986023.0,1000000.0,204.0,23.0,164.0,6.0
Hunny Bunny,912.0,begSP,0.01879190124,249.1041122,251.0,279.0,279.0,2.0,984492.0,1000000.0,179.0,59.0,93.0,6.0
LOVE IS THE POWER -Re:born-,478.0,BSP,0.01876738846,430.2021228,432.0,480.0,480.0,6.0,986687.0,1000000.0,220.0,32.0,160.0,4.0
PARANOIA EVOLUTION,43.0,begSP,0.01870446323,385.3466742,388.0,432.0,432.0,5.0,985872.0,1000000.0,161.0,46.0,144.0,0.0
HYSTERIA,38.0,BDP,0.01860383346,424.0376081,426.0,474.0,474.0,4.0,986681.0,1000000.0,194.0,34.0,158.0,0.0
Star Gate Heaven,204.0,begSP,0.01852611634,256.6415747,261.0,291.0,291.0,3.0,982013.0,1000000.0,121.0,53.0,97.0,0.0
siberite,689.0,begSP,0.01842592354,203.5028374,205.0,228.0,228.0,2.0,985884.0,1000000.0,150.0,51.0,76.0,0.0
Beluga,1073.0,DDP,0.01835904246,562.3662003,564.0,627.0,627.0,7.0,985551.0,1000000.0,202.0,11.0,209.0,17.0
Hold Tight,1169.0,BDP,0.01821299618,238.8737159,240.0,267.0,267.0,3.0,984377.0,1000000.0,72.0,19.0,89.0,9.0
L'amour et la libert&eacute;(Darwin &amp; DJ Silver remix),246.0,BSP,0.01814063662,377.4445301,380.0,423.0,423.0,4.0,984362.0,1000000.0,128.0,38.0,141.0,10.0
MY SUMMER LOVE,41.0,begSP,0.01811078209,172.0845036,175.0,195.0,195.0,3.0,982752.0,1000000.0,183.0,81.0,65.0,0.0
BONE BORN,1136.0,BSP,0.01787881488,510.982409,513.0,570.0,570.0,5.0,986315.0,1000000.0,270.0,33.0,190.0,8.0
虹色の花,530.0,BSP,0.01765467021,595.655904,599.0,666.0,666.0,5.0,982608.0,1000000.0,148.0,34.0,222.0,35.0
SEXY PLANET,44.0,begSP,0.01759773873,200.301218,202.0,225.0,225.0,3.0,984320.0,1000000.0,135.0,50.0,75.0,0.0
向日葵サンセット,762.0,BDP,0.0168892054,421.640349,423.0,471.0,471.0,5.0,982536.0,1000000.0,315.0,26.0,157.0,28.0
宇宙(ソラ)への片道切符,705.0,BSP,0.0166429494,431.4262334,434.0,483.0,483.0,7.0,985824.0,1000000.0,809.0,171.0,161.0,3.0
Starlight Fantasia (Endorphins Mix),647.0,begSP,0.0164142664,437.6417836,440.0,489.0,489.0,3.0,985556.0,1000000.0,115.0,30.0,163.0,9.0
星屑の夜果て,925.0,BSP,0.01639410569,903.6202199,907.0,1008.0,1008.0,8.0,985067.0,1000000.0,530.0,40.0,336.0,27.0
jet coaster☆girl,1044.0,DDP,0.01638820883,801.8033424,804.0,894.0,894.0,10.0,986477.0,1000000.0,246.0,10.0,298.0,8.0
ミッドナイト☆WAR,895.0,begSP,0.01635959157,313.1202935,315.0,351.0,351.0,3.0,985237.0,1000000.0,215.0,59.0,117.0,3.0
FIRE FIRE,351.0,begSP,0.01631234985,374.8761764,378.0,420.0,420.0,3.0,985864.0,1000000.0,166.0,58.0,140.0,0.0
Do The Evolution,585.0,begSP,0.01623516162,251.5798521,253.0,282.0,282.0,1.0,986058.0,1000000.0,320.0,83.0,94.0,0.0
SMASH,1201.0,BSP,0.01611433839,664.3816294,666.0,741.0,741.0,7.0,985694.0,1000000.0,95.0,5.0,247.0,16.0
Synergy For Angels,533.0,begSP,0.01587630008,306.1852717,310.0,345.0,345.0,3.0,981633.0,1000000.0,152.0,63.0,115.0,10.0
Cosmic Hurricane,490.0,begSP,0.01584458017,282.7683102,286.0,318.0,318.0,3.0,983980.0,1000000.0,162.0,66.0,106.0,4.0
little steps,1160.0,DDP,0.01539945104,826.2590758,828.0,921.0,921.0,11.0,986286.0,1000000.0,121.0,3.0,307.0,12.0
Your Angel,400.0,BDP,0.01525739953,400.6448845,402.0,447.0,447.0,4.0,985186.0,1000000.0,194.0,26.0,149.0,14.0
Racing with Time (NAOKI's 999 remix),1190.0,ESP,0.01520497593,1310.998266,1314.0,1461.0,1461.0,15.0,986232.0,1000000.0,636.0,5.0,487.0,10.0
おねがいダーリン,795.0,ESP,0.01511232226,1216.25292,1220.0,1356.0,1356.0,11.0,985853.0,1000000.0,1968.0,44.0,452.0,17.0
TimeHollow,323.0,begSP,0.0151083327,152.2357018,153.0,171.0,171.0,2.0,985545.0,1000000.0,119.0,36.0,57.0,0.0
Malacca,296.0,DDP,0.01503693425,508.6581224,510.0,567.0,567.0,7.0,986862.0,1000000.0,122.0,10.0,189.0,3.0
Stay 4 Ever,903.0,DSP,0.01498891863,647.7708263,650.0,723.0,723.0,9.0,986373.0,1000000.0,303.0,30.0,241.0,6.0
Lightspeed,978.0,begSP,0.01491539834,409.2655247,413.0,459.0,459.0,4.0,984720.0,1000000.0,147.0,55.0,153.0,6.0
IRON HEART,902.0,BSP,0.01459556308,561.9734127,564.0,627.0,627.0,7.0,986585.0,1000000.0,233.0,31.0,209.0,5.0
Inner Spirit -GIGA HiTECH MIX-,970.0,begSP,0.01453805439,350.6384334,353.0,393.0,393.0,3.0,984806.0,1000000.0,130.0,43.0,131.0,6.0
花は折りたし梢は高し,959.0,BDP,0.01447479368,416.8273728,418.0,465.0,465.0,5.0,986472.0,1000000.0,190.0,18.0,155.0,6.0
Mind Parasite,184.0,ESP,0.01443137077,958.5493352,961.0,1068.0,1068.0,13.0,985548.0,1000000.0,1573.0,23.0,356.0,26.0
You are a Star,399.0,begSP,0.01438734371,192.3104527,197.0,219.0,219.0,2.0,981166.0,1000000.0,200.0,94.0,73.0,0.0
sakura storm,383.0,BSP,0.01435803373,337.847215,340.0,378.0,378.0,4.0,985510.0,1000000.0,300.0,90.0,126.0,5.0
STRAIGHT JET,412.0,ESP,0.0143375288,913.1451754,915.0,1017.0,1017.0,11.0,985504.0,1000000.0,343.0,4.0,339.0,28.0
PUT YOUR FAITH IN ME ～SATURDAY NIGHT MIX～,193.0,begSP,0.01432259706,207.9840893,210.0,234.0,234.0,3.0,983981.0,1000000.0,107.0,44.0,78.0,0.0
High &amp; Low,1017.0,begSP,0.01423503685,405.1955658,407.0,453.0,453.0,4.0,986532.0,1000000.0,271.0,55.0,151.0,1.0
CyberConnect,921.0,BSP,0.01422225416,639.912195,642.0,714.0,714.0,7.0,985459.0,1000000.0,302.0,29.0,238.0,17.0
Awakening Wings,1140.0,DSP,0.01421553778,729.0833691,731.0,813.0,813.0,10.0,985839.0,1000000.0,289.0,14.0,271.0,16.0
マインド・ゲーム,568.0,BDP,0.01413401452,643.0956288,645.0,717.0,717.0,7.0,985215.0,1000000.0,185.0,17.0,239.0,22.0
PUT YOUR FAITH IN ME ～SATURDAY NIGHT MIX～,193.0,BDP,0.01412632425,340.935354,342.0,381.0,381.0,5.0,986164.0,1000000.0,129.0,19.0,127.0,4.0
Let the beat hit em!(CLASSIC R&amp;B STYLE),64.0,BDP,0.01407154084,359.5435505,361.0,402.0,402.0,6.0,986660.0,1000000.0,166.0,34.0,134.0,0.0
printemps,565.0,BDP,0.01400148729,416.6078208,418.0,465.0,465.0,5.0,986444.0,1000000.0,169.0,25.0,155.0,5.0
ちゅ～いん☆バニー,592.0,begSP,0.01397093293,255.944111,259.0,288.0,288.0,3.0,984720.0,1000000.0,148.0,63.0,96.0,0.0
&Omega;VERSOUL,918.0,BDP,0.0139404225,592.1511692,594.0,660.0,660.0,6.0,986120.0,1000000.0,216.0,23.0,220.0,13.0
Together Going My Way,932.0,ESP,0.01391718104,982.6867879,985.0,1095.0,1095.0,13.0,985593.0,1000000.0,1344.0,15.0,365.0,25.0
Ah La La La,508.0,BDP,0.01391364505,424.6907664,426.0,474.0,474.0,5.0,984257.0,1000000.0,165.0,21.0,158.0,20.0
Ah La La La,508.0,BSP,0.01386382657,412.973618,415.0,462.0,462.0,5.0,982874.0,1000000.0,159.0,40.0,154.0,22.0
AWAKE,652.0,BSP,0.01384392936,507.4144356,510.0,567.0,567.0,5.0,985325.0,1000000.0,515.0,109.0,189.0,12.0
Eternal Summer,802.0,BSP,0.01379192487,736.5745824,739.0,822.0,822.0,6.0,984762.0,1000000.0,302.0,29.0,274.0,26.0
Another Phase,526.0,begSP,0.01373572051,368.7702404,372.0,414.0,414.0,4.0,983441.0,1000000.0,258.0,94.0,138.0,11.0
KUNG FU FIGHTING,472.0,begSP,0.01344032196,201.0474087,202.0,225.0,225.0,2.0,983669.0,1000000.0,31.0,11.0,75.0,0.0
EMOTiON TRiPPER,1221.0,begSP,0.0134266222,104.1597307,105.0,117.0,117.0,1.0,984031.0,1000000.0,110.0,46.0,39.0,2.0
CUTIE CHASER(MORNING MIX),107.0,DDP,0.01341441406,435.7774986,437.0,486.0,486.0,6.0,987327.0,1000000.0,163.0,18.0,162.0,0.0
PUT YOUR FAITH IN ME ～SATURDAY NIGHT MIX～,193.0,BSP,0.01339362725,370.0720369,372.0,414.0,414.0,5.0,985514.0,1000000.0,129.0,37.0,138.0,6.0
TIERRA BUENA,207.0,BDP,0.01329802074,344.013108,345.0,384.0,384.0,4.0,984334.0,1000000.0,175.0,22.0,128.0,16.0
ラブキラ☆スプラッシュ,927.0,BSP,0.01322716639,723.6821376,726.0,807.0,807.0,6.0,984617.0,1000000.0,319.0,31.0,269.0,30.0
heron,493.0,begSP,0.01314653115,251.9937875,259.0,288.0,288.0,3.0,977127.0,1000000.0,145.0,69.0,96.0,2.0
FUNKY SUMMER BEACH,631.0,begSP,0.01310043619,311.3753319,313.0,348.0,348.0,3.0,984696.0,1000000.0,171.0,50.0,116.0,11.0
Twin memories W,780.0,DSP,0.01304252186,782.8500867,785.0,873.0,873.0,9.0,985708.0,1000000.0,383.0,22.0,291.0,18.0
Decade,347.0,BDP,0.01299609183,473.4501653,475.0,528.0,528.0,5.0,986343.0,1000000.0,192.0,28.0,176.0,8.0
HARD BRAIN,964.0,BDP,0.0129686107,744.677965,747.0,831.0,831.0,7.0,985210.0,1000000.0,304.0,28.0,277.0,21.0
dazzle,286.0,ESP,0.01294771298,718.0810198,720.0,801.0,801.0,10.0,985648.0,1000000.0,852.0,34.0,267.0,17.0
ポッピンキャンディ☆フィーバー！,1207.0,begSP,0.01293959811,130.4413272,132.0,147.0,147.0,2.0,990660.0,1000000.0,107.0,48.0,49.0,4.0
You,512.0,BDP,0.01290117056,350.0800871,351.0,390.0,390.0,3.0,982238.0,1000000.0,248.0,25.0,130.0,29.0
Malacca,296.0,ESP,0.01244315978,624.3696575,626.0,696.0,696.0,10.0,987011.0,1000000.0,740.0,36.0,232.0,3.0
C-C-C-N-N-N,1214.0,BSP,0.01242685944,516.5524277,518.0,576.0,576.0,5.0,985405.0,1000000.0,142.0,17.0,192.0,16.0
KISS KISS KISS,120.0,begSP,0.01241047298,284.047507,288.0,321.0,321.0,4.0,983469.0,1000000.0,145.0,64.0,107.0,0.0
恋のパズルマジック,766.0,BDP,0.01226546333,438.9182275,440.0,489.0,489.0,6.0,986062.0,1000000.0,283.0,22.0,163.0,12.0
BRE&forall;K DOWN！,70.0,BSP,0.01218640238,405.4528753,407.0,453.0,453.0,5.0,985851.0,1000000.0,274.0,52.0,151.0,7.0
惑星☆ロリポップ,1135.0,begSP,0.01199395086,230.2235524,232.0,258.0,258.0,2.0,985113.0,1000000.0,250.0,95.0,86.0,4.0
MARS WAR 3,247.0,ESP,0.01194962976,1090.144475,1093.0,1215.0,1215.0,11.0,986042.0,1000000.0,979.0,32.0,405.0,16.0
Feidie,929.0,BDP,0.01194158,596.9904211,599.0,666.0,666.0,6.0,986618.0,1000000.0,186.0,29.0,222.0,5.0
アユミ☆マジカルショータイム,1067.0,BDP,0.01190802553,457.550507,459.0,510.0,510.0,5.0,986229.0,1000000.0,227.0,34.0,170.0,10.0
Go&darr;Go&uarr;Girls&amp;Boys!,627.0,BSP,0.01171382335,547.6258723,550.0,612.0,612.0,5.0,985907.0,1000000.0,304.0,64.0,204.0,7.0
Go&darr;Go&uarr;Girls&amp;Boys!,627.0,begSP,0.01168656427,376.2270137,380.0,423.0,423.0,3.0,982031.0,1000000.0,185.0,75.0,141.0,16.0
SEDUCTION(Vocal Remix),202.0,BDP,0.01161840582,559.508515,561.0,624.0,624.0,6.0,986801.0,1000000.0,154.0,17.0,208.0,4.0
Pump Pump Pump,1059.0,BSP,0.01112393395,545.8455045,548.0,609.0,609.0,6.0,985460.0,1000000.0,217.0,46.0,203.0,14.0
DROP,349.0,BDP,0.0110655452,405.6001285,407.0,453.0,453.0,4.0,984393.0,1000000.0,203.0,39.0,151.0,17.0
SUPER HERO,604.0,begSP,0.01101204856,270.5645399,272.0,303.0,303.0,4.0,985836.0,1000000.0,225.0,71.0,101.0,2.0
Go Down,1125.0,BSP,0.01099714864,319.5734838,321.0,357.0,357.0,4.0,985697.0,1000000.0,134.0,39.0,119.0,7.0
ON-DO,1102.0,BSP,0.01082356932,632.6351573,634.0,705.0,705.0,8.0,986995.0,1000000.0,139.0,10.0,235.0,4.0
iFUTURELIST(DDR VERSION),171.0,DDP,0.01078395704,678.7907677,680.0,756.0,756.0,7.0,984579.0,1000000.0,131.0,5.0,252.0,33.0
My Only Shining Star,188.0,BSP,0.01074330596,222.8142411,224.0,249.0,249.0,4.0,986880.0,1000000.0,169.0,58.0,83.0,0.0
in love wit you,360.0,begSP,0.01068744241,185.2361001,186.0,207.0,207.0,1.0,986935.0,1000000.0,217.0,63.0,69.0,0.0
escape,524.0,begSP,0.01050169855,291.7164407,294.0,327.0,327.0,3.0,984797.0,1000000.0,122.0,49.0,109.0,0.0
Musician,1165.0,ESP,0.01047503509,937.4364963,939.0,1044.0,1044.0,12.0,984879.0,1000000.0,678.0,5.0,348.0,38.0
toy boxer,891.0,DSP,0.01042630615,1001.927676,1004.0,1116.0,1116.0,12.0,986732.0,1000000.0,1327.0,21.0,372.0,7.0
スイーツはとまらない&#9834;,846.0,BDP,0.01034855324,427.8715491,429.0,477.0,477.0,4.0,983807.0,1000000.0,236.0,30.0,159.0,25.0
Waiting 4 u,330.0,BSP,0.01020092011,539.5439179,542.0,603.0,603.0,6.0,986026.0,1000000.0,223.0,58.0,201.0,5.0
MAXIMIZER,182.0,begSP,0.01017620165,396.6358761,399.0,444.0,444.0,5.0,986242.0,1000000.0,163.0,56.0,148.0,0.0
ほしのつくりかた,1031.0,BDP,0.01016411147,457.4868177,459.0,510.0,510.0,5.0,986834.0,1000000.0,168.0,34.0,170.0,5.0
Mythomane,915.0,begSP,0.01002425409,243.9563585,245.0,273.0,273.0,3.0,986562.0,1000000.0,105.0,33.0,91.0,0.0
GENOM SCREAMS,7.0,begSP,0.009791951256,225.0337473,226.0,252.0,252.0,3.0,986330.0,1000000.0,160.0,49.0,84.0,0.0
C-C-C-N-N-N,1214.0,DSP,0.009752232985,897.5572055,899.0,999.0,999.0,10.0,986770.0,1000000.0,402.0,5.0,333.0,11.0
羊皮紙の上の銀河,1187.0,BSP,0.009744122078,467.9008004,469.0,522.0,522.0,6.0,984316.0,1000000.0,118.0,15.0,174.0,22.0
BALLAD THE FEATHERS,342.0,begSP,0.009743025574,190.2935013,191.0,213.0,213.0,1.0,986528.0,1000000.0,263.0,70.0,71.0,0.0
LEVEL UP,866.0,BDP,0.009703788981,686.4323439,688.0,765.0,765.0,7.0,986307.0,1000000.0,221.0,18.0,255.0,12.0
Eternal Summer,802.0,begSP,0.009703413633,376.0639068,378.0,420.0,420.0,2.0,985565.0,1000000.0,165.0,54.0,140.0,6.0
CANDY&#9825;,74.0,begSP,0.009700402002,372.7015467,375.0,417.0,417.0,4.0,986136.0,1000000.0,256.0,89.0,139.0,0.0
ドキドキ☆流星トラップガール!!,600.0,begSP,0.009680892931,361.6099908,364.0,405.0,405.0,3.0,985892.0,1000000.0,130.0,49.0,135.0,1.0
DIVE TO THE NIGHT,78.0,ESP,0.009675151725,920.7571407,923.0,1026.0,1026.0,11.0,987009.0,1000000.0,1339.0,57.0,342.0,1.0
Sparkle Smilin',952.0,BDP,0.009601753355,664.4563636,666.0,741.0,741.0,7.0,986071.0,1000000.0,237.0,20.0,247.0,12.0
Look at the Sky,1151.0,DSP,0.009552368358,406.0021239,407.0,453.0,453.0,6.0,985970.0,1000000.0,170.0,23.0,151.0,9.0
BLAKE,1039.0,begSP,0.009537015269,338.8687172,340.0,378.0,378.0,3.0,985306.0,1000000.0,194.0,44.0,126.0,12.0
Music In The Rhythm,249.0,begSP,0.009534298992,358.7381544,361.0,402.0,402.0,4.0,985887.0,1000000.0,98.0,37.0,134.0,0.0
スイーツはとまらない&#9834;,846.0,BSP,0.009522031548,424.2813709,426.0,474.0,474.0,4.0,986166.0,1000000.0,246.0,62.0,158.0,5.0
MAX LOVE,367.0,BDP,0.00951878508,828.9126637,831.0,924.0,924.0,7.0,986928.0,1000000.0,258.0,24.0,308.0,2.0
Stay 4 Ever,903.0,BSP,0.009224435249,464.4455055,467.0,519.0,519.0,5.0,985876.0,1000000.0,209.0,69.0,173.0,7.0
Our Soul,860.0,ESP,0.009122977233,905.0914357,907.0,1008.0,1008.0,11.0,986158.0,1000000.0,1545.0,42.0,336.0,18.0
Party Lights (Tommie Sunshine's Brooklyn Fire Remix),603.0,ESP,0.008966066482,700.7783534,702.0,780.0,780.0,11.0,987086.0,1000000.0,708.0,16.0,260.0,7.0
HANIPAGANDA,1229.0,begSP,0.008962082892,246.9407782,248.0,276.0,276.0,3.0,984264.0,1000000.0,47.0,17.0,92.0,4.0
未来（ダ）FUTURE,867.0,begSP,0.008885152042,231.9585382,234.0,261.0,261.0,2.0,981894.0,1000000.0,209.0,88.0,87.0,10.0
Flight of the Phoenix,288.0,BSP,0.008620737532,354.2770626,356.0,396.0,396.0,5.0,985864.0,1000000.0,136.0,46.0,132.0,1.0
CANDY (UFO mix),1128.0,DSP,0.008552188877,851.4850659,853.0,948.0,948.0,10.0,986369.0,1000000.0,350.0,12.0,316.0,16.0
Twin memories W,780.0,ESP,0.008511314692,1087.769639,1090.0,1212.0,1212.0,11.0,985655.0,1000000.0,1248.0,34.0,404.0,25.0
GUILTY DIAMONDS,930.0,begSP,0.008429350051,329.6378756,332.0,369.0,369.0,3.0,984440.0,1000000.0,141.0,57.0,123.0,10.0
SAYONARA☆ディスコライト,1060.0,DSP,0.008119648914,764.6227596,766.0,852.0,852.0,9.0,984703.0,1000000.0,307.0,14.0,284.0,33.0
TIME,443.0,BSP,0.008046807557,432.6811724,434.0,483.0,483.0,5.0,982895.0,1000000.0,124.0,29.0,161.0,28.0
HYPERDRIVE,948.0,begSP,0.008021260208,354.6167945,359.0,399.0,399.0,3.0,980725.0,1000000.0,141.0,64.0,133.0,7.0
La Bamba,176.0,BSP,0.007865603984,419.4089619,421.0,468.0,468.0,5.0,986354.0,1000000.0,125.0,37.0,156.0,1.0
MAGIC PARADE,422.0,DDP,0.007745167555,613.9712932,615.0,684.0,684.0,7.0,986325.0,1000000.0,129.0,9.0,228.0,12.0
Star Gate Heaven,204.0,BDP,0.007712405764,293.3612741,294.0,327.0,327.0,3.0,987017.0,1000000.0,248.0,37.0,109.0,3.0
ヒマワリ,219.0,begSP,0.007676576327,322.3136005,324.0,360.0,360.0,3.0,986832.0,1000000.0,223.0,80.0,120.0,0.0
The Lonely Streets,620.0,BDP,0.007668308694,328.3890177,329.0,366.0,366.0,5.0,986434.0,1000000.0,136.0,17.0,122.0,7.0
Procyon,831.0,BSP,0.00764739889,559.2660093,561.0,624.0,624.0,6.0,986178.0,1000000.0,307.0,61.0,208.0,9.0
MIDNIGHT SPECIAL,183.0,BDP,0.007598102868,520.2713206,521.0,579.0,579.0,7.0,987523.0,1000000.0,125.0,6.0,193.0,3.0
TimeHollow,323.0,ESP,0.007374915969,536.0801435,537.0,597.0,597.0,9.0,986177.0,1000000.0,818.0,34.0,199.0,14.0
コメット&rArr;スケイター,1249.0,DSP,0.007331679156,857.4631234,858.0,950.0,954.0,10.0,986888.0,999960.0,262.0,0.0,318.0,11.0
Gotta Dance,355.0,BDP,0.007197045444,422.063484,423.0,471.0,471.0,5.0,984447.0,1000000.0,175.0,27.0,157.0,19.0
Hoping To Be Good,511.0,begSP,0.007111632636,200.6548794,202.0,225.0,225.0,2.0,985654.0,1000000.0,108.0,46.0,75.0,0.0
ウサテイ,1068.0,BSP,0.00703696566,667.4407397,669.0,744.0,744.0,7.0,986826.0,1000000.0,311.0,40.0,248.0,5.0
WILD RUSH(FROM NONSTOP MEGAMIX),95.0,CSP,0.006953605714,598.0701532,599.0,666.0,666.0,9.0,986191.0,1000000.0,784.0,24.0,222.0,15.0
MOON,186.0,BSP,0.006937516237,295.795132,297.0,330.0,330.0,3.0,985394.0,1000000.0,169.0,57.0,110.0,10.0
50th Memorial Songs -The BEMANI History-,852.0,BDP,0.006882820486,487.1411431,488.0,543.0,543.0,5.0,986748.0,1000000.0,158.0,16.0,181.0,6.0
sync (EXTREME version),132.0,BSP,0.006814150551,510.9546156,513.0,570.0,570.0,5.0,985953.0,1000000.0,211.0,64.0,190.0,10.0
INNOCENCE OF SILENCE,172.0,begSP,0.006791480288,206.4574056,207.0,231.0,231.0,3.0,986529.0,1000000.0,95.0,26.0,77.0,0.0
スカイクラッドの観測者,1002.0,BSP,0.006732412301,586.4748945,588.0,654.0,654.0,6.0,986552.0,1000000.0,323.0,55.0,218.0,7.0
とこにゃつ☆トロピカル,1205.0,begSP,0.006685201599,327.9728254,329.0,366.0,366.0,3.0,982989.0,1000000.0,67.0,21.0,122.0,10.0
spring pony,1174.0,BSP,0.006682767398,616.9586168,618.0,687.0,687.0,6.0,986326.0,1000000.0,321.0,21.0,229.0,14.0
PUT YOUR FAITH IN ME (DA's Twinkly Disco Remix),483.0,BDP,0.006670470966,417.2156843,418.0,465.0,465.0,5.0,986031.0,1000000.0,149.0,20.0,155.0,11.0
BRILLIANT 2U (AKBK MIX),486.0,begSP,0.006635554646,342.2464963,345.0,384.0,384.0,3.0,984483.0,1000000.0,214.0,91.0,128.0,5.0
LIKE A VAMPIRE,1020.0,begSP,0.006390808445,362.9821537,364.0,405.0,405.0,3.0,985929.0,1000000.0,130.0,34.0,135.0,8.0
Battle Against a True Hero,1211.0,begSP,0.006385667799,163.6347367,164.0,183.0,183.0,2.0,983150.0,1000000.0,92.0,24.0,61.0,9.0
La receta,364.0,begSP,0.006341623752,227.2620851,229.0,255.0,255.0,3.0,985780.0,1000000.0,97.0,43.0,85.0,0.0
Freedom,165.0,begSP,0.00629708528,304.8189404,307.0,342.0,342.0,3.0,985527.0,1000000.0,141.0,60.0,114.0,0.0
CG Project,343.0,begSP,0.006136272258,261.1677938,264.0,294.0,294.0,3.0,984736.0,1000000.0,293.0,133.0,98.0,0.0
Flight of the Phoenix,288.0,CSP,0.006023531207,567.8845424,569.0,633.0,633.0,7.0,982564.0,1000000.0,436.0,47.0,211.0,42.0
Let Me Know,1121.0,begSP,0.005793923281,335.4445101,337.0,375.0,375.0,4.0,985054.0,1000000.0,101.0,39.0,125.0,6.0
ポッピンキャンディ☆フィーバー！,1207.0,DDP,0.005790089756,961.7957923,963.0,1071.0,1071.0,10.0,986089.0,1000000.0,223.0,6.0,357.0,20.0
Trickster,325.0,DSP,0.005615386575,674.6446283,675.0,747.0,750.0,7.0,986139.0,999970.0,36.0,0.0,250.0,20.0
invisible rain,778.0,BSP,0.005573460988,309.4339917,310.0,345.0,345.0,4.0,986069.0,1000000.0,201.0,33.0,115.0,8.0
Confession,520.0,DDP,0.005562713817,620.1846982,621.0,690.0,690.0,7.0,984778.0,1000000.0,237.0,12.0,230.0,32.0
Unreality,1095.0,BSP,0.005488250309,498.0095869,499.0,555.0,555.0,6.0,985749.0,1000000.0,325.0,47.0,185.0,15.0
KISS KISS KISS,120.0,BSP,0.005290360436,538.1084042,540.0,600.0,600.0,5.0,987162.0,1000000.0,220.0,68.0,200.0,1.0
Malacca,296.0,begSP,0.00528658382,227.863948,229.0,255.0,255.0,3.0,985949.0,1000000.0,114.0,47.0,85.0,0.0
Broken,1183.0,BSP,0.005193193696,328.1292461,329.0,366.0,366.0,5.0,985610.0,1000000.0,132.0,38.0,122.0,10.0
Colors ～for EXTREME～,106.0,BDP,0.005103892522,479.151426,480.0,534.0,534.0,5.0,986791.0,1000000.0,207.0,30.0,178.0,6.0
Bad Routine,147.0,begSP,0.004969537873,277.159334,278.0,309.0,309.0,3.0,987465.0,1000000.0,125.0,42.0,103.0,0.0
Ability,1175.0,DSP,0.004782078549,827.0636793,828.0,921.0,921.0,11.0,986900.0,1000000.0,538.0,11.0,307.0,7.0
Venus,271.0,DSP,0.004779636594,724.7263219,726.0,807.0,807.0,7.0,986687.0,1000000.0,168.0,24.0,269.0,10.0
Jam &amp; Marmalade,174.0,ESP,0.004744270601,605.9727398,607.0,675.0,675.0,11.0,986315.0,1000000.0,1093.0,92.0,225.0,13.0
思想犯,996.0,begSP,0.004704577063,312.1547522,313.0,348.0,348.0,3.0,986924.0,1000000.0,183.0,55.0,116.0,3.0
Raspberry&#9825;Heart(English version),255.0,begSP,0.004645524729,342.4939697,345.0,384.0,384.0,3.0,985868.0,1000000.0,179.0,79.0,128.0,0.0
KING,1101.0,BSP,0.00462179303,713.9824938,715.0,795.0,795.0,7.0,987484.0,1000000.0,455.0,30.0,265.0,0.0
ECSTASY,54.0,begSP,0.004538918221,320.3934589,321.0,357.0,357.0,4.0,987549.0,1000000.0,110.0,26.0,119.0,0.0
Boom Boom Dollar (Red Monster Mix),474.0,begSP,0.004524937763,206.3318002,207.0,231.0,231.0,2.0,983495.0,1000000.0,43.0,17.0,77.0,0.0
COME BACK TO MY HEART,435.0,BSP,0.004480521653,377.2208977,378.0,420.0,420.0,5.0,985728.0,1000000.0,270.0,59.0,140.0,14.0
BAD GIRLS,473.0,BSP,0.004398420994,258.4929198,259.0,288.0,288.0,4.0,988063.0,1000000.0,50.0,15.0,96.0,0.0
SOUVENIR,1176.0,DSP,0.004220173321,566.1439413,567.0,630.0,630.0,7.0,986951.0,1000000.0,173.0,24.0,210.0,9.0
BLAKE,1039.0,BSP,0.004190685235,787.0004525,788.0,876.0,876.0,7.0,986630.0,1000000.0,354.0,21.0,292.0,13.0
Complete Game Victory,1202.0,BDP,0.003836885915,830.2641155,831.0,924.0,924.0,8.0,985985.0,1000000.0,49.0,3.0,308.0,22.0
volcano,272.0,BDP,0.003728541486,476.4481402,477.0,531.0,531.0,5.0,987229.0,1000000.0,117.0,13.0,177.0,2.0
Polovtsian Dances And Chorus,192.0,begSP,0.003714561687,288.8698642,291.0,324.0,324.0,3.0,984067.0,1000000.0,151.0,69.0,108.0,4.0
ウサテイ,1068.0,begSP,0.003682030536,301.2284883,302.0,336.0,336.0,3.0,986551.0,1000000.0,158.0,52.0,112.0,4.0
Quickening,195.0,BSP,0.003665470691,498.0660038,499.0,555.0,555.0,6.0,984521.0,1000000.0,172.0,39.0,185.0,24.0
Shiny World,388.0,begSP,0.003592587327,215.4124723,216.0,240.0,240.0,2.0,985912.0,1000000.0,166.0,60.0,80.0,7.0
CROSS,865.0,BSP,0.003461529881,476.0177399,477.0,531.0,531.0,5.0,984401.0,1000000.0,246.0,61.0,177.0,21.0
Ambivalent Vermilia,1251.0,BSP,0.003144892899,952.2860176,953.0,1059.0,1059.0,10.0,986718.0,1000000.0,239.0,4.0,353.0,16.0
HEARTBREAK (Sound Selektaz remix),415.0,ESP,0.003143259474,709.2597035,710.0,789.0,789.0,10.0,986131.0,1000000.0,1040.0,43.0,263.0,21.0
Flow (Jammin' Ragga Mix),242.0,BDP,0.003011680859,393.5959396,394.0,438.0,438.0,4.0,984081.0,1000000.0,172.0,20.0,146.0,25.0
Wow Wow VENUS,563.0,begSP,0.003000941493,259.8315781,261.0,291.0,291.0,2.0,986133.0,1000000.0,160.0,69.0,97.0,0.0
Dream Machine,287.0,BSP,0.002969055871,521.8964745,523.0,582.0,582.0,6.0,985670.0,1000000.0,146.0,43.0,194.0,12.0
きゅん&times;きゅんばっきゅん☆LOVE,683.0,ESP,0.002962625447,1186.639958,1188.0,1320.0,1320.0,11.0,987108.0,1000000.0,1871.0,71.0,440.0,4.0
8000000,666.0,BSP,0.002705246349,590.3015155,591.0,657.0,657.0,7.0,987462.0,1000000.0,273.0,36.0,219.0,3.0
Funk Boogie,166.0,EDP,0.002687310603,603.5531287,604.0,672.0,672.0,8.0,986821.0,1000000.0,273.0,9.0,224.0,9.0
Procyon,831.0,begSP,0.002590785084,205.9153663,207.0,231.0,231.0,2.0,985216.0,1000000.0,174.0,79.0,77.0,1.0
彼方のリフレシア,999.0,BSP,0.002559271081,474.4029776,475.0,528.0,528.0,6.0,985969.0,1000000.0,253.0,44.0,176.0,16.0
ALBIDA,1091.0,begSP,0.00255903074,331.4183143,332.0,369.0,369.0,3.0,986921.0,1000000.0,131.0,40.0,123.0,4.0
Wow Wow VENUS,563.0,BDP,0.002507753282,482.4045364,483.0,537.0,537.0,5.0,986842.0,1000000.0,179.0,33.0,179.0,8.0
Shine,387.0,DSP,0.002484932496,458.5321369,459.0,510.0,510.0,6.0,986476.0,1000000.0,150.0,22.0,170.0,13.0
One Sided Love,621.0,ESP,0.002411684468,806.1841696,807.0,897.0,897.0,10.0,987598.0,1000000.0,1384.0,78.0,299.0,0.0
SODA GALAXY,843.0,ESP,0.002368901711,1126.949145,1128.0,1254.0,1254.0,12.0,986409.0,1000000.0,1685.0,54.0,418.0,18.0
south,496.0,DSP,0.002345387725,609.4653753,610.0,678.0,678.0,8.0,986519.0,1000000.0,269.0,22.0,226.0,15.0
&uarr;&uarr;&darr;&darr;&larr;&rarr;&larr;&rarr;BA,1064.0,BSP,0.002341118307,579.3843214,580.0,645.0,645.0,6.0,983353.0,1000000.0,170.0,25.0,215.0,40.0
Heaven is a '57 metallic gray ～gimmix～,115.0,begSP,0.0022259385,290.6251284,291.0,324.0,324.0,4.0,986429.0,1000000.0,101.0,27.0,108.0,0.0
STARS☆☆☆（Re-tuned by H&Lambda;L） - DDR EDITION -,261.0,begSP,0.002171332236,289.8000691,291.0,324.0,324.0,3.0,986009.0,1000000.0,105.0,47.0,108.0,0.0
シル・ヴ・プレジデント,1022.0,begSP,0.002158229968,166.4657916,167.0,186.0,186.0,1.0,981743.0,1000000.0,417.0,175.0,62.0,13.0
Playa (Original Mix),307.0,DSP,0.002099700237,625.4412771,626.0,696.0,696.0,7.0,987036.0,1000000.0,134.0,17.0,232.0,8.0
パピポペピプペパ,1043.0,BSP,0.002094578354,656.9692205,658.0,732.0,732.0,6.0,986377.0,1000000.0,282.0,69.0,244.0,11.0
Forever Sunshine,164.0,ESP,0.002017711539,549.527854,550.0,612.0,612.0,8.0,985182.0,1000000.0,671.0,51.0,204.0,23.0
ヤサイマシ☆ニンニクアブラオオメ,1104.0,BDP,0.002011887843,385.6054168,386.0,429.0,429.0,5.0,986854.0,1000000.0,116.0,24.0,143.0,5.0
Flourish,289.0,BSP,0.001938346082,474.3018874,475.0,528.0,528.0,5.0,987663.0,1000000.0,197.0,54.0,176.0,1.0
さよならトリップ ～夏陽 EDM edition～,684.0,begSP,0.001830514119,314.5775802,315.0,351.0,351.0,3.0,983970.0,1000000.0,267.0,71.0,117.0,17.0
DANCERUSH STARDOM ANTHEM,942.0,BSP,0.001752149844,377.6395909,378.0,420.0,420.0,5.0,985280.0,1000000.0,184.0,36.0,140.0,18.0
KISS KISS KISS 秋葉工房 MIX,362.0,begSP,0.001742109089,258.1847052,259.0,288.0,288.0,2.0,987437.0,1000000.0,189.0,82.0,96.0,0.0
Qwerty,1075.0,BSP,0.001721775367,520.4302887,521.0,579.0,579.0,6.0,987139.0,1000000.0,130.0,30.0,193.0,6.0
Finally Dive,1243.0,DDP,0.001677662345,935.5767684,936.0,1041.0,1041.0,12.0,986937.0,1000000.0,83.0,2.0,347.0,9.0
TRIP MACHINE (xac nanoglide mix),484.0,begSP,0.001657632869,358.2652699,359.0,399.0,399.0,4.0,987388.0,1000000.0,138.0,53.0,133.0,0.0
Quick Master,194.0,BSP,0.001606246669,433.6929265,434.0,483.0,483.0,5.0,984609.0,1000000.0,176.0,21.0,161.0,22.0
Taking It To The Sky,392.0,begSP,0.001605027818,125.8251787,126.0,141.0,141.0,1.0,985976.0,1000000.0,242.0,82.0,47.0,0.0
Heatstroke,356.0,begSP,0.001601332609,225.4642933,226.0,252.0,252.0,2.0,986904.0,1000000.0,132.0,55.0,84.0,0.0
The flower in your smile,319.0,ESP,0.001581187243,811.5213253,812.0,903.0,903.0,10.0,987061.0,1000000.0,610.0,18.0,301.0,8.0
ランカーキラーガール,904.0,begSP,0.001537910577,444.6178232,445.0,495.0,495.0,4.0,987205.0,1000000.0,232.0,39.0,165.0,5.0
ポジティブ☆ダンスタイム,1206.0,begSP,0.001516213433,179.7323339,180.0,201.0,201.0,2.0,985559.0,1000000.0,106.0,39.0,67.0,2.0
TIERRA BUENA,207.0,begSP,0.001413445018,174.7640482,175.0,195.0,195.0,3.0,988895.0,1000000.0,98.0,36.0,65.0,0.0
Feidie,929.0,begSP,0.001376467797,235.8535363,237.0,264.0,264.0,2.0,981221.0,1000000.0,146.0,69.0,88.0,9.0
roppongi EVOLVED ver.B,379.0,begSP,0.001317460016,414.4062756,415.0,462.0,462.0,6.0,985817.0,1000000.0,148.0,50.0,154.0,11.0
Wowie Zowie!,1089.0,begSP,0.001210930105,174.5579359,175.0,195.0,195.0,2.0,986459.0,1000000.0,84.0,38.0,65.0,2.0
DIGITAL LUV,914.0,begSP,0.001208070109,263.0398516,264.0,294.0,294.0,2.0,985023.0,1000000.0,200.0,92.0,98.0,8.0
AFRONOVA PRIMEVAL,50.0,begSP,0.001188034866,425.3672962,426.0,474.0,474.0,4.0,987513.0,1000000.0,139.0,50.0,158.0,0.0
Happy Wedding,114.0,BSP,0.001169672265,355.6722225,356.0,396.0,396.0,4.0,987724.0,1000000.0,168.0,44.0,132.0,1.0
DANCERUSH STARDOM ANTHEM,942.0,begSP,0.001113179804,215.7694578,216.0,240.0,240.0,2.0,985559.0,1000000.0,135.0,46.0,80.0,10.0
Continue to the real world?,1238.0,BDP,0.001102386406,779.6568473,780.0,867.0,867.0,7.0,987367.0,1000000.0,86.0,6.0,289.0,6.0
Rejoin,807.0,begSP,0.001069586392,225.8177552,226.0,252.0,252.0,2.0,987266.0,1000000.0,171.0,45.0,84.0,0.0
GRADIUSIC CYBER ～AMD G5 MIX～,19.0,begSP,0.001007183242,263.7519688,264.0,294.0,294.0,3.0,987641.0,1000000.0,131.0,41.0,98.0,0.0
斑咲花,1116.0,begSP,0.0009694706313,263.8598659,264.0,294.0,294.0,3.0,983987.0,1000000.0,173.0,28.0,98.0,16.0
ナナホシ,1086.0,begSP,0.0009624513056,250.360313,251.0,279.0,279.0,2.0,986865.0,1000000.0,148.0,67.0,93.0,4.0
CAN'T STOP FALLIN' IN LOVE -super euro version-,153.0,BSP,0.0008975241284,314.7124499,315.0,351.0,351.0,4.0,987330.0,1000000.0,190.0,57.0,117.0,0.0
WH1TE RO5E,397.0,begSP,0.0008655723997,223.7554688,224.0,249.0,249.0,3.0,987564.0,1000000.0,117.0,44.0,83.0,2.0
TRIP MACHINE survivor,136.0,BDP,0.0008612499163,474.809714,475.0,528.0,528.0,6.0,987872.0,1000000.0,130.0,12.0,176.0,2.0
LONG TRAIN RUNNIN' (20th Anniversary Mix),858.0,BDP,0.0008284335371,444.8027561,445.0,495.0,495.0,6.0,987448.0,1000000.0,164.0,19.0,165.0,4.0
We Will Live Together,1134.0,BSP,0.0008077066431,395.2510099,396.0,441.0,441.0,5.0,986103.0,1000000.0,116.0,50.0,147.0,8.0
Taking It To The Sky (PLUS step),1011.0,ESP,0.0008055915928,933.6848924,934.0,1038.0,1038.0,13.0,987033.0,1000000.0,960.0,12.0,346.0,12.0
PUT YOUR FAITH IN ME (Jazzy Groove),477.0,begSP,0.0007714084224,179.865281,180.0,201.0,201.0,2.0,986887.0,1000000.0,140.0,44.0,67.0,0.0
think ya better D,25.0,ESP,0.0007527678232,638.7171466,639.0,711.0,711.0,9.0,987641.0,1000000.0,1066.0,63.0,237.0,0.0
野球の遊び方　そしてその歴史　～決定版～,578.0,begSP,0.0007439680731,393.7086614,394.0,438.0,438.0,3.0,987770.0,1000000.0,128.0,37.0,146.0,2.0
PRANA,555.0,begSP,0.0007059344477,433.7079287,434.0,483.0,483.0,4.0,986668.0,1000000.0,187.0,47.0,161.0,8.0
Resurrection,446.0,ESP,0.0006980710155,779.6872234,780.0,867.0,867.0,10.0,986188.0,1000000.0,970.0,46.0,289.0,23.0
real-high-SPEED,376.0,DDP,0.0006695154794,485.8397276,486.0,540.0,540.0,6.0,986761.0,1000000.0,146.0,12.0,180.0,13.0
Why not,274.0,begSP,0.0006543864244,371.2092778,372.0,414.0,414.0,4.0,987131.0,1000000.0,254.0,113.0,138.0,0.0
STAY (Organic house Version),130.0,begSP,0.0006493588603,174.7541119,175.0,195.0,195.0,3.0,986665.0,1000000.0,103.0,45.0,65.0,0.0
GROOVE 04,1220.0,BSP,0.0006257313686,763.6881756,764.0,849.0,849.0,8.0,985405.0,1000000.0,161.0,19.0,283.0,33.0
Small Steps,883.0,BSP,0.0005748151526,285.8764673,286.0,318.0,318.0,4.0,987640.0,1000000.0,168.0,34.0,106.0,3.0
Hunny Bunny,912.0,BSP,0.0005367851472,441.8008088,442.0,492.0,492.0,6.0,986999.0,1000000.0,279.0,49.0,164.0,6.0
stealth,262.0,ESP,0.000520201379,917.7201213,918.0,1020.0,1020.0,11.0,986072.0,1000000.0,1151.0,34.0,340.0,29.0
ORION.78(AMeuro-MIX),42.0,BSP,0.00051562608,271.8636105,272.0,303.0,303.0,4.0,987660.0,1000000.0,157.0,41.0,101.0,0.0
AM-3P,3.0,begSP,0.0004995766239,198.8876252,199.0,222.0,222.0,3.0,987226.0,1000000.0,177.0,54.0,74.0,0.0
HARD BRAIN,964.0,begSP,0.0004929366266,401.7500616,402.0,447.0,447.0,3.0,987069.0,1000000.0,258.0,74.0,149.0,7.0
INFINITE WORLD,1232.0,begSP,0.0004890245403,360.6618224,361.0,402.0,402.0,3.0,984214.0,1000000.0,46.0,19.0,134.0,7.0
LOVE IS ORANGE,178.0,begSP,0.0004737220009,301.601877,302.0,336.0,336.0,3.0,987360.0,1000000.0,229.0,98.0,112.0,2.0
すろぉもぉしょん,823.0,BSP,0.0003977441815,617.7243283,618.0,687.0,687.0,5.0,986953.0,1000000.0,294.0,62.0,229.0,11.0
DUAL STRIKER,1117.0,DSP,0.0003610673093,1470.725153,1471.0,1635.0,1635.0,13.0,986572.0,1000000.0,869.0,5.0,545.0,17.0
都会征服Girls☆,1241.0,DSP,0.0003137954021,884.873385,885.0,984.0,984.0,10.0,986603.0,1000000.0,135.0,2.0,328.0,17.0
Heavens and the Earth,1130.0,begSP,0.0003004981326,66.95555823,67.0,75.0,75.0,1.0,998750.0,1000000.0,91.0,40.0,25.0,0.0
ON-DO,1102.0,begSP,0.0002673848886,255.781553,256.0,285.0,285.0,3.0,986955.0,1000000.0,91.0,40.0,95.0,0.0
Show me your moves,812.0,BSP,0.0002648660357,676.7980243,677.0,753.0,753.0,5.0,984609.0,1000000.0,733.0,101.0,251.0,36.0
Everything I Need,513.0,BDP,0.0002372044715,339.9406326,340.0,378.0,378.0,4.0,984305.0,1000000.0,167.0,18.0,126.0,22.0
suspicions,1216.0,begSP,0.0002200896228,352.9282702,353.0,393.0,393.0,5.0,986346.0,1000000.0,73.0,14.0,131.0,9.0
INSIDE YOUR HEART,173.0,ESP,0.0002066298915,660.8863901,661.0,735.0,735.0,9.0,987562.0,1000000.0,705.0,37.0,245.0,4.0
You are a Star,399.0,ESP,0.0002022475366,1019.846838,1020.0,1134.0,1134.0,12.0,986196.0,1000000.0,1507.0,24.0,378.0,26.0
Gamelan de Couple,112.0,begSP,0.0001648170932,306.8580889,307.0,342.0,342.0,3.0,987580.0,1000000.0,145.0,57.0,114.0,0.0
Saturday Night Love,199.0,begSP,0.0001598468313,217.9041903,218.0,243.0,243.0,3.0,987459.0,1000000.0,132.0,53.0,81.0,0.0
BLSTR,864.0,begSP,0.0001595664843,368.8897539,369.0,411.0,411.0,3.0,985161.0,1000000.0,174.0,53.0,137.0,12.0
TSUBASA,669.0,BDP,0.00015808752,509.9208503,510.0,567.0,567.0,6.0,987451.0,1000000.0,195.0,23.0,189.0,6.0
Jewelry days,779.0,BSP,0.000149119833,579.8766806,580.0,645.0,645.0,6.0,986899.0,1000000.0,244.0,48.0,215.0,11.0
Top The Charts,519.0,begSP,0.0001160617096,263.5793881,264.0,294.0,294.0,3.0,982409.0,1000000.0,220.0,107.0,98.0,0.0
Bounce Trippy,907.0,BDP,8.591295299e-05,695.9373424,696.0,774.0,774.0,8.0,987236.0,1000000.0,256.0,16.0,258.0,8.0
Summer Fairytale,517.0,ESP,7.64059022e-05,706.9351575,707.0,786.0,786.0,9.0,984178.0,1000000.0,593.0,36.0,262.0,44.0
BABY BABY GIMME YOUR LOVE,29.0,ESP,7.568047521e-05,439.9558021,440.0,489.0,489.0,7.0,988255.0,1000000.0,958.0,88.0,163.0,0.0
KEEP ON MOVIN' (Y&amp;Co. DJ BOSS remix),482.0,begSP,7.039210853e-05,198.9645405,199.0,222.0,222.0,2.0,987414.0,1000000.0,139.0,48.0,74.0,0.0
チカラ,218.0,BDP,5.79268229e-05,433.9640523,434.0,483.0,483.0,4.0,987870.0,1000000.0,235.0,30.0,161.0,0.0
CARTOON HEROES (20th Anniversary Mix),853.0,begSP,3.643365055e-05,374.9270215,375.0,417.0,417.0,4.0,987714.0,1000000.0,251.0,100.0,139.0,3.0
.59,27.0,begSP,2.890321146e-05,242.9831058,243.0,270.0,270.0,3.0,988419.0,1000000.0,125.0,34.0,90.0,0.0
Snow Garland Fairy,1155.0,begSP,2.455117607e-05,190.9872056,191.0,213.0,213.0,3.0,986982.0,1000000.0,220.0,60.0,71.0,2.0
New Gravity,497.0,begSP,2.226847601e-05,339.9591212,340.0,378.0,378.0,3.0,986744.0,1000000.0,170.0,66.0,126.0,9.0
チュッチュ&#9834;マチュピチュ,1115.0,BDP,1.334906545e-05,520.9877331,521.0,579.0,579.0,6.0,987996.0,1000000.0,345.0,17.0,193.0,2.0
My Only Shining Star,188.0,begSP,0.0,199.9113142,202.0,225.0,225.0,3.0,983786.0,1000000.0,123.0,64.0,75.0,0.0
Feelings Won't Fade(Extend Trance Mix),240.0,begSP,0.0,275.8443745,278.0,309.0,309.0,4.0,985046.0,1000000.0,124.0,62.0,103.0,5.0
☆shining☆,337.0,BDP,-0.005382784596,513.0139269,513.0,570.0,570.0,5.0,985743.0,1000000.0,152.0,20.0,190.0,23.0
メンタンピンドラドラ,1194.0,BDP,-0.01128241785,475.0368727,475.0,528.0,528.0,7.0,987654.0,1000000.0,150.0,12.0,176.0,5.0
will,331.0,DDP,-0.01538111909,572.0760348,572.0,636.0,636.0,7.0,986649.0,1000000.0,185.0,9.0,212.0,15.0
SUPER STAR(FROM NONSTOP MEGAMIX),91.0,CSP,-0.01567795487,783.102159,783.0,870.0,870.0,10.0,987521.0,1000000.0,913.0,25.0,290.0,8.0
xenon,140.0,BDP,-0.01865519138,510.0380373,510.0,567.0,567.0,5.0,986716.0,1000000.0,171.0,29.0,189.0,12.0
スカーレット警察のゲットーパトロール24時,1145.0,ESP,-0.01872921359,1277.372139,1277.0,1419.0,1419.0,15.0,986206.0,1000000.0,1044.0,3.0,473.0,33.0
concon,1107.0,DSP,-0.02001881835,1107.242485,1107.0,1230.0,1230.0,12.0,986705.0,1000000.0,565.0,10.0,410.0,22.0
MA・TSU・RI,1118.0,ESP,-0.02687152209,1363.515659,1363.0,1515.0,1515.0,13.0,986027.0,1000000.0,917.0,5.0,505.0,36.0
SEXY PLANET,44.0,BDP,-0.03191199868,472.0725769,472.0,525.0,525.0,5.0,988071.0,1000000.0,161.0,22.0,175.0,0.0
Glitter Flatter Scatter,1092.0,begSP,-0.03391702643,426.0611787,426.0,474.0,474.0,6.0,987751.0,1000000.0,109.0,19.0,158.0,2.0
Inspiration,292.0,DDP,-0.03728556086,529.1136966,529.0,588.0,588.0,6.0,986863.0,1000000.0,142.0,16.0,196.0,13.0
BROKEN MY HEART,51.0,BDP,-0.03873222942,585.1222138,585.0,651.0,651.0,5.0,987827.0,1000000.0,210.0,24.0,217.0,0.0
ナナイロライト,1246.0,ESP,-0.03882577991,1296.823009,1296.0,1440.0,1440.0,14.0,987352.0,1000000.0,392.0,2.0,480.0,8.0
ハルイチバン,775.0,ESP,-0.03953892334,1080.35301,1080.0,1200.0,1200.0,11.0,985556.0,1000000.0,1410.0,37.0,400.0,44.0
思想犯,996.0,ESP,-0.04251667416,1557.807905,1557.0,1731.0,1731.0,13.0,986521.0,1000000.0,1236.0,11.0,577.0,21.0
No.13,189.0,BDP,-0.04674142227,480.1102556,480.0,534.0,534.0,5.0,987693.0,1000000.0,155.0,21.0,178.0,3.0
女言葉の消失,651.0,BDP,-0.05579637615,588.2124452,588.0,654.0,654.0,6.0,986138.0,1000000.0,217.0,18.0,218.0,20.0
MARIA(I believe...),180.0,ESP,-0.05929233616,774.2945115,774.0,861.0,861.0,11.0,987127.0,1000000.0,1105.0,56.0,287.0,10.0
DIGITALIZER,954.0,BDP,-0.05937716983,729.3050706,729.0,810.0,810.0,8.0,986641.0,1000000.0,263.0,18.0,270.0,21.0
Draw the Savage,962.0,DDP,-0.0599309096,831.5216034,831.0,924.0,924.0,10.0,985877.0,1000000.0,317.0,8.0,308.0,31.0
Rhythms Inside,424.0,DDP,-0.06457435306,634.3852561,634.0,705.0,705.0,7.0,986567.0,1000000.0,110.0,6.0,235.0,18.0
Flow (Jammin' Ragga Mix),242.0,BSP,-0.0734739692,407.0904877,407.0,453.0,453.0,5.0,984035.0,1000000.0,122.0,28.0,151.0,25.0
羊皮紙の上の銀河,1187.0,ESP,-0.07579887993,1648.964292,1647.0,1830.0,1830.0,14.0,983656.0,1000000.0,711.0,3.0,610.0,108.0
Can Be Real,152.0,ESP,-0.07639275046,766.4458449,766.0,852.0,852.0,10.0,985958.0,1000000.0,899.0,32.0,284.0,27.0
ROOM,940.0,ESP,-0.07947241027,1055.786781,1055.0,1173.0,1173.0,11.0,986561.0,1000000.0,1206.0,23.0,391.0,24.0
Something Comforting,1152.0,ESP,-0.07964530603,1261.335466,1260.0,1401.0,1401.0,13.0,986374.0,1000000.0,904.0,6.0,467.0,30.0
Phlox,1168.0,DSP,-0.07998370363,1088.965342,1088.0,1209.0,1209.0,11.0,987219.0,1000000.0,388.0,8.0,403.0,15.0
Why not,274.0,ESP,-0.1024809111,912.6448433,912.0,1014.0,1014.0,11.0,987445.0,1000000.0,1656.0,63.0,338.0,8.0
ロールプレイングゲーム,781.0,BSP,-0.1055097825,545.1887083,545.0,606.0,606.0,5.0,987173.0,1000000.0,522.0,87.0,202.0,10.0
リスペク風神,1143.0,ESP,-0.1056259592,1654.992563,1652.0,1836.0,1836.0,15.0,986363.0,1000000.0,1027.0,2.0,612.0,39.0
Abrupt Madness,1203.0,DSP,-0.1089126185,1365.786027,1363.0,1515.0,1515.0,13.0,987441.0,1000000.0,320.0,1.0,505.0,12.0
GLOW THE CROWN,1200.0,DSP,-0.1093637156,1278.829455,1277.0,1419.0,1419.0,14.0,986458.0,1000000.0,446.0,5.0,473.0,35.0
someday...,391.0,ESP,-0.1097314167,936.6308966,936.0,1041.0,1041.0,9.0,986221.0,1000000.0,719.0,49.0,347.0,27.0
Venus,271.0,DDP,-0.1101242377,599.4989864,599.0,666.0,666.0,6.0,987088.0,1000000.0,132.0,10.0,222.0,13.0
BREDLI,1148.0,BDP,-0.1152987531,612.4446475,612.0,681.0,681.0,6.0,982370.0,1000000.0,163.0,16.0,227.0,53.0
In The Air,442.0,ESP,-0.1193923646,791.677442,791.0,879.0,879.0,11.0,988005.0,1000000.0,755.0,33.0,293.0,3.0
south,496.0,ESP,-0.1204736246,864.693286,864.0,960.0,960.0,10.0,986346.0,1000000.0,1027.0,49.0,320.0,29.0
DUAL STRIKER,1117.0,BSP,-0.1210914578,869.80028,869.0,966.0,966.0,9.0,987215.0,1000000.0,479.0,23.0,322.0,14.0
I WANT YOUR LOVE (Darwin remix),1083.0,ESP,-0.1288631123,1110.477487,1109.0,1233.0,1233.0,13.0,987864.0,1000000.0,823.0,14.0,411.0,0.0
Ambivalent Vermilia,1251.0,BDP,-0.1336732794,937.8718989,936.0,1041.0,1041.0,10.0,987429.0,1000000.0,138.0,2.0,347.0,13.0
Give Me,868.0,BSP,-0.1410507391,639.3469824,639.0,711.0,711.0,7.0,987170.0,1000000.0,400.0,61.0,237.0,9.0
No Life Queen [DJ Command Remix],931.0,BSP,-0.1427879942,750.4848925,750.0,834.0,834.0,7.0,987443.0,1000000.0,300.0,41.0,278.0,8.0
dream of love,236.0,ESP,-0.1455870583,637.6098828,637.0,708.0,708.0,8.0,984958.0,1000000.0,646.0,34.0,236.0,37.0
Surrender (PureFocus remix),1192.0,ESP,-0.1526315634,1107.041357,1104.0,1227.0,1227.0,15.0,987268.0,1000000.0,598.0,1.0,409.0,24.0
in love wit you,360.0,DSP,-0.1555995408,491.3310226,491.0,546.0,546.0,6.0,981939.0,1000000.0,152.0,24.0,182.0,47.0
Blue Rain,279.0,BDP,-0.1556137329,405.2348184,405.0,450.0,450.0,5.0,987043.0,1000000.0,214.0,35.0,150.0,11.0
Sparkle Dreams,1209.0,DSP,-0.1667616831,1408.587862,1406.0,1563.0,1563.0,13.0,984577.0,1000000.0,779.0,12.0,521.0,79.0
Let's Get Away,421.0,DSP,-0.1689095554,691.4334789,691.0,768.0,768.0,7.0,987240.0,1000000.0,325.0,54.0,256.0,12.0
CUTIE CHASER(MORNING MIX),107.0,ESP,-0.1717750495,602.5408925,602.0,669.0,669.0,9.0,987706.0,1000000.0,912.0,67.0,223.0,8.0
PARTY ALL NIGHT(DJ KEN-BOW MIX),993.0,begSP,-0.1774841354,340.0770975,340.0,378.0,378.0,3.0,986068.0,1000000.0,103.0,37.0,126.0,6.0
パーフェクトイーター,1210.0,BSP,-0.1803634833,707.5750937,707.0,786.0,786.0,6.0,986702.0,1000000.0,237.0,34.0,262.0,18.0
AI,1028.0,DSP,-0.1836507916,1048.643725,1047.0,1164.0,1164.0,12.0,986616.0,1000000.0,933.0,26.0,388.0,28.0
Complete Game Victory,1202.0,DSP,-0.1890068998,1184.953662,1182.0,1314.0,1314.0,12.0,986375.0,1000000.0,289.0,4.0,438.0,40.0
ジョジョ～その血の運命～,541.0,BSP,-0.1921637697,310.170789,310.0,345.0,345.0,4.0,985736.0,1000000.0,43.0,12.0,115.0,2.0
コンフェイト＊コンチェルト,1240.0,ESP,-0.1923249779,1640.74386,1636.0,1818.0,1818.0,14.0,987196.0,1000000.0,399.0,3.0,606.0,24.0
CyberConnect,921.0,BDP,-0.1931778435,599.7929446,599.0,666.0,666.0,7.0,986573.0,1000000.0,220.0,16.0,222.0,20.0
real-high-SPEED,376.0,DSP,-0.1953682627,537.506429,537.0,597.0,597.0,6.0,986917.0,1000000.0,159.0,22.0,199.0,14.0
Uh-Oh,1013.0,BDP,-0.1981279146,862.3896681,861.0,957.0,957.0,7.0,987495.0,1000000.0,204.0,12.0,319.0,13.0
New York EVOLVED (Type C),467.0,begSP,-0.2076856788,340.207461,340.0,378.0,378.0,4.0,987664.0,1000000.0,103.0,24.0,126.0,5.0
Mickey Mouse March(Eurobeat Version),544.0,DDP,-0.2079583795,572.8588208,572.0,636.0,636.0,8.0,986572.0,1000000.0,48.0,6.0,212.0,8.0
PERSIAN LAND,1096.0,DSP,-0.2166031854,1308.149258,1304.0,1449.0,1449.0,12.0,987580.0,1000000.0,484.0,3.0,483.0,20.0
ALBIDA,1091.0,BSP,-0.2192523256,740.1154472,739.0,822.0,822.0,9.0,987617.0,1000000.0,287.0,20.0,274.0,8.0
Raspberry&#9825;Heart(English version),255.0,DDP,-0.2196449703,669.790128,669.0,744.0,744.0,6.0,987577.0,1000000.0,194.0,23.0,248.0,8.0
Last Twilight,955.0,BSP,-0.2241648208,921.4176932,920.0,1023.0,1023.0,8.0,986340.0,1000000.0,349.0,24.0,341.0,30.0
惑星☆ロリポップ,1135.0,DSP,-0.2255793678,1071.769736,1069.0,1188.0,1188.0,11.0,986406.0,1000000.0,879.0,9.0,396.0,40.0
Why not,274.0,DSP,-0.2292899018,747.676245,747.0,831.0,831.0,9.0,987411.0,1000000.0,582.0,81.0,277.0,8.0
Star Gate Heaven (FUTURE LOVE Mix),260.0,DSP,-0.2295520081,673.1943536,672.0,747.0,747.0,9.0,987400.0,1000000.0,227.0,13.0,249.0,14.0
Flip Flap,1179.0,ESP,-0.2310677299,1254.301243,1250.0,1389.0,1389.0,14.0,987300.0,1000000.0,836.0,3.0,463.0,29.0
Come Back to Me (Feel It),1124.0,ESP,-0.2329890029,1114.674899,1112.0,1236.0,1236.0,14.0,987190.0,1000000.0,909.0,14.0,412.0,23.0
熱情のサパデアード,847.0,BSP,-0.2330424134,542.6607583,542.0,603.0,603.0,5.0,986186.0,1000000.0,221.0,25.0,201.0,20.0
Raspberry&#9825;Heart(English version),255.0,ESP,-0.2382195692,807.9784111,807.0,897.0,897.0,9.0,987708.0,1000000.0,1033.0,84.0,299.0,8.0
Worst Plan,1074.0,BSP,-0.2408983395,740.3406559,739.0,822.0,822.0,7.0,985324.0,1000000.0,188.0,13.0,274.0,38.0
Unity,1112.0,ESP,-0.2417696978,901.5006719,899.0,999.0,999.0,12.0,988286.0,1000000.0,602.0,7.0,333.0,6.0
invisible rain,778.0,BDP,-0.2421446926,305.3837103,305.0,339.0,339.0,4.0,987540.0,1000000.0,206.0,20.0,113.0,7.0
Six String Proof,890.0,begSP,-0.2481027589,234.1160039,234.0,261.0,261.0,2.0,985064.0,1000000.0,127.0,36.0,87.0,9.0
思想犯,996.0,BDP,-0.2505238227,561.7162279,561.0,624.0,624.0,5.0,987442.0,1000000.0,196.0,24.0,208.0,9.0
I Need You,170.0,BDP,-0.256585566,297.3109598,297.0,330.0,330.0,5.0,988234.0,1000000.0,137.0,21.0,110.0,3.0
In The Air,442.0,BDP,-0.2589167352,415.4893855,415.0,462.0,462.0,6.0,986304.0,1000000.0,133.0,20.0,154.0,14.0
Let Me Know,1121.0,BSP,-0.2626399899,570.0491129,569.0,633.0,633.0,7.0,986885.0,1000000.0,171.0,13.0,211.0,16.0
High School Love,777.0,BSP,-0.2663614834,572.5974725,572.0,636.0,636.0,6.0,985869.0,1000000.0,406.0,58.0,212.0,25.0
Jewelry days,779.0,BDP,-0.2700863545,585.8560701,585.0,651.0,651.0,6.0,986817.0,1000000.0,205.0,23.0,217.0,15.0
Dead Heat,827.0,BSP,-0.2741770897,567.5322165,567.0,630.0,630.0,6.0,987657.0,1000000.0,300.0,53.0,210.0,9.0
TRUE&hearts;LOVE (Clubstar's True Club Mix),1085.0,ESP,-0.2756898375,1047.337163,1044.0,1161.0,1161.0,13.0,988140.0,1000000.0,715.0,8.0,387.0,5.0
LOVE EAST,1230.0,DSP,-0.2768392564,1091.764042,1088.0,1209.0,1209.0,11.0,987895.0,1000000.0,205.0,4.0,403.0,16.0
ALBIDA,1091.0,BDP,-0.2803888742,735.8039273,734.0,816.0,816.0,9.0,988021.0,1000000.0,184.0,9.0,272.0,8.0
un deux trois,212.0,ESP,-0.2822306011,751.5023115,750.0,834.0,834.0,10.0,987624.0,1000000.0,1056.0,40.0,278.0,11.0
Mind Parasite,184.0,DDP,-0.2826735832,543.4188597,542.0,603.0,603.0,8.0,986500.0,1000000.0,126.0,6.0,201.0,21.0
しゃかりきリレーション,773.0,BDP,-0.286950155,518.7864438,518.0,576.0,576.0,6.0,987364.0,1000000.0,264.0,27.0,192.0,11.0
女々しくて,409.0,BDP,-0.291002758,399.7343238,399.0,444.0,444.0,5.0,988299.0,1000000.0,66.0,8.0,148.0,1.0
Everything I Need,513.0,ESP,-0.2918001658,711.7316653,710.0,789.0,789.0,9.0,985824.0,1000000.0,613.0,18.0,263.0,37.0
Beluga,1073.0,DSP,-0.297933957,518.9706664,518.0,576.0,576.0,7.0,987042.0,1000000.0,289.0,21.0,192.0,15.0
BONE BORN,1136.0,BDP,-0.3029368706,499.8932731,499.0,555.0,555.0,5.0,987342.0,1000000.0,261.0,22.0,185.0,11.0
Bombay Bomb,510.0,ESP,-0.3051796477,1201.542814,1198.0,1332.0,1332.0,12.0,988206.0,1000000.0,1286.0,21.0,444.0,0.0
jet coaster☆girl,1044.0,ESP,-0.3064990582,1055.758158,1053.0,1170.0,1170.0,13.0,988121.0,1000000.0,1100.0,27.0,390.0,7.0
Playing With Fire,1184.0,DSP,-0.3129449931,758.1692747,756.0,840.0,840.0,10.0,988287.0,1000000.0,240.0,9.0,280.0,8.0
Let Me Show You,1139.0,DSP,-0.3141422743,1033.478514,1031.0,1146.0,1146.0,11.0,987631.0,1000000.0,546.0,25.0,382.0,14.0
ナナホシ,1086.0,DSP,-0.3179137756,937.1054034,934.0,1038.0,1038.0,11.0,987741.0,1000000.0,617.0,10.0,346.0,18.0
Seta Para Cima&uarr;&uarr;,832.0,BDP,-0.3207078767,440.5151272,440.0,489.0,489.0,5.0,988120.0,1000000.0,160.0,29.0,163.0,4.0
令和,906.0,BSP,-0.328678777,477.3811521,477.0,531.0,531.0,4.0,984933.0,1000000.0,274.0,66.0,177.0,25.0
Taj He Spitz (Tommie Sunshine's Brooklyn Fire Re-Touch),317.0,DSP,-0.3332823717,630.2156291,629.0,699.0,699.0,8.0,987782.0,1000000.0,169.0,18.0,233.0,10.0
ノープラン・デイズ,1038.0,BDP,-0.3344485335,887.67862,885.0,984.0,984.0,9.0,988096.0,1000000.0,345.0,12.0,328.0,8.0
ヤサイマシ☆ニンニクアブラオオメ,1104.0,DSP,-0.3403998629,898.8556714,896.0,996.0,996.0,12.0,987565.0,1000000.0,508.0,13.0,332.0,19.0
みゅ、みゅ、M&uuml;llる,1163.0,BSP,-0.3562184582,538.2493611,537.0,597.0,597.0,7.0,987277.0,1000000.0,355.0,22.0,199.0,15.0
Take Me,1133.0,ESP,-0.3565604363,908.1347134,904.0,1005.0,1005.0,11.0,988161.0,1000000.0,454.0,4.0,335.0,15.0
STAY (Joey Riot remix),1132.0,EDP,-0.3671697399,994.1338635,990.0,1101.0,1101.0,12.0,988472.0,1000000.0,187.0,5.0,367.0,4.0
CUTIE CHASER,15.0,BSP,-0.3671924371,399.488907,399.0,444.0,444.0,5.0,988157.0,1000000.0,196.0,37.0,148.0,0.0
至上のラトゥーリア,935.0,BDP,-0.3768703776,451.0028783,450.0,501.0,501.0,6.0,986969.0,1000000.0,163.0,16.0,167.0,12.0
LONG TRAIN RUNNIN' (20th Anniversary Mix),858.0,DSP,-0.3785183167,608.6922359,607.0,675.0,675.0,9.0,988461.0,1000000.0,298.0,16.0,225.0,3.0
斑咲花,1116.0,DSP,-0.3813437427,1253.499436,1247.0,1386.0,1386.0,12.0,984385.0,1000000.0,697.0,4.0,462.0,98.0
至上のラトゥーリア,935.0,begSP,-0.3832334144,275.1515276,275.0,306.0,306.0,3.0,987062.0,1000000.0,126.0,42.0,102.0,6.0
Gotta Dance,355.0,DSP,-0.3901887969,548.961348,548.0,609.0,609.0,6.0,986929.0,1000000.0,240.0,32.0,203.0,18.0
SUN&sup2; SUMMER STEP!,800.0,ESP,-0.3977682186,1039.726265,1036.0,1152.0,1152.0,11.0,986882.0,1000000.0,1161.0,23.0,384.0,33.0
mathematical good-bye,1218.0,BSP,-0.399948499,1051.058643,1047.0,1164.0,1164.0,10.0,985047.0,1000000.0,567.0,13.0,388.0,67.0
Let's Get Away,421.0,ESP,-0.4031894533,856.6139123,855.0,951.0,951.0,9.0,987569.0,1000000.0,1108.0,104.0,317.0,10.0
SISYPHUS,1226.0,BDP,-0.4077304693,751.3660093,747.0,831.0,831.0,10.0,988369.0,1000000.0,311.0,2.0,277.0,14.0
共犯ヘヴンズコード,1053.0,BDP,-0.4086921641,418.780472,418.0,465.0,465.0,5.0,987281.0,1000000.0,109.0,17.0,155.0,10.0
IRON HEART,902.0,BDP,-0.4089676654,554.6294372,553.0,615.0,615.0,7.0,988241.0,1000000.0,174.0,12.0,205.0,6.0
Pink Rose,128.0,BSP,-0.4101448643,345.2069975,345.0,384.0,384.0,4.0,987360.0,1000000.0,292.0,91.0,128.0,5.0
Come Back To Me,1030.0,BSP,-0.4109577217,646.1158654,645.0,717.0,717.0,7.0,987782.0,1000000.0,221.0,34.0,239.0,9.0
V ～for EXTREME～,138.0,BDP,-0.4181360452,448.8173577,448.0,498.0,498.0,5.0,987564.0,1000000.0,191.0,27.0,166.0,10.0
ナナイロライト,1246.0,DDP,-0.4204129954,941.4651146,936.0,1041.0,1041.0,11.0,988696.0,1000000.0,75.0,2.0,347.0,8.0
Debug Dance,1141.0,DDP,-0.4237983406,930.2142917,926.0,1029.0,1029.0,11.0,988163.0,1000000.0,235.0,6.0,343.0,17.0
Mess With My Emotions,1084.0,DDP,-0.4250398613,745.5099487,742.0,825.0,825.0,9.0,988538.0,1000000.0,128.0,4.0,275.0,9.0
共犯ヘヴンズコード,1053.0,BSP,-0.4327069779,369.5175229,369.0,411.0,411.0,4.0,987276.0,1000000.0,128.0,27.0,137.0,6.0
dreaming can make a wish come true,418.0,begSP,-0.4421798923,267.1087329,267.0,297.0,297.0,2.0,986821.0,1000000.0,133.0,51.0,99.0,6.0
トランスダンスアナーキー,1228.0,DSP,-0.4437583115,1582.356586,1574.0,1749.0,1749.0,12.0,987474.0,1000000.0,330.0,6.0,583.0,38.0
千客万来☆無問題！,1244.0,DDP,-0.4439512747,1373.673488,1363.0,1515.0,1515.0,12.0,988542.0,1000000.0,108.0,1.0,505.0,26.0
LOVE &amp; JOY,411.0,BDP,-0.4518867826,505.5731948,504.0,561.0,561.0,6.0,985700.0,1000000.0,46.0,6.0,187.0,5.0
Dispersion Star,575.0,BDP,-0.4565274641,456.8140502,456.0,507.0,507.0,5.0,987071.0,1000000.0,159.0,27.0,169.0,13.0
Next FUTURE,1248.0,DDP,-0.4566631396,871.4662863,866.0,963.0,963.0,10.0,988158.0,1000000.0,95.0,2.0,321.0,22.0
アユミ☆マジカルショータイム,1067.0,ESP,-0.4638091815,1261.266526,1255.0,1395.0,1395.0,13.0,988128.0,1000000.0,1192.0,13.0,465.0,17.0
GROOVE 04,1220.0,DSP,-0.4678929113,985.7718056,982.0,1092.0,1092.0,11.0,987770.0,1000000.0,400.0,17.0,364.0,17.0
Kill The Night,1233.0,ESP,-0.4825314581,1328.448734,1320.0,1467.0,1467.0,14.0,988275.0,1000000.0,459.0,4.0,489.0,24.0
星屑の夜果て,925.0,begSP,-0.4987290629,499.7023504,499.0,555.0,555.0,4.0,987230.0,1000000.0,250.0,54.0,185.0,11.0
CUTIE CHASER(MORNING MIX),107.0,BSP,-0.5026979159,245.1422791,245.0,273.0,273.0,3.0,987839.0,1000000.0,137.0,49.0,91.0,0.0
Silver Platform - I wanna get your heart -,258.0,DDP,-0.5152346251,639.9628793,637.0,708.0,708.0,8.0,987901.0,1000000.0,161.0,7.0,236.0,18.0
ROCK THE PARTY,1219.0,BDP,-0.518379662,570.6954848,569.0,633.0,633.0,5.0,988682.0,1000000.0,234.0,22.0,211.0,0.0
Saturday Night Love,199.0,ESP,-0.5229542121,693.0959956,691.0,768.0,768.0,8.0,985420.0,1000000.0,872.0,53.0,256.0,42.0
WARNING&times;WARNING&times;WARNING,1070.0,ESP,-0.5291162031,1335.006511,1328.0,1476.0,1476.0,13.0,986832.0,1000000.0,1120.0,17.0,492.0,52.0
CAN'T STOP FALLIN' IN LOVE ～SPEED MIX～,52.0,BDP,-0.5368023308,651.6415921,650.0,723.0,723.0,5.0,988515.0,1000000.0,257.0,33.0,241.0,0.0
Rampage Hero,896.0,begSP,-0.5392659459,351.2657298,351.0,390.0,390.0,4.0,987727.0,1000000.0,206.0,67.0,130.0,6.0
Run The Show,988.0,BSP,-0.5444591841,532.1497924,531.0,591.0,591.0,7.0,988089.0,1000000.0,178.0,30.0,197.0,3.0
Continue to the real world?,1238.0,DSP,-0.5457359284,1182.698145,1174.0,1305.0,1305.0,12.0,989232.0,1000000.0,311.0,3.0,435.0,6.0
think ya better D,25.0,BSP,-0.5526011925,399.8598582,399.0,444.0,444.0,5.0,988539.0,1000000.0,179.0,29.0,148.0,0.0
WARNING&times;WARNING&times;WARNING,1070.0,DDP,-0.5562392443,1007.093251,1001.0,1113.0,1113.0,10.0,986936.0,1000000.0,269.0,6.0,371.0,45.0
Sparkle Dreams,1209.0,BDP,-0.5566472297,701.583688,699.0,777.0,777.0,7.0,986786.0,1000000.0,267.0,19.0,259.0,29.0
Qipch&#x101;q,492.0,BDP,-0.5572047753,406.1831291,405.0,450.0,450.0,5.0,988277.0,1000000.0,138.0,16.0,150.0,7.0
ルミナスデイズ,772.0,BDP,-0.5651132724,503.6516518,502.0,558.0,558.0,5.0,987067.0,1000000.0,286.0,23.0,186.0,19.0
Inspiration,292.0,ESP,-0.5662697551,728.1900423,726.0,807.0,807.0,8.0,987800.0,1000000.0,660.0,53.0,269.0,14.0
Vertigo,989.0,BSP,-0.5666651705,620.4733158,618.0,687.0,687.0,7.0,988709.0,1000000.0,138.0,11.0,229.0,5.0
SODA GALAXY,843.0,BDP,-0.5671503721,616.833566,615.0,684.0,684.0,6.0,986225.0,1000000.0,198.0,23.0,228.0,28.0
Taj He Spitz (Tommie Sunshine's Brooklyn Fire Re-Touch),317.0,BSP,-0.5703110415,472.794818,472.0,525.0,525.0,5.0,986585.0,1000000.0,124.0,29.0,175.0,16.0
Feidie,929.0,ESP,-0.5736814795,910.4240366,907.0,1008.0,1008.0,10.0,988198.0,1000000.0,1064.0,49.0,336.0,12.0
Lightspeed,978.0,BSP,-0.5789432527,787.6429929,785.0,873.0,873.0,8.0,987978.0,1000000.0,310.0,28.0,291.0,11.0
カラフルミニッツ,1178.0,DSP,-0.5854955259,527.5985689,526.0,585.0,585.0,7.0,987680.0,1000000.0,131.0,17.0,195.0,10.0
スカイクラッドの観測者,1002.0,ESP,-0.5884990868,1090.410892,1085.0,1206.0,1206.0,12.0,986878.0,1000000.0,1323.0,29.0,402.0,44.0
Environ [De-SYNC] (feat. lythe),1097.0,BDP,-0.5915068052,623.9297109,621.0,690.0,690.0,9.0,989186.0,1000000.0,193.0,10.0,230.0,3.0
Shine,387.0,ESP,-0.5960149552,620.3314432,618.0,687.0,687.0,9.0,987303.0,1000000.0,604.0,33.0,229.0,21.0
ORION.78(AMeuro-MIX),42.0,BDP,-0.5971690974,305.7265529,305.0,339.0,339.0,5.0,989030.0,1000000.0,151.0,23.0,113.0,0.0
un deux trois,212.0,DSP,-0.6052067484,598.0567448,596.0,663.0,663.0,8.0,985605.0,1000000.0,244.0,23.0,221.0,34.0
一途,1138.0,BSP,-0.6089942922,578.0539636,577.0,642.0,642.0,6.0,988239.0,1000000.0,219.0,47.0,214.0,1.0
Such A Feeling,1162.0,BSP,-0.6092667819,364.7300006,364.0,405.0,405.0,6.0,987403.0,1000000.0,74.0,17.0,135.0,6.0
STARS☆☆☆（Re-tuned by H&Lambda;L） - DDR EDITION -,261.0,BDP,-0.6100806388,476.26114,475.0,528.0,528.0,6.0,987836.0,1000000.0,152.0,23.0,176.0,10.0
Mickey Mouse March(Eurobeat Version),544.0,DSP,-0.612905809,562.3277485,561.0,624.0,624.0,7.0,987130.0,1000000.0,69.0,15.0,208.0,9.0
Broken,1183.0,ESP,-0.6262136348,1152.380077,1144.0,1272.0,1272.0,13.0,987579.0,1000000.0,779.0,7.0,424.0,43.0
Habibe (Antuh muhleke),605.0,BDP,-0.6284933435,579.4856778,577.0,642.0,642.0,6.0,986889.0,1000000.0,148.0,12.0,214.0,23.0
Such A Feeling,1162.0,DDP,-0.6322949642,625.3662025,621.0,690.0,690.0,11.0,989115.0,1000000.0,88.0,3.0,230.0,12.0
パーフェクトイーター,1210.0,DSP,-0.6331335263,1237.083407,1228.0,1365.0,1365.0,12.0,988826.0,1000000.0,713.0,7.0,455.0,16.0
Chromatic Burst,1199.0,DDP,-0.6362998733,1025.968146,1017.0,1131.0,1131.0,12.0,989175.0,1000000.0,103.0,2.0,377.0,15.0
INFINITE WORLD,1232.0,DSP,-0.6371238789,1294.641502,1287.0,1431.0,1431.0,11.0,987701.0,1000000.0,194.0,9.0,477.0,32.0
LOVE &amp; JOY,411.0,BSP,-0.642259644,494.8320005,494.0,549.0,549.0,5.0,988135.0,1000000.0,51.0,15.0,183.0,5.0
Crystarium,1157.0,DSP,-0.6563547811,993.4639508,985.0,1095.0,1095.0,11.0,987708.0,1000000.0,324.0,3.0,365.0,45.0
A Stupid Barber,145.0,ESP,-0.6564414206,802.3807482,799.0,888.0,888.0,9.0,987481.0,1000000.0,1152.0,51.0,296.0,25.0
Party Lights (Tommie Sunshine's Brooklyn Fire Remix),603.0,BDP,-0.6582963273,476.1454897,475.0,528.0,528.0,5.0,986168.0,1000000.0,132.0,25.0,176.0,23.0
melody H4CKER,1260.0,DSP,-0.6585199911,1133.524007,1125.0,1251.0,1251.0,12.0,987653.0,1000000.0,126.0,4.0,417.0,42.0
Finale,1213.0,DDP,-0.6608257975,703.3749479,699.0,777.0,777.0,8.0,983561.0,1000000.0,149.0,6.0,259.0,70.0
INSERTiON,57.0,begSP,-0.662470842,280.7397616,280.0,312.0,312.0,4.0,988443.0,1000000.0,106.0,18.0,104.0,0.0
DREAMING-ING!!,764.0,BSP,-0.6632084577,576.429144,575.0,639.0,639.0,6.0,988143.0,1000000.0,399.0,59.0,213.0,8.0
ライアーダンス,856.0,begSP,-0.6827735952,367.5592185,367.0,408.0,408.0,4.0,986636.0,1000000.0,164.0,43.0,136.0,13.0
リスペク風神,1143.0,DSP,-0.6843662327,908.6782168,904.0,1005.0,1005.0,10.0,987760.0,1000000.0,428.0,20.0,335.0,25.0
輪廻の鴉,1253.0,DSP,-0.6910328799,1014.158619,1004.0,1115.0,1116.0,12.0,988575.0,999990.0,130.0,0.0,372.0,38.0
妄想税,825.0,BSP,-0.7040495424,565.5100164,564.0,627.0,627.0,5.0,988272.0,1000000.0,207.0,35.0,209.0,6.0
恋愛観測 -2021真夏のエンディング ver.-,1119.0,DSP,-0.7078542918,1234.64308,1223.0,1359.0,1359.0,12.0,989505.0,1000000.0,394.0,3.0,453.0,15.0
ハルイチバン,775.0,BSP,-0.7092511961,507.9056202,507.0,564.0,564.0,6.0,985918.0,1000000.0,368.0,82.0,188.0,23.0
Slip Out (bounce in beat mix),313.0,DDP,-0.7107024549,519.9563763,518.0,576.0,576.0,7.0,984219.0,1000000.0,117.0,15.0,192.0,42.0
LOVE SHINE (Body Grooverz 2006 mix),1171.0,DSP,-0.7114650562,1112.060142,1104.0,1227.0,1227.0,12.0,989217.0,1000000.0,349.0,8.0,409.0,8.0
千客万来☆無問題！,1244.0,DSP,-0.7135691155,1370.03551,1358.0,1509.0,1509.0,12.0,989031.0,1000000.0,260.0,4.0,503.0,22.0
message,451.0,DDP,-0.7140145098,629.5026058,626.0,696.0,696.0,7.0,988703.0,1000000.0,179.0,10.0,232.0,10.0
DoLL,157.0,BDP,-0.7152538127,585.1532964,583.0,648.0,648.0,5.0,987515.0,1000000.0,227.0,25.0,216.0,18.0
ここからよろしく大作戦143,987.0,BDP,-0.717610578,804.8320602,801.0,891.0,891.0,6.0,987769.0,1000000.0,192.0,16.0,297.0,19.0
Summer Fairytale,517.0,DSP,-0.7216616839,606.1020111,604.0,672.0,672.0,7.0,985442.0,1000000.0,148.0,21.0,224.0,35.0
Choo Choo TRAIN,543.0,DSP,-0.7268242981,477.1438683,475.0,528.0,528.0,6.0,987831.0,1000000.0,40.0,6.0,176.0,13.0
dazzle,286.0,BDP,-0.726866539,313.9812862,313.0,348.0,348.0,4.0,986502.0,1000000.0,173.0,23.0,116.0,15.0
しゅわスパ大作戦☆,1231.0,ESP,-0.7292530003,1530.698409,1514.0,1683.0,1683.0,14.0,988158.0,1000000.0,500.0,2.0,561.0,63.0
MY SUMMER LOVE(TOMMY'S SMILE MIX),85.0,CSP,-0.7310096772,830.5975215,826.0,918.0,918.0,12.0,988751.0,1000000.0,1288.0,34.0,306.0,11.0
Snow Garland Fairy,1155.0,DSP,-0.7358628455,1127.718079,1117.0,1242.0,1242.0,13.0,988654.0,1000000.0,894.0,4.0,414.0,33.0
Scorching Moon,200.0,BDP,-0.7396936672,438.7704001,437.0,486.0,486.0,5.0,988261.0,1000000.0,134.0,15.0,162.0,8.0
リスペク風神,1143.0,DDP,-0.7440867485,894.9310655,888.0,987.0,987.0,10.0,988600.0,1000000.0,268.0,6.0,329.0,24.0
&#9825;Drive My Heart&#9825;,1056.0,DDP,-0.7478853395,721.4758321,718.0,798.0,798.0,8.0,989147.0,1000000.0,254.0,19.0,266.0,2.0
花は折りたし梢は高し,959.0,begSP,-0.7541101174,229.323213,229.0,255.0,255.0,2.0,986368.0,1000000.0,161.0,45.0,85.0,8.0
どきドキ バレンタイン,910.0,BSP,-0.7559561314,713.2670663,712.0,792.0,792.0,6.0,985548.0,1000000.0,212.0,56.0,264.0,34.0
SEXY PLANET(FROM NONSTOP MEGAMIX),88.0,CSP,-0.7641734483,813.4764463,810.0,900.0,900.0,10.0,988597.0,1000000.0,1267.0,74.0,300.0,9.0
No Life Queen [DJ Command Remix],931.0,BDP,-0.7665534031,748.5454527,745.0,828.0,828.0,7.0,988700.0,1000000.0,220.0,19.0,276.0,8.0
Valanga,1181.0,DSP,-0.7745336501,1237.498464,1228.0,1365.0,1365.0,11.0,988764.0,1000000.0,347.0,9.0,455.0,20.0
ちゅ～いん☆バニー,592.0,BDP,-0.7753459924,389.1444716,388.0,432.0,432.0,5.0,987546.0,1000000.0,207.0,33.0,144.0,8.0
Sephirot,739.0,begSP,-0.7909003224,326.4668521,326.0,363.0,363.0,3.0,986764.0,1000000.0,265.0,74.0,121.0,9.0
The flower in your smile,319.0,DDP,-0.7911233404,635.728421,631.0,702.0,702.0,7.0,989424.0,1000000.0,108.0,5.0,234.0,5.0
stomp to my beat,475.0,BSP,-0.7920628182,451.7752955,450.0,501.0,501.0,7.0,988750.0,1000000.0,50.0,9.0,167.0,0.0
スカーレット警察のゲットーパトロール24時,1145.0,BDP,-0.7953573984,591.1536175,588.0,654.0,654.0,7.0,988146.0,1000000.0,168.0,13.0,218.0,14.0
Love Again,366.0,DDP,-0.7998225339,485.287625,483.0,537.0,537.0,6.0,986621.0,1000000.0,127.0,13.0,179.0,25.0
ドキドキ☆流星トラップガール!!,600.0,BSP,-0.8092949877,600.9419224,599.0,666.0,666.0,6.0,987876.0,1000000.0,247.0,38.0,222.0,11.0
Yeah! Yeah!,690.0,BDP,-0.8110749256,498.1661776,496.0,552.0,552.0,6.0,988218.0,1000000.0,263.0,25.0,184.0,8.0
Funk Boogie,166.0,ESP,-0.8145012208,663.6788425,661.0,735.0,735.0,8.0,986953.0,1000000.0,718.0,61.0,245.0,26.0
VALLIS-NERIA,1113.0,BDP,-0.8210174832,901.0819115,893.0,993.0,993.0,9.0,989088.0,1000000.0,136.0,4.0,331.0,19.0
Realize,998.0,BDP,-0.8232329518,408.7579766,407.0,453.0,453.0,6.0,987114.0,1000000.0,163.0,18.0,151.0,15.0
Skywalking,842.0,BDP,-0.8359529407,757.5178762,753.0,837.0,837.0,7.0,988307.0,1000000.0,216.0,14.0,279.0,19.0
Sucka Luva,509.0,BSP,-0.8374492526,364.7351822,364.0,405.0,405.0,4.0,988018.0,1000000.0,118.0,31.0,135.0,3.0
I'm Flying Away,1048.0,EDP,-0.8383911285,1094.890936,1085.0,1206.0,1206.0,12.0,988277.0,1000000.0,190.0,5.0,402.0,40.0
Unity,1112.0,DDP,-0.8416330116,671.3012397,666.0,741.0,741.0,8.0,989512.0,1000000.0,104.0,5.0,247.0,4.0
Elysium,589.0,ESP,-0.8478075212,904.7998976,899.0,999.0,999.0,11.0,986488.0,1000000.0,1010.0,30.0,333.0,53.0
コンフェイト＊コンチェルト,1240.0,DDP,-0.8516415757,973.8634594,963.0,1071.0,1071.0,10.0,989185.0,1000000.0,87.0,2.0,357.0,28.0
Fly away,163.0,DSP,-0.8564960671,624.2915413,621.0,690.0,690.0,7.0,987163.0,1000000.0,204.0,17.0,230.0,29.0
jet coaster☆girl,1044.0,DSP,-0.860089771,863.4121753,858.0,954.0,954.0,11.0,988983.0,1000000.0,563.0,24.0,318.0,8.0
Why not,274.0,BDP,-0.8612776288,669.2765978,666.0,741.0,741.0,6.0,988470.0,1000000.0,242.0,23.0,247.0,8.0
Wolf's Rain,1062.0,BDP,-0.8713725523,542.6800958,540.0,600.0,600.0,7.0,989021.0,1000000.0,172.0,17.0,200.0,6.0
Hyper Bomb,937.0,BDP,-0.8725607747,577.9410285,575.0,639.0,639.0,6.0,987767.0,1000000.0,197.0,18.0,213.0,20.0
ハルイチバン,775.0,DDP,-0.8742599477,672.3338484,669.0,744.0,744.0,7.0,987286.0,1000000.0,312.0,27.0,248.0,25.0
Come Back to Me (Feel It),1124.0,DSP,-0.8752241001,779.1787465,774.0,861.0,861.0,10.0,989052.0,1000000.0,387.0,17.0,287.0,7.0
この子の七つのお祝いに,217.0,begSP,-0.8803506949,261.4391908,261.0,291.0,291.0,3.0,988010.0,1000000.0,123.0,36.0,97.0,0.0
perditus&dagger;paradisus,1110.0,BSP,-0.8804675514,735.57331,731.0,813.0,813.0,8.0,988751.0,1000000.0,236.0,15.0,271.0,11.0
SEDUCTION,201.0,BDP,-0.8826310867,485.4021685,483.0,537.0,537.0,6.0,987321.0,1000000.0,157.0,16.0,179.0,20.0
DIVE TO THE NIGHT,78.0,BSP,-0.8836793386,399.5390248,399.0,444.0,444.0,4.0,987833.0,1000000.0,211.0,67.0,148.0,4.0
ほしのつくりかた,1031.0,DSP,-0.8909156594,740.2348834,737.0,819.0,819.0,10.0,988403.0,1000000.0,641.0,58.0,273.0,12.0
Choo Choo TRAIN,543.0,DDP,-0.8969362785,452.9434392,448.0,497.0,498.0,6.0,990256.0,999990.0,37.0,0.0,166.0,8.0
ロールプレイングゲーム,781.0,BDP,-0.9004547385,577.6251735,575.0,639.0,639.0,5.0,988786.0,1000000.0,353.0,34.0,213.0,7.0
IF YOU WERE HERE,357.0,CSP,-0.9035310475,515.2579514,513.0,570.0,570.0,6.0,985706.0,1000000.0,123.0,17.0,190.0,34.0
Prettiful!,1123.0,BDP,-0.9106394787,376.3952604,375.0,417.0,417.0,4.0,989144.0,1000000.0,123.0,20.0,139.0,0.0
More One Night,770.0,ESP,-0.9183949099,811.3142823,807.0,897.0,897.0,10.0,987842.0,1000000.0,1466.0,74.0,299.0,24.0
D2R,76.0,BSP,-0.92168209,410.8596176,410.0,456.0,456.0,4.0,988066.0,1000000.0,228.0,57.0,152.0,5.0
Raspberry&#9825;Heart(English version),255.0,CSP,-0.9239001438,855.1623718,850.0,945.0,945.0,11.0,989332.0,1000000.0,1197.0,49.0,315.0,1.0
Uh-Oh,1013.0,BSP,-0.9374310657,865.9035392,861.0,957.0,957.0,7.0,988750.0,1000000.0,288.0,24.0,319.0,11.0
Finale,1213.0,DSP,-0.9567315701,750.5267287,745.0,828.0,828.0,8.0,983648.0,1000000.0,239.0,12.0,276.0,78.0
TECH-NOID,707.0,BDP,-0.9595771625,474.3254261,472.0,525.0,525.0,6.0,987966.0,1000000.0,277.0,27.0,175.0,13.0
Towards The Horizon,1185.0,DSP,-0.9611413775,987.9686158,977.0,1086.0,1086.0,11.0,989493.0,1000000.0,296.0,4.0,362.0,25.0
&#9825;Drive My Heart&#9825;,1056.0,ESP,-0.9640974973,1232.562402,1220.0,1356.0,1356.0,13.0,989205.0,1000000.0,1058.0,10.0,452.0,27.0
real-high-SPEED,376.0,BDP,-0.9650054932,395.4946019,394.0,438.0,438.0,4.0,987909.0,1000000.0,173.0,27.0,146.0,10.0
Closer to my Heart (jun remix),1081.0,DDP,-0.9661942536,977.4273587,966.0,1074.0,1074.0,11.0,988406.0,1000000.0,202.0,3.0,358.0,48.0
めうめうぺったんたん！！,495.0,begSP,-1.01905772,402.8861125,402.0,447.0,447.0,3.0,986760.0,1000000.0,207.0,54.0,149.0,15.0
彼方のリフレシア,999.0,BDP,-1.020875875,444.4578163,442.0,492.0,492.0,5.0,987082.0,1000000.0,177.0,18.0,164.0,19.0
Indigo Nocturne,1255.0,DDP,-1.028944845,1120.166333,1107.0,1227.0,1230.0,12.0,989366.0,999970.0,59.0,0.0,410.0,35.0
Electrified,238.0,DDP,-1.029615023,561.336035,558.0,621.0,621.0,6.0,989224.0,1000000.0,143.0,15.0,207.0,1.0
しゅわスパ大作戦☆,1231.0,DDP,-1.031283421,1091.724572,1080.0,1200.0,1200.0,10.0,988136.0,1000000.0,96.0,4.0,400.0,55.0
Next Phase,1004.0,BDP,-1.038507765,632.9074007,629.0,699.0,699.0,7.0,988691.0,1000000.0,138.0,14.0,233.0,14.0
BLAKE,1039.0,BDP,-1.04414001,763.1568388,758.0,843.0,843.0,7.0,989025.0,1000000.0,219.0,17.0,281.0,9.0
Hillbilly Shoes,712.0,begSP,-1.060603766,234.5959758,234.0,261.0,261.0,3.0,988093.0,1000000.0,124.0,31.0,87.0,0.0
I-W-U (I Want U),1208.0,DSP,-1.072581704,1216.638348,1204.0,1338.0,1338.0,12.0,989671.0,1000000.0,780.0,12.0,446.0,17.0
SABER WING (satellite silhouette remix),588.0,BDP,-1.077770864,534.8303796,531.0,591.0,591.0,6.0,987507.0,1000000.0,181.0,13.0,197.0,23.0
actualization of self (weaponized),1033.0,DSP,-1.080301012,1180.94042,1169.0,1299.0,1299.0,13.0,989926.0,1000000.0,862.0,14.0,433.0,9.0
Taking It To The Sky (PLUS step),1011.0,BDP,-1.083108211,439.7815006,437.0,486.0,486.0,6.0,989312.0,1000000.0,119.0,12.0,162.0,4.0
glacia,1087.0,BSP,-1.089986554,825.6091147,820.0,912.0,912.0,9.0,988837.0,1000000.0,286.0,22.0,304.0,12.0
White Stream,1257.0,BDP,-1.099826548,658.1611692,648.0,720.0,720.0,8.0,990646.0,1000000.0,47.0,1.0,240.0,22.0
SWEET HOME PARTY,899.0,begSP,-1.10621509,289.5627053,288.0,321.0,321.0,5.0,988226.0,1000000.0,135.0,16.0,107.0,5.0
Hold Tight,1169.0,ESP,-1.110709246,1055.584948,1044.0,1161.0,1161.0,12.0,988361.0,1000000.0,399.0,8.0,387.0,46.0
Our Love,951.0,BSP,-1.119301346,920.6062717,915.0,1017.0,1017.0,8.0,987810.0,1000000.0,519.0,43.0,339.0,30.0
MA・TSU・RI,1118.0,BDP,-1.125889013,613.962073,610.0,678.0,678.0,7.0,989340.0,1000000.0,340.0,26.0,226.0,6.0
I'm gonna get you!,117.0,DDP,-1.130880804,603.1023322,599.0,666.0,666.0,7.0,989083.0,1000000.0,146.0,14.0,222.0,9.0
Taj He Spitz,316.0,ESP,-1.142014679,769.1267793,764.0,849.0,849.0,10.0,989631.0,1000000.0,716.0,43.0,283.0,2.0
Chance and Dice,281.0,BDP,-1.142104206,441.5278313,440.0,489.0,489.0,4.0,988771.0,1000000.0,230.0,45.0,163.0,4.0
BE LOVIN,105.0,BDP,-1.1446915,354.549256,353.0,393.0,393.0,5.0,988649.0,1000000.0,186.0,29.0,131.0,3.0
Hopeful,745.0,BSP,-1.146604489,500.7255484,499.0,555.0,555.0,5.0,988132.0,1000000.0,379.0,70.0,185.0,8.0
Our Love,951.0,BDP,-1.157446066,925.2499987,918.0,1020.0,1020.0,8.0,988409.0,1000000.0,274.0,18.0,340.0,30.0
Malacca,296.0,DSP,-1.158389042,501.4809349,499.0,555.0,555.0,7.0,989115.0,1000000.0,160.0,24.0,185.0,2.0
パピポペピプペパ,1043.0,DSP,-1.158773541,1187.315668,1177.0,1308.0,1308.0,11.0,988960.0,1000000.0,699.0,26.0,436.0,24.0
This Beat Is.....,834.0,BDP,-1.161233801,373.7818999,372.0,414.0,414.0,4.0,988455.0,1000000.0,190.0,27.0,138.0,6.0
Never See You Again,985.0,begSP,-1.164223133,400.7112276,399.0,444.0,444.0,4.0,988504.0,1000000.0,194.0,32.0,148.0,5.0
BREDLI,1148.0,BSP,-1.165691211,621.2969506,618.0,687.0,687.0,6.0,984420.0,1000000.0,233.0,30.0,229.0,53.0
Vertigo,989.0,BDP,-1.165985823,596.8110346,591.0,657.0,657.0,7.0,990228.0,1000000.0,114.0,6.0,219.0,5.0
Get On Da Floor,840.0,BDP,-1.185241839,431.0245032,429.0,477.0,477.0,4.0,988808.0,1000000.0,192.0,29.0,159.0,5.0
走れメロンパン,1247.0,DDP,-1.190236392,823.8622694,812.0,903.0,903.0,10.0,990797.0,1000000.0,75.0,2.0,301.0,13.0
CANDY (UFO mix),1128.0,BSP,-1.191108722,601.6451607,599.0,666.0,666.0,6.0,987533.0,1000000.0,151.0,28.0,222.0,18.0
Wuv U,1114.0,BSP,-1.207792837,641.9993444,637.0,708.0,708.0,7.0,988718.0,1000000.0,140.0,12.0,236.0,19.0
actualization of self (weaponized),1033.0,BSP,-1.213105842,735.1329155,731.0,813.0,813.0,9.0,988647.0,1000000.0,305.0,37.0,271.0,10.0
White Stream,1257.0,DDP,-1.215519218,1229.000061,1212.0,1344.0,1347.0,13.0,989717.0,999970.0,59.0,0.0,449.0,39.0
スカーレット警察のゲットーパトロール24時,1145.0,begSP,-1.216231762,237.5691157,237.0,264.0,264.0,3.0,988108.0,1000000.0,133.0,37.0,88.0,0.0
Electrified,238.0,DSP,-1.225478536,570.3738894,567.0,630.0,630.0,6.0,989696.0,1000000.0,166.0,21.0,210.0,1.0
FIRE,241.0,BDP,-1.22895687,319.7414717,318.0,354.0,354.0,4.0,989395.0,1000000.0,164.0,21.0,118.0,0.0
ROCK THE PARTY,1219.0,BSP,-1.230324608,572.6761789,569.0,633.0,633.0,5.0,989576.0,1000000.0,361.0,32.0,211.0,0.0
I Need You,170.0,ESP,-1.235355489,564.0825538,561.0,624.0,624.0,8.0,987387.0,1000000.0,689.0,67.0,208.0,22.0
Ace out,879.0,BDP,-1.238450376,548.4389842,545.0,606.0,606.0,5.0,989366.0,1000000.0,211.0,23.0,202.0,4.0
Bounce Trippy,907.0,BSP,-1.239273468,745.0733831,742.0,825.0,825.0,8.0,988386.0,1000000.0,431.0,74.0,275.0,9.0
WH1TE RO5E,397.0,BSP,-1.239612855,411.4270931,410.0,456.0,456.0,5.0,987774.0,1000000.0,161.0,36.0,152.0,10.0
Surface,1061.0,ESP,-1.246062876,963.6945824,953.0,1059.0,1059.0,12.0,988802.0,1000000.0,961.0,15.0,353.0,40.0
Inner Spirit -GIGA HiTECH MIX-,970.0,BSP,-1.247399708,758.4351967,753.0,837.0,837.0,7.0,988762.0,1000000.0,227.0,21.0,279.0,17.0
MOONSTER,248.0,DDP,-1.2475697,659.0509632,653.0,726.0,726.0,7.0,989628.0,1000000.0,135.0,9.0,242.0,11.0
Be With You (Still Miss you),1159.0,ESP,-1.248786675,1090.996415,1077.0,1197.0,1197.0,12.0,988331.0,1000000.0,507.0,7.0,399.0,62.0
Are U Ready,1105.0,DSP,-1.249221119,956.6053875,947.0,1053.0,1053.0,11.0,989681.0,1000000.0,433.0,15.0,351.0,13.0
EMOTiON TRiPPER,1221.0,DSP,-1.252293442,931.6473302,923.0,1026.0,1026.0,10.0,989223.0,1000000.0,293.0,15.0,342.0,20.0
Megalara Garuda,1088.0,BSP,-1.253175759,716.9669552,710.0,789.0,789.0,9.0,989579.0,1000000.0,350.0,13.0,263.0,16.0
One Sided Love,621.0,BDP,-1.253492955,406.5387666,405.0,450.0,450.0,5.0,989268.0,1000000.0,255.0,48.0,150.0,1.0
斑咲花,1116.0,BSP,-1.260865137,583.0032149,577.0,642.0,642.0,7.0,988391.0,1000000.0,314.0,10.0,214.0,26.0
SKY HIGH (20th Anniversary Mix),863.0,DSP,-1.265854355,595.8853043,591.0,657.0,657.0,9.0,989668.0,1000000.0,301.0,18.0,219.0,7.0
革命,96.0,BDP,-1.267119436,388.2575763,386.0,429.0,429.0,4.0,984720.0,1000000.0,234.0,26.0,143.0,34.0
You gotta move it (feat. Julie Rugaard),215.0,ESP,-1.278584442,721.6869188,715.0,795.0,795.0,10.0,989562.0,1000000.0,751.0,24.0,265.0,12.0
スカイクラッドの観測者,1002.0,begSP,-1.280684106,348.690403,348.0,387.0,387.0,3.0,986524.0,1000000.0,217.0,67.0,129.0,14.0
Closer to my Heart (jun remix),1081.0,ESP,-1.281879413,1324.658673,1306.0,1452.0,1452.0,14.0,989436.0,1000000.0,911.0,7.0,484.0,48.0
サヨナラ・ヘヴン,1103.0,ESP,-1.282116951,1296.422691,1277.0,1419.0,1419.0,13.0,990917.0,1000000.0,1015.0,5.0,473.0,14.0
Elysium,589.0,BDP,-1.299090233,469.3182249,467.0,519.0,519.0,5.0,989074.0,1000000.0,170.0,28.0,173.0,4.0
Taj He Spitz,316.0,DDP,-1.30113887,573.0862957,569.0,633.0,633.0,7.0,989439.0,1000000.0,118.0,14.0,211.0,4.0
Rampage Hero,896.0,BSP,-1.305490253,736.4077789,731.0,813.0,813.0,9.0,989310.0,1000000.0,451.0,34.0,271.0,7.0
Go To The Oasis,1153.0,BDP,-1.319575037,657.8323126,653.0,726.0,726.0,6.0,988988.0,1000000.0,132.0,15.0,242.0,13.0
Heavens and the Earth,1130.0,DDP,-1.330846971,560.499577,556.0,618.0,618.0,8.0,989904.0,1000000.0,92.0,10.0,206.0,4.0
My Drama,1259.0,ESP,-1.333208841,1683.473782,1652.0,1835.0,1836.0,15.0,991531.0,999990.0,186.0,0.0,612.0,14.0
HEARTBREAK (Sound Selektaz remix),415.0,DSP,-1.341217163,517.2652857,515.0,573.0,573.0,6.0,986688.0,1000000.0,263.0,48.0,191.0,23.0
HYPER EUROBEAT,116.0,BDP,-1.353098723,526.4589418,523.0,582.0,582.0,6.0,988495.0,1000000.0,181.0,22.0,194.0,12.0
Theory of Eternity,393.0,begSP,-1.353375231,356.3058427,356.0,396.0,396.0,3.0,988321.0,1000000.0,216.0,89.0,132.0,0.0
DOUBLE TORNARD,1082.0,DSP,-1.354110001,1060.688911,1047.0,1164.0,1164.0,12.0,990349.0,1000000.0,503.0,9.0,388.0,15.0
闘え！ダダンダーンＶ,774.0,BDP,-1.356146955,616.6171209,612.0,681.0,681.0,6.0,988354.0,1000000.0,235.0,22.0,227.0,18.0
Finally Dive,1243.0,DSP,-1.368587314,965.6477655,953.0,1059.0,1059.0,12.0,990838.0,1000000.0,221.0,6.0,353.0,8.0
second spring storm,602.0,begSP,-1.376263981,324.4874656,324.0,360.0,360.0,2.0,988615.0,1000000.0,122.0,45.0,120.0,0.0
STEP MACHINE,950.0,BSP,-1.37658288,660.5084864,656.0,729.0,729.0,7.0,987694.0,1000000.0,245.0,27.0,243.0,29.0
THIS IS MY LAST RESORT ,1051.0,begSP,-1.382411652,398.5357161,396.0,441.0,441.0,5.0,987511.0,1000000.0,101.0,15.0,147.0,15.0
スカーレット警察のゲットーパトロール24時,1145.0,BSP,-1.385626149,588.5506048,585.0,651.0,651.0,7.0,988665.0,1000000.0,237.0,32.0,217.0,9.0
Like A Star,1058.0,BDP,-1.390722586,674.8228859,669.0,744.0,744.0,7.0,989547.0,1000000.0,179.0,15.0,248.0,9.0
Silent Hill (3rd christmas mix),89.0,CSP,-1.392391959,767.666321,761.0,846.0,846.0,10.0,986790.0,1000000.0,1060.0,45.0,282.0,50.0
Shades of Grey,257.0,ESP,-1.393764075,709.2611908,704.0,783.0,783.0,10.0,989393.0,1000000.0,1163.0,70.0,261.0,6.0
MARS WAR 3,247.0,BDP,-1.397182491,343.8430301,342.0,381.0,381.0,4.0,988555.0,1000000.0,173.0,27.0,127.0,4.0
SUPER STAR,45.0,BDP,-1.405048269,425.7310264,423.0,471.0,471.0,5.0,989354.0,1000000.0,148.0,20.0,157.0,0.0
めうめうぺったんたん！！ (ZAQUVA Remix),1242.0,DSP,-1.407585447,1122.308895,1107.0,1230.0,1230.0,10.0,990687.0,1000000.0,135.0,5.0,410.0,14.0
Debug Dance,1141.0,DSP,-1.409047305,946.3885984,936.0,1041.0,1041.0,11.0,989829.0,1000000.0,442.0,16.0,347.0,14.0
WILD SIDE,499.0,BSP,-1.409264621,640.4220783,637.0,708.0,708.0,6.0,987974.0,1000000.0,219.0,36.0,236.0,19.0
恋愛観測 -2021真夏のエンディング ver.-,1119.0,BSP,-1.415775021,765.0393838,758.0,843.0,843.0,8.0,989903.0,1000000.0,176.0,14.0,281.0,5.0
Something Comforting,1152.0,DSP,-1.429551103,730.1461346,723.0,804.0,804.0,8.0,987923.0,1000000.0,222.0,14.0,268.0,37.0
Flow (True Style),162.0,begSP,-1.436277589,300.078472,299.0,333.0,333.0,4.0,988822.0,1000000.0,107.0,27.0,111.0,0.0
LOGICAL DASH,177.0,DDP,-1.441991537,445.8843862,442.0,492.0,492.0,6.0,988263.0,1000000.0,137.0,12.0,164.0,17.0
Next FUTURE,1248.0,BSP,-1.452229982,477.7155083,475.0,528.0,528.0,6.0,987272.0,1000000.0,84.0,16.0,176.0,22.0
私をディスコに連れてって TOKYO,1052.0,BSP,-1.453197739,768.4349251,761.0,846.0,846.0,9.0,989485.0,1000000.0,222.0,15.0,282.0,16.0
Horatio,291.0,BDP,-1.453776072,362.8679218,361.0,402.0,402.0,5.0,987805.0,1000000.0,167.0,29.0,134.0,10.0
FIRE,241.0,BSP,-1.45439257,490.0084268,488.0,543.0,543.0,5.0,986919.0,1000000.0,121.0,29.0,181.0,19.0
Pure Rude,1195.0,BDP,-1.45526333,885.0391552,877.0,975.0,975.0,7.0,990066.0,1000000.0,165.0,15.0,325.0,1.0
JUST BELIEVE,1170.0,DSP,-1.46164486,746.981854,739.0,822.0,822.0,10.0,989779.0,1000000.0,187.0,11.0,274.0,13.0
50th Memorial Songs -Beginning Story-,838.0,BDP,-1.470819022,622.9588987,618.0,687.0,687.0,5.0,989824.0,1000000.0,171.0,18.0,229.0,4.0
This Beat Is.....,834.0,BSP,-1.480424917,373.2955751,372.0,414.0,414.0,4.0,988492.0,1000000.0,186.0,46.0,138.0,2.0
Summer Fairytale,517.0,BSP,-1.485718316,438.7279695,437.0,486.0,486.0,5.0,984736.0,1000000.0,137.0,33.0,162.0,31.0
Golden Arrow,916.0,BDP,-1.486282976,642.2738598,637.0,708.0,708.0,8.0,988833.0,1000000.0,300.0,25.0,236.0,19.0
羊皮紙の上の銀河,1187.0,DSP,-1.495299681,1086.328102,1071.0,1191.0,1191.0,10.0,988431.0,1000000.0,265.0,7.0,397.0,64.0
TimeHollow,323.0,BDP,-1.507991339,271.6158887,270.0,300.0,300.0,5.0,988404.0,1000000.0,129.0,19.0,100.0,9.0
jane jana,118.0,BSP,-1.524296399,424.876467,423.0,471.0,471.0,4.0,988834.0,1000000.0,143.0,32.0,157.0,0.0
ROOM,940.0,BDP,-1.546549814,537.3426779,534.0,594.0,594.0,5.0,988784.0,1000000.0,146.0,24.0,198.0,9.0
Saturday Night Love,199.0,BDP,-1.55057607,331.144232,329.0,366.0,366.0,4.0,989090.0,1000000.0,182.0,24.0,122.0,5.0
Brazilian Anthem,150.0,BSP,-1.55225702,447.2072661,445.0,495.0,495.0,5.0,988210.0,1000000.0,147.0,30.0,165.0,10.0
CURUS,156.0,BDP,-1.553577809,268.8121622,267.0,297.0,297.0,4.0,989891.0,1000000.0,191.0,22.0,99.0,0.0
Baile Le Samba,148.0,begSP,-1.558687848,135.2885753,135.0,150.0,150.0,1.0,988916.0,1000000.0,242.0,70.0,50.0,0.0
GLOW THE CROWN,1200.0,BDP,-1.564200104,675.5311086,664.0,738.0,738.0,8.0,991513.0,1000000.0,53.0,2.0,246.0,14.0
Twinkle Wonderland,982.0,BSP,-1.56911815,623.2134401,618.0,687.0,687.0,7.0,986883.0,1000000.0,167.0,18.0,229.0,40.0
Until the End,447.0,BDP,-1.57563391,846.1094462,837.0,930.0,930.0,8.0,985323.0,1000000.0,167.0,12.0,310.0,83.0
cachaca,151.0,BDP,-1.576216191,315.1397797,313.0,348.0,348.0,4.0,988499.0,1000000.0,178.0,22.0,116.0,10.0
You gotta move it (feat. Julie Rugaard),215.0,DSP,-1.588704519,590.0873562,585.0,651.0,651.0,8.0,987966.0,1000000.0,174.0,18.0,217.0,25.0
Get On Da Floor,840.0,BSP,-1.591436295,484.8092074,483.0,537.0,537.0,5.0,988211.0,1000000.0,195.0,49.0,179.0,9.0
Dance Phenomena,1055.0,BSP,-1.593633058,486.069685,483.0,537.0,537.0,5.0,988461.0,1000000.0,174.0,27.0,179.0,13.0
Something Comforting,1152.0,DDP,-1.598032506,743.9341542,734.0,816.0,816.0,8.0,988948.0,1000000.0,171.0,7.0,272.0,39.0
WILD SIDE,499.0,BDP,-1.608736941,643.746534,639.0,711.0,711.0,6.0,988295.0,1000000.0,165.0,23.0,237.0,19.0
Come Back To Me,1030.0,BDP,-1.613089573,635.06334,629.0,699.0,699.0,7.0,989964.0,1000000.0,171.0,15.0,233.0,9.0
SHINY DAYS,981.0,BSP,-1.622781326,300.2814474,299.0,333.0,333.0,4.0,987763.0,1000000.0,210.0,45.0,111.0,7.0
HYPERDRIVE,948.0,BDP,-1.62300551,638.5318407,634.0,705.0,705.0,6.0,988927.0,1000000.0,182.0,26.0,235.0,12.0
9th Outburst,1252.0,DSP,-1.626605554,1042.991926,1023.0,1137.0,1137.0,11.0,991309.0,1000000.0,88.0,2.0,379.0,32.0
AA,146.0,begSP,-1.63042092,291.7358243,291.0,324.0,324.0,3.0,988484.0,1000000.0,166.0,52.0,108.0,0.0
The Light,836.0,BDP,-1.632319903,425.6193933,423.0,471.0,471.0,5.0,986196.0,1000000.0,274.0,40.0,157.0,25.0
リスペク風神,1143.0,BDP,-1.634566559,408.2244825,405.0,450.0,450.0,5.0,989406.0,1000000.0,133.0,16.0,150.0,9.0
Such A Feeling,1162.0,DSP,-1.635286551,669.7060297,661.0,735.0,735.0,11.0,990039.0,1000000.0,185.0,8.0,245.0,19.0
カゲロウ,216.0,begSP,-1.641658558,318.5125009,318.0,354.0,354.0,3.0,988345.0,1000000.0,123.0,47.0,118.0,0.0
BURNING HEAT！（3 Option MIX）,73.0,begSP,-1.655435244,259.4450489,259.0,288.0,288.0,3.0,988471.0,1000000.0,142.0,52.0,96.0,0.0
rainbow flyer,196.0,BDP,-1.670035806,320.2121794,318.0,354.0,354.0,3.0,987495.0,1000000.0,247.0,30.0,118.0,14.0
MA・TSU・RI,1118.0,DSP,-1.671016587,1004.650414,990.0,1101.0,1101.0,10.0,990242.0,1000000.0,504.0,11.0,367.0,26.0
The Lonely Streets,620.0,BSP,-1.673376683,240.8277962,240.0,267.0,267.0,4.0,989035.0,1000000.0,122.0,33.0,89.0,0.0
Party Lights,306.0,DSP,-1.673603827,557.5719094,553.0,615.0,615.0,6.0,987168.0,1000000.0,131.0,17.0,205.0,32.0
Sacred Oath,382.0,BSP,-1.678384968,333.1834422,332.0,369.0,369.0,4.0,986734.0,1000000.0,195.0,50.0,123.0,16.0
Love Again,366.0,BDP,-1.682211259,301.2640183,299.0,333.0,333.0,3.0,986613.0,1000000.0,217.0,24.0,111.0,18.0
TSUGARU,93.0,BSP,-1.685946896,338.7813801,337.0,375.0,375.0,5.0,986566.0,1000000.0,186.0,35.0,125.0,18.0
GROOVE 04,1220.0,BDP,-1.686738244,754.9538689,745.0,828.0,828.0,8.0,990103.0,1000000.0,121.0,7.0,276.0,22.0
Tracers (4Beat Remix),324.0,ESP,-1.703588906,837.0975276,828.0,921.0,921.0,10.0,990151.0,1000000.0,749.0,34.0,307.0,7.0
The Light,836.0,begSP,-1.711905811,278.5417057,278.0,309.0,309.0,2.0,985216.0,1000000.0,240.0,82.0,103.0,17.0
Snow Garland Fairy,1155.0,BDP,-1.712317549,600.1939887,594.0,660.0,660.0,8.0,989677.0,1000000.0,340.0,21.0,220.0,16.0
STAY (Organic house Version),130.0,DDP,-1.714661104,444.0475866,440.0,489.0,489.0,7.0,989696.0,1000000.0,119.0,13.0,163.0,8.0
Kiss me all night long,121.0,DSP,-1.727935052,558.3275972,556.0,618.0,618.0,6.0,987857.0,1000000.0,216.0,53.0,206.0,13.0
Everything I Need,513.0,BSP,-1.733608974,368.9564409,367.0,408.0,408.0,4.0,985578.0,1000000.0,112.0,24.0,136.0,26.0
Try 2 Luv. U,211.0,DDP,-1.736708614,372.7530808,369.0,411.0,411.0,6.0,989113.0,1000000.0,138.0,12.0,137.0,10.0
Rise As One,1197.0,BSP,-1.737915541,614.2846157,604.0,672.0,672.0,7.0,991079.0,1000000.0,73.0,3.0,224.0,15.0
Abrupt Madness,1203.0,BDP,-1.750171108,721.6251667,712.0,792.0,792.0,8.0,990369.0,1000000.0,54.0,5.0,264.0,14.0
Slip Out,312.0,ESP,-1.758437268,560.5710093,556.0,618.0,618.0,9.0,989199.0,1000000.0,533.0,48.0,206.0,13.0
STEP MACHINE,950.0,BDP,-1.75918825,640.9349712,634.0,705.0,705.0,7.0,989266.0,1000000.0,196.0,15.0,235.0,21.0
ON-DO,1102.0,BDP,-1.762843759,637.3010584,629.0,699.0,699.0,8.0,991236.0,1000000.0,107.0,7.0,233.0,3.0
the beat,1172.0,DSP,-1.76713854,883.4978225,872.0,969.0,969.0,11.0,989875.0,1000000.0,206.0,11.0,323.0,28.0
妄想税,825.0,BDP,-1.77505553,569.221692,564.0,627.0,627.0,5.0,990009.0,1000000.0,179.0,19.0,209.0,6.0
puzzle,308.0,ESP,-1.775200963,579.5448734,575.0,639.0,639.0,8.0,989583.0,1000000.0,625.0,59.0,213.0,8.0
Musician,1165.0,begSP,-1.783141197,143.3141947,143.0,159.0,159.0,1.0,988728.0,1000000.0,104.0,35.0,53.0,0.0
Inner Spirit -GIGA HiTECH MIX-,970.0,BDP,-1.783571952,778.7473287,769.0,855.0,855.0,7.0,990251.0,1000000.0,174.0,11.0,285.0,15.0
Till the lonely's gone,322.0,BSP,-1.788498952,334.9700917,334.0,372.0,372.0,4.0,987290.0,1000000.0,139.0,44.0,124.0,8.0
INNOCENCE OF SILENCE,172.0,BDP,-1.796214537,425.2517665,421.0,468.0,468.0,5.0,990077.0,1000000.0,140.0,13.0,156.0,7.0
JET WORLD,119.0,BSP,-1.801693529,471.5629682,469.0,522.0,522.0,4.0,988228.0,1000000.0,126.0,28.0,174.0,10.0
Dreamin&rsquo;,619.0,BDP,-1.80303086,464.7522028,461.0,513.0,513.0,5.0,989944.0,1000000.0,146.0,20.0,171.0,1.0
☆shining☆,337.0,BSP,-1.803043915,525.6332468,523.0,582.0,582.0,5.0,986690.0,1000000.0,155.0,36.0,194.0,24.0
トランスダンスアナーキー,1228.0,BDP,-1.806499602,1210.480472,1188.0,1320.0,1320.0,9.0,990111.0,1000000.0,72.0,3.0,440.0,63.0
I'm Flying Away,1048.0,DDP,-1.814224172,739.8247151,731.0,813.0,813.0,8.0,990488.0,1000000.0,96.0,9.0,271.0,7.0
On the Night of a Still Wind,1161.0,ESP,-1.817653356,1514.033993,1485.0,1650.0,1650.0,14.0,989458.0,1000000.0,704.0,6.0,550.0,99.0
Going Hypersonic,971.0,BDP,-1.826078628,582.372734,577.0,642.0,642.0,7.0,989643.0,1000000.0,205.0,22.0,214.0,8.0
COME BACK TO MY HEART,435.0,CSP,-1.836077171,486.1112818,483.0,537.0,537.0,6.0,984326.0,1000000.0,674.0,88.0,179.0,45.0
Starlight in the Snow,917.0,DSP,-1.839522758,913.591494,901.0,1002.0,1002.0,11.0,990000.0,1000000.0,632.0,19.0,334.0,26.0
ハルイチバン,775.0,DSP,-1.853711072,676.3682078,672.0,747.0,747.0,7.0,987875.0,1000000.0,467.0,71.0,249.0,25.0
Prettiful!,1123.0,DSP,-1.85534251,832.8181979,820.0,912.0,912.0,10.0,991617.0,1000000.0,376.0,10.0,304.0,0.0
Far east nightbird kors k Remix -DDR edit ver-,736.0,begSP,-1.885361059,210.7938785,210.0,234.0,234.0,3.0,988565.0,1000000.0,192.0,49.0,78.0,1.0
Dance Celebration (System 7 Remix),283.0,BDP,-1.887651832,462.9373819,459.0,510.0,510.0,7.0,987574.0,1000000.0,144.0,19.0,170.0,27.0
Take Me,1133.0,DDP,-1.893102106,569.535685,561.0,624.0,624.0,7.0,991524.0,1000000.0,82.0,5.0,208.0,3.0
Vem brincar,270.0,DDP,-1.895914178,652.3000876,645.0,717.0,717.0,7.0,989750.0,1000000.0,139.0,13.0,239.0,17.0
ROOM,940.0,BSP,-1.914368666,532.1317201,529.0,588.0,588.0,5.0,988880.0,1000000.0,182.0,37.0,196.0,9.0
SKY HIGH (20th Anniversary Mix),863.0,BDP,-1.91761135,486.9207566,483.0,537.0,537.0,6.0,990058.0,1000000.0,169.0,24.0,179.0,2.0
Too Late Snow,1093.0,BSP,-1.920630042,635.3545959,631.0,702.0,702.0,5.0,986944.0,1000000.0,154.0,29.0,234.0,22.0
I'm Flying Away,1048.0,DSP,-1.921151096,737.9115299,731.0,813.0,813.0,8.0,989797.0,1000000.0,154.0,20.0,271.0,7.0
TWINKLE&#9825;HEART,455.0,BDP,-1.928417841,451.8294078,448.0,498.0,498.0,4.0,989305.0,1000000.0,239.0,28.0,166.0,11.0
カゲロウ,216.0,BDP,-1.930912691,374.8482909,372.0,414.0,414.0,4.0,989577.0,1000000.0,207.0,29.0,138.0,3.0
Lose Your Sense,1158.0,begSP,-1.94204409,440.8333154,437.0,486.0,486.0,6.0,988991.0,1000000.0,101.0,15.0,162.0,13.0
Top The Charts,519.0,DSP,-1.945023047,666.0722933,661.0,735.0,735.0,8.0,988870.0,1000000.0,465.0,60.0,245.0,15.0
LA BAMBA,122.0,BDP,-1.945758815,423.9724831,421.0,468.0,468.0,4.0,989971.0,1000000.0,167.0,28.0,156.0,1.0
JUST BELIEVE,1170.0,ESP,-1.948467907,1044.45618,1026.0,1140.0,1140.0,14.0,991667.0,1000000.0,628.0,9.0,380.0,15.0
ポジティブ☆ダンスタイム,1206.0,ESP,-1.960697026,1299.255583,1277.0,1419.0,1419.0,12.0,991660.0,1000000.0,788.0,13.0,473.0,6.0
Starry Sky,833.0,BSP,-1.982253897,612.0952753,607.0,675.0,675.0,6.0,988235.0,1000000.0,205.0,29.0,225.0,24.0
STAY (Joey Riot remix),1132.0,DDP,-1.984045585,671.9522715,664.0,738.0,738.0,9.0,990879.0,1000000.0,110.0,11.0,246.0,3.0
Battle Against a True Hero,1211.0,BDP,-1.993823453,486.2481374,480.0,534.0,534.0,7.0,989398.0,1000000.0,117.0,9.0,178.0,20.0
Snow Garland Fairy,1155.0,BSP,-1.996855036,620.9439376,615.0,684.0,684.0,8.0,989236.0,1000000.0,436.0,40.0,228.0,16.0
Back In Your Arms,507.0,BSP,-2.009185931,436.5261147,434.0,483.0,483.0,5.0,988333.0,1000000.0,156.0,34.0,161.0,10.0
escape,524.0,BSP,-2.013916294,430.8362515,429.0,477.0,477.0,5.0,988967.0,1000000.0,184.0,49.0,159.0,3.0
Beluga,1073.0,BDP,-2.016892672,289.6589922,288.0,321.0,321.0,4.0,987679.0,1000000.0,152.0,32.0,107.0,8.0
GLITTER,1180.0,BDP,-2.01756518,864.0925474,847.0,942.0,942.0,8.0,991895.0,1000000.0,78.0,3.0,314.0,16.0
Crazy Control,344.0,BDP,-2.021164562,323.6777692,321.0,357.0,357.0,4.0,990321.0,1000000.0,175.0,23.0,119.0,0.0
True Blue,571.0,begSP,-2.039545232,373.4579615,372.0,414.0,414.0,3.0,988352.0,1000000.0,169.0,48.0,138.0,5.0
ENDLESS,908.0,BSP,-2.049495,621.8408189,618.0,687.0,687.0,6.0,989181.0,1000000.0,264.0,52.0,229.0,6.0
Look at the Sky,1151.0,ESP,-2.051958625,858.8864509,847.0,942.0,942.0,10.0,989582.0,1000000.0,751.0,27.0,314.0,33.0
Realize,998.0,begSP,-2.066484766,267.7169806,267.0,297.0,297.0,3.0,987123.0,1000000.0,145.0,49.0,99.0,9.0
Throw Out,1237.0,DSP,-2.067201853,1015.936207,996.0,1107.0,1107.0,10.0,991815.0,1000000.0,244.0,5.0,369.0,22.0
雑草魂なめんなよ！,1001.0,DDP,-2.067274059,441.5195509,437.0,486.0,486.0,8.0,989951.0,1000000.0,215.0,21.0,162.0,8.0
Confession,520.0,BDP,-2.083629041,390.5894867,388.0,432.0,432.0,4.0,986861.0,1000000.0,257.0,45.0,144.0,20.0
IN THE ZONE,420.0,BDP,-2.094968573,441.6530983,437.0,486.0,486.0,5.0,989263.0,1000000.0,134.0,15.0,162.0,15.0
Summer Fairytale,517.0,DDP,-2.096494314,608.1325436,599.0,666.0,666.0,7.0,990220.0,1000000.0,139.0,8.0,222.0,23.0
Diamond Dust,408.0,BSP,-2.098081012,436.1351006,434.0,483.0,483.0,5.0,987691.0,1000000.0,291.0,68.0,161.0,13.0
輪廻の鴉,1253.0,DDP,-2.098223068,983.2652921,966.0,1068.0,1074.0,12.0,990753.0,999940.0,61.0,0.0,358.0,33.0
ヤマトなでなで&#9825;かぐや姫,573.0,BDP,-2.10916757,511.7970006,507.0,564.0,564.0,5.0,988749.0,1000000.0,271.0,31.0,188.0,18.0
era (nostalmix),35.0,BDP,-2.110177544,387.0742577,383.0,426.0,426.0,5.0,990820.0,1000000.0,169.0,17.0,142.0,0.0
毒占欲,880.0,BDP,-2.114654231,472.2033229,467.0,519.0,519.0,5.0,990171.0,1000000.0,163.0,16.0,173.0,10.0
Indigo Nocturne,1255.0,DSP,-2.116387381,1126.482516,1098.0,1220.0,1221.0,12.0,992626.0,999990.0,127.0,0.0,407.0,34.0
ジョジョ～その血の運命～,541.0,BDP,-2.119572492,319.1228243,315.0,351.0,351.0,4.0,990372.0,1000000.0,40.0,5.0,117.0,2.0
Votum stellarum -forest #25 DDR RMX-,273.0,BSP,-2.12632429,370.3572197,369.0,411.0,411.0,4.0,987326.0,1000000.0,165.0,50.0,137.0,9.0
PARTY ALL NIGHT(DJ KEN-BOW MIX),993.0,DSP,-2.145984163,877.4655822,864.0,960.0,960.0,9.0,990901.0,1000000.0,249.0,12.0,320.0,20.0
Dance Partay,622.0,BSP,-2.149606517,417.7069291,415.0,462.0,462.0,5.0,986650.0,1000000.0,142.0,30.0,154.0,22.0
Tomorrow Perfume,209.0,DDP,-2.157328699,554.6747119,548.0,609.0,609.0,7.0,990658.0,1000000.0,134.0,13.0,203.0,8.0
KEEP ON MOVIN' ～DMX MIX～,175.0,BDP,-2.161146966,326.3560664,324.0,360.0,360.0,4.0,989642.0,1000000.0,171.0,29.0,120.0,5.0
Next FUTURE,1248.0,DSP,-2.176181602,882.3383655,864.0,960.0,960.0,10.0,992349.0,1000000.0,200.0,4.0,320.0,17.0
I'm an Albatraoz,872.0,BDP,-2.179475915,334.97818,332.0,369.0,369.0,4.0,989417.0,1000000.0,177.0,23.0,123.0,9.0
L'amour et la libert&eacute;(DDR Ver.),123.0,BSP,-2.181718184,497.5244867,494.0,549.0,549.0,6.0,988635.0,1000000.0,141.0,28.0,183.0,15.0
cachaca,151.0,begSP,-2.20318422,172.7105836,172.0,192.0,192.0,1.0,984627.0,1000000.0,259.0,65.0,64.0,11.0
Finale,1213.0,ESP,-2.209332289,1119.14426,1098.0,1221.0,1221.0,13.0,988595.0,1000000.0,740.0,12.0,407.0,91.0
La libertad,363.0,BDP,-2.21876041,465.8493848,461.0,513.0,513.0,6.0,990057.0,1000000.0,170.0,20.0,171.0,6.0
CG Project,343.0,BSP,-2.22379632,495.3556365,494.0,549.0,549.0,5.0,988149.0,1000000.0,422.0,139.0,183.0,8.0
ちくわパフェだよ☆ＣＫＰ (Yvya Remix),1245.0,DSP,-2.245845207,978.3569707,958.0,1065.0,1065.0,10.0,992145.0,1000000.0,121.0,4.0,355.0,19.0
TEARS,133.0,BSP,-2.249161852,504.0356954,502.0,558.0,558.0,6.0,988289.0,1000000.0,170.0,51.0,186.0,9.0
perditus&dagger;paradisus,1110.0,BDP,-2.257631513,780.493401,766.0,852.0,852.0,8.0,991858.0,1000000.0,152.0,6.0,284.0,11.0
パピポペピプペパ,1043.0,BDP,-2.278164652,664.6172328,658.0,732.0,732.0,6.0,989675.0,1000000.0,200.0,27.0,244.0,11.0
恋の氷結おてんば湯けむりチルノ温泉,1144.0,BSP,-2.284170632,671.3157214,661.0,735.0,735.0,7.0,990985.0,1000000.0,157.0,10.0,245.0,14.0
&hearts;Love&sup2;シュガ&rarr;&hearts;,98.0,BDP,-2.292233416,363.648591,361.0,402.0,402.0,4.0,989716.0,1000000.0,191.0,35.0,134.0,0.0
30 Lives (Up-Up-Down-Dance Mix),275.0,DDP,-2.293302829,592.4090081,585.0,651.0,651.0,6.0,989522.0,1000000.0,166.0,16.0,217.0,20.0
[ ]DENTITY,1258.0,BDP,-2.293678462,738.7387446,720.0,800.0,801.0,8.0,992556.0,999990.0,57.0,0.0,267.0,28.0
30 Lives (Up-Up-Down-Dance Mix),275.0,BDP,-2.294800685,312.2913148,310.0,345.0,345.0,3.0,989386.0,1000000.0,257.0,42.0,115.0,4.0
You You You,1127.0,DSP,-2.299499596,844.4863265,831.0,924.0,924.0,10.0,991714.0,1000000.0,342.0,15.0,308.0,2.0
GORGEOUS 2012,167.0,BDP,-2.301040658,358.5678851,356.0,396.0,396.0,5.0,987894.0,1000000.0,136.0,27.0,132.0,15.0
Be With You (Still Miss you),1159.0,DDP,-2.305531689,621.8772601,612.0,681.0,681.0,9.0,989140.0,1000000.0,90.0,7.0,227.0,37.0
IF YOU WERE HERE,357.0,BSP,-2.319027732,518.7675915,513.0,570.0,570.0,6.0,989941.0,1000000.0,74.0,11.0,190.0,11.0
Broken,1183.0,DSP,-2.338895087,666.0862235,656.0,729.0,729.0,9.0,990813.0,1000000.0,226.0,13.0,243.0,18.0
モノクロモーメント,1034.0,BSP,-2.339166219,726.8251419,720.0,801.0,801.0,7.0,988994.0,1000000.0,210.0,32.0,267.0,19.0
Poseidon(kors k mix),374.0,BDP,-2.339711922,342.370334,340.0,378.0,378.0,4.0,988699.0,1000000.0,228.0,42.0,126.0,10.0
Euphoric Fragmentation,1235.0,BDP,-2.341271768,723.653201,710.0,789.0,789.0,8.0,992200.0,1000000.0,103.0,5.0,263.0,10.0
puzzle,308.0,DDP,-2.346330457,430.0686858,426.0,474.0,474.0,6.0,990116.0,1000000.0,129.0,20.0,158.0,3.0
PUT YOUR FAITH IN ME (DA's Twinkly Disco Remix),483.0,BSP,-2.360366391,407.9842176,405.0,450.0,450.0,5.0,988485.0,1000000.0,173.0,33.0,150.0,15.0
Saturn,256.0,begSP,-2.360623496,237.641306,237.0,264.0,264.0,3.0,988487.0,1000000.0,120.0,43.0,88.0,0.0
Ska Ska No.3,203.0,BSP,-2.375712496,261.6985919,261.0,291.0,291.0,3.0,988259.0,1000000.0,112.0,41.0,97.0,0.0
Fever,406.0,ESP,-2.384263213,765.1828251,756.0,840.0,840.0,9.0,990118.0,1000000.0,1003.0,63.0,280.0,18.0
Happy Wedding,114.0,BDP,-2.389612947,370.2531917,367.0,408.0,408.0,5.0,990413.0,1000000.0,159.0,25.0,136.0,1.0
&#9825;Drive My Heart&#9825;,1056.0,DSP,-2.401239479,725.4003373,718.0,798.0,798.0,8.0,990523.0,1000000.0,339.0,41.0,266.0,2.0
"Every Day, Every Night(NM STYLE)",239.0,ESP,-2.407789264,656.6524057,650.0,723.0,723.0,9.0,990292.0,1000000.0,846.0,80.0,241.0,3.0
Feidie,929.0,BSP,-2.422903709,602.3794278,599.0,666.0,666.0,6.0,989105.0,1000000.0,209.0,53.0,222.0,5.0
39,826.0,BSP,-2.438718534,448.0795124,445.0,495.0,495.0,6.0,986754.0,1000000.0,237.0,48.0,165.0,26.0
Back In Your Arms,507.0,BDP,-2.457981668,416.9711755,413.0,459.0,459.0,5.0,989783.0,1000000.0,152.0,23.0,153.0,9.0
You gotta move it (feat. Julie Rugaard),215.0,DDP,-2.460408975,557.1485639,548.0,609.0,609.0,7.0,990691.0,1000000.0,123.0,8.0,203.0,21.0
Waiting 4 u,330.0,BDP,-2.473453482,582.9276908,577.0,642.0,642.0,6.0,990122.0,1000000.0,159.0,24.0,214.0,5.0
Trickster,325.0,BSP,-2.477750201,389.569327,383.0,426.0,426.0,5.0,991081.0,1000000.0,40.0,4.0,142.0,10.0
Qipch&#x101;q,492.0,BSP,-2.492508246,396.7603875,394.0,438.0,438.0,5.0,989239.0,1000000.0,147.0,32.0,146.0,7.0
B4U (The Acolyte mix),1047.0,DSP,-2.49616761,694.1652275,683.0,759.0,759.0,9.0,991607.0,1000000.0,196.0,12.0,253.0,9.0
Sparkle Dreams,1209.0,BSP,-2.508522994,724.1159204,715.0,795.0,795.0,8.0,989605.0,1000000.0,476.0,38.0,265.0,25.0
Draw the Savage,962.0,BDP,-2.512049539,556.8610404,550.0,612.0,612.0,6.0,990021.0,1000000.0,185.0,20.0,204.0,13.0
しゅわスパ大作戦☆,1231.0,DSP,-2.519090423,1093.000345,1071.0,1191.0,1191.0,10.0,990637.0,1000000.0,210.0,8.0,397.0,53.0
未来（ダ）FUTURE,867.0,BDP,-2.532569179,714.0010173,704.0,783.0,783.0,7.0,991055.0,1000000.0,224.0,19.0,261.0,6.0
Until the End,447.0,DSP,-2.535850091,821.1362971,810.0,900.0,900.0,9.0,989885.0,1000000.0,282.0,24.0,300.0,30.0
STAY (Organic house Version),130.0,ESP,-2.538645781,583.84064,577.0,642.0,642.0,9.0,990508.0,1000000.0,722.0,57.0,214.0,5.0
カラフルミニッツ,1178.0,DDP,-2.542664737,499.7944561,491.0,546.0,546.0,7.0,991438.0,1000000.0,89.0,6.0,182.0,13.0
real-high-SPEED,376.0,BSP,-2.556508717,387.337817,386.0,429.0,429.0,4.0,988074.0,1000000.0,141.0,48.0,143.0,9.0
On the Night of a Still Wind,1161.0,DDP,-2.563697553,1001.730137,977.0,1086.0,1086.0,11.0,990825.0,1000000.0,113.0,3.0,362.0,75.0
Curry Up,1129.0,ESP,-2.569239388,958.8401227,942.0,1047.0,1047.0,13.0,990923.0,1000000.0,797.0,24.0,349.0,31.0
Tomorrow Perfume,209.0,ESP,-2.593560231,796.3213934,785.0,873.0,873.0,10.0,989609.0,1000000.0,910.0,48.0,291.0,33.0
DIGITAL LUV,914.0,BDP,-2.604058945,451.7566397,448.0,498.0,498.0,5.0,989459.0,1000000.0,212.0,38.0,166.0,9.0
Skywalking,842.0,begSP,-2.61003561,419.9054941,418.0,465.0,465.0,4.0,988102.0,1000000.0,140.0,43.0,155.0,9.0
Awakening Wings,1140.0,BDP,-2.62038631,383.4717335,380.0,423.0,423.0,5.0,989774.0,1000000.0,119.0,22.0,141.0,4.0
Secret Rendez-vous,87.0,BSP,-2.645561233,257.3293617,256.0,285.0,285.0,4.0,989095.0,1000000.0,126.0,35.0,95.0,1.0
50th Memorial Songs -二人の時 ～under the cherry blossoms～-,850.0,BDP,-2.654292078,716.296061,707.0,786.0,786.0,7.0,990260.0,1000000.0,201.0,22.0,262.0,17.0
Debug Dance,1141.0,BSP,-2.656915616,734.7913964,723.0,804.0,804.0,8.0,990982.0,1000000.0,215.0,15.0,268.0,17.0
Surrender (PureFocus remix),1192.0,DSP,-2.657941424,835.4465156,820.0,912.0,912.0,10.0,991296.0,1000000.0,183.0,10.0,304.0,23.0
Racing with Time (NAOKI's 999 remix),1190.0,DDP,-2.666976613,847.367918,828.0,921.0,921.0,11.0,992707.0,1000000.0,95.0,4.0,307.0,14.0
SODA GALAXY,843.0,BSP,-2.66818928,580.7249518,577.0,642.0,642.0,6.0,988375.0,1000000.0,291.0,68.0,214.0,14.0
輪廻の鴉,1253.0,BDP,-2.678945213,765.6059268,742.0,825.0,825.0,8.0,994486.0,1000000.0,49.0,1.0,275.0,13.0
サヨナラ・ヘヴン,1103.0,BSP,-2.679991286,265.8268068,264.0,294.0,294.0,3.0,988382.0,1000000.0,143.0,32.0,98.0,7.0
魔法のたまご ～心菜 ELECTRO POP edition～,686.0,begSP,-2.68295456,254.4793639,253.0,282.0,282.0,3.0,989138.0,1000000.0,173.0,43.0,94.0,0.0
リスペク風神,1143.0,BSP,-2.689084547,378.2040578,375.0,417.0,417.0,5.0,989522.0,1000000.0,167.0,31.0,139.0,7.0
White Stream,1257.0,DSP,-2.692238758,1299.44578,1260.0,1400.0,1401.0,13.0,993344.0,999990.0,154.0,0.0,467.0,52.0
THE SHINING POLARIS,206.0,ESP,-2.703901898,845.7703291,834.0,927.0,927.0,9.0,986926.0,1000000.0,840.0,53.0,309.0,75.0
カラフルミニッツ,1178.0,ESP,-2.712079547,846.3469495,831.0,924.0,924.0,11.0,991559.0,1000000.0,621.0,21.0,308.0,17.0
ふりそでーしょん,542.0,BDP,-2.725133117,400.5518567,394.0,438.0,438.0,4.0,991765.0,1000000.0,42.0,5.0,146.0,5.0
Magnetic,548.0,begSP,-2.729220639,352.4009417,351.0,390.0,390.0,3.0,989310.0,1000000.0,158.0,51.0,130.0,1.0
ラブキラ☆スプラッシュ,927.0,begSP,-2.735566589,333.3413872,332.0,369.0,369.0,2.0,987384.0,1000000.0,191.0,60.0,123.0,13.0
SO IN LOVE,129.0,ESP,-2.757338368,594.0704009,585.0,651.0,651.0,9.0,989776.0,1000000.0,762.0,37.0,217.0,26.0
Music In The Rhythm,249.0,BDP,-2.757636711,626.0862378,618.0,687.0,687.0,5.0,991112.0,1000000.0,143.0,18.0,229.0,3.0
Mess With My Emotions,1084.0,DSP,-2.778944726,754.3686816,739.0,822.0,822.0,9.0,992466.0,1000000.0,182.0,8.0,274.0,7.0
insist,1164.0,BDP,-2.785985822,547.2028592,540.0,600.0,600.0,7.0,990812.0,1000000.0,131.0,16.0,200.0,10.0
Finale,1213.0,BDP,-2.791041592,482.3352962,475.0,528.0,528.0,5.0,988739.0,1000000.0,97.0,10.0,176.0,34.0
INSIDE YOUR HEART,173.0,BDP,-2.793856971,345.958961,342.0,381.0,381.0,3.0,989533.0,1000000.0,223.0,27.0,127.0,9.0
GLITTER,1180.0,BSP,-2.810223826,943.1258345,923.0,1026.0,1026.0,8.0,992415.0,1000000.0,108.0,6.0,342.0,16.0
Flip Flap,1179.0,DSP,-2.811235128,850.5151563,834.0,927.0,927.0,8.0,989882.0,1000000.0,233.0,11.0,309.0,57.0
Pure Rude,1195.0,begSP,-2.820603864,392.8329735,391.0,435.0,435.0,3.0,989220.0,1000000.0,123.0,39.0,145.0,0.0
We Will Live Together,1134.0,DDP,-2.828987974,846.7135897,831.0,924.0,924.0,10.0,991613.0,1000000.0,146.0,10.0,308.0,17.0
ポッピンキャンディ☆フィーバー！,1207.0,DSP,-2.833066889,932.7306073,915.0,1017.0,1017.0,10.0,991737.0,1000000.0,382.0,16.0,339.0,20.0
Like A Star,1058.0,BSP,-2.835701787,672.5926807,664.0,738.0,738.0,7.0,990243.0,1000000.0,258.0,29.0,246.0,17.0
GRADIUS REMIX（&uarr;&uarr;&darr;&darr;&larr;&rarr;&larr;&rarr;BA Ver.),1065.0,BSP,-2.837424807,485.0848578,480.0,534.0,534.0,6.0,989657.0,1000000.0,143.0,24.0,178.0,11.0
伐折羅-vajra-,1182.0,BDP,-2.839889891,673.3508739,661.0,735.0,735.0,7.0,991928.0,1000000.0,103.0,8.0,245.0,10.0
恋のパズルマジック,766.0,BSP,-2.846055699,440.7654767,437.0,486.0,486.0,6.0,989063.0,1000000.0,335.0,58.0,162.0,12.0
Mythomane,915.0,BDP,-2.851840359,440.7598689,434.0,483.0,483.0,6.0,991424.0,1000000.0,128.0,12.0,161.0,4.0
GORGEOUS 2012,167.0,ESP,-2.882305958,757.0789423,745.0,828.0,828.0,10.0,991676.0,1000000.0,751.0,38.0,276.0,6.0
KISS KISS KISS 秋葉工房 MIX,362.0,BDP,-2.887655494,449.7739931,445.0,495.0,495.0,4.0,990014.0,1000000.0,233.0,34.0,165.0,8.0
Dance With The Dead,1254.0,BDP,-2.888922012,626.8666055,607.0,675.0,675.0,8.0,993656.0,1000000.0,42.0,1.0,225.0,33.0
羊皮紙の上の銀河,1187.0,BDP,-2.904137832,475.9126861,469.0,522.0,522.0,6.0,989483.0,1000000.0,87.0,11.0,174.0,22.0
Share The Love,440.0,BDP,-2.917918647,328.9937309,326.0,363.0,363.0,4.0,987597.0,1000000.0,183.0,33.0,121.0,17.0
Flow,161.0,BSP,-2.92846321,483.3085402,480.0,534.0,534.0,5.0,987952.0,1000000.0,157.0,40.0,178.0,17.0
I-W-U (I Want U),1208.0,BDP,-2.946323319,739.4357395,729.0,810.0,810.0,7.0,990765.0,1000000.0,256.0,26.0,270.0,16.0
ロキ(w/緒方恵美),1012.0,begSP,-2.946453543,253.8794192,253.0,282.0,282.0,2.0,987949.0,1000000.0,183.0,63.0,94.0,3.0
Quickening,195.0,DDP,-2.950914871,668.0595615,658.0,732.0,732.0,6.0,990317.0,1000000.0,147.0,16.0,244.0,21.0
50th Memorial Songs -The BEMANI History-,852.0,BSP,-2.989038384,542.5715375,537.0,597.0,597.0,5.0,989240.0,1000000.0,170.0,30.0,199.0,18.0
Settin' the Scene,1111.0,DDP,-2.992259074,519.0810119,510.0,567.0,567.0,8.0,992148.0,1000000.0,84.0,8.0,189.0,4.0
Raspberry&#9825;Heart(English version),255.0,BDP,-2.997777757,534.9344938,529.0,588.0,588.0,5.0,990755.0,1000000.0,194.0,30.0,196.0,3.0
Truare!,633.0,begSP,-3.055757761,452.4144516,450.0,501.0,501.0,3.0,988719.0,1000000.0,132.0,41.0,167.0,4.0
ポラリスノウタ,1239.0,DSP,-3.057646501,929.6914246,907.0,1008.0,1008.0,9.0,992445.0,1000000.0,197.0,6.0,336.0,35.0
IN THE ZONE,420.0,BSP,-3.059338438,241.2677036,240.0,267.0,267.0,4.0,988063.0,1000000.0,114.0,34.0,89.0,6.0
[ ]DENTITY,1258.0,BSP,-3.070861451,713.8958766,693.0,771.0,771.0,8.0,993791.0,1000000.0,75.0,2.0,257.0,20.0
south,496.0,BDP,-3.110946767,402.9933839,399.0,444.0,444.0,5.0,990414.0,1000000.0,183.0,33.0,148.0,1.0
Unreality,1095.0,begSP,-3.122325227,194.8015414,194.0,216.0,216.0,2.0,987748.0,1000000.0,179.0,57.0,72.0,5.0
Abrupt Madness,1203.0,BSP,-3.12883556,714.2684698,702.0,780.0,780.0,8.0,991560.0,1000000.0,90.0,10.0,260.0,15.0
BAD GIRLS,473.0,BDP,-3.148882226,318.6470804,313.0,348.0,348.0,5.0,992659.0,1000000.0,42.0,5.0,116.0,0.0
GRADIUS REMIX（&uarr;&uarr;&darr;&darr;&larr;&rarr;&larr;&rarr;BA Ver.),1065.0,BDP,-3.163643983,471.0497782,464.0,516.0,516.0,6.0,990830.0,1000000.0,117.0,14.0,172.0,12.0
折れないハート,505.0,BDP,-3.166201297,382.0644669,375.0,417.0,417.0,4.0,991727.0,1000000.0,43.0,5.0,139.0,10.0
最速最高シャッターガール,1142.0,BSP,-3.176822897,730.9944969,718.0,798.0,798.0,7.0,991485.0,1000000.0,208.0,16.0,266.0,18.0
Environ [De-SYNC] (feat. lythe),1097.0,DSP,-3.18554933,1030.959949,1007.0,1119.0,1119.0,12.0,992324.0,1000000.0,615.0,14.0,373.0,33.0
Dance Floor,285.0,BDP,-3.187876936,310.7534363,307.0,342.0,342.0,5.0,990563.0,1000000.0,143.0,21.0,114.0,2.0
Sector,1167.0,begSP,-3.195894287,323.3359123,321.0,357.0,357.0,5.0,989277.0,1000000.0,98.0,26.0,119.0,5.0
Racing with Time (NAOKI's 999 remix),1190.0,DSP,-3.196157118,826.2292601,810.0,900.0,900.0,11.0,992160.0,1000000.0,207.0,13.0,300.0,15.0
sync (EXTREME version),132.0,BDP,-3.198357788,568.4385766,561.0,624.0,624.0,6.0,989927.0,1000000.0,161.0,23.0,208.0,18.0
SHINY DAYS,981.0,BDP,-3.233774454,300.0650322,297.0,330.0,330.0,4.0,990003.0,1000000.0,187.0,31.0,110.0,7.0
恋愛観測 -2021真夏のエンディング ver.-,1119.0,BDP,-3.279204529,770.6687577,753.0,837.0,837.0,8.0,993248.0,1000000.0,134.0,7.0,279.0,5.0
SUN&sup2; SUMMER STEP!,800.0,BSP,-3.297533918,315.2905993,313.0,348.0,348.0,3.0,986392.0,1000000.0,221.0,52.0,116.0,22.0
&uarr;&uarr;&darr;&darr;&larr;&rarr;&larr;&rarr;BA,1064.0,begSP,-3.298164955,320.3471094,318.0,354.0,354.0,4.0,988747.0,1000000.0,123.0,32.0,118.0,6.0
スカーレット警察のゲットーパトロール24時,1145.0,DSP,-3.315411321,945.5612863,923.0,1026.0,1026.0,11.0,991641.0,1000000.0,540.0,13.0,342.0,50.0
雫,454.0,begSP,-3.342231678,260.7380202,259.0,288.0,288.0,2.0,990048.0,1000000.0,153.0,40.0,96.0,0.0
exotic ethnic,62.0,BDP,-3.356822959,506.4060547,499.0,555.0,555.0,5.0,990889.0,1000000.0,185.0,22.0,185.0,9.0
Twinkle Wonderland,982.0,BDP,-3.371551218,595.9522378,585.0,651.0,651.0,7.0,989630.0,1000000.0,147.0,13.0,217.0,38.0
Baile Le Samba,148.0,DDP,-3.400928832,358.377777,353.0,393.0,393.0,6.0,991651.0,1000000.0,134.0,16.0,131.0,0.0
Anthurium,1054.0,BDP,-3.404282761,498.5245671,491.0,546.0,546.0,6.0,991471.0,1000000.0,184.0,21.0,182.0,5.0
STAY GOLD,1072.0,begSP,-3.40716562,317.980004,315.0,351.0,351.0,5.0,989454.0,1000000.0,140.0,30.0,117.0,5.0
A Stupid Barber,145.0,BDP,-3.410610069,352.3865301,348.0,387.0,387.0,4.0,990995.0,1000000.0,221.0,30.0,129.0,3.0
Musician,1165.0,BDP,-3.41791302,302.8072439,299.0,333.0,333.0,3.0,989724.0,1000000.0,104.0,17.0,111.0,9.0
A Brighter Day,338.0,BDP,-3.419234488,513.5561403,507.0,564.0,564.0,5.0,989104.0,1000000.0,231.0,33.0,188.0,24.0
Be With You (Still Miss you),1159.0,BDP,-3.422332714,376.7199204,372.0,414.0,414.0,5.0,988942.0,1000000.0,75.0,14.0,138.0,18.0
Slip Out (bounce in beat mix),313.0,ESP,-3.436882348,772.5758716,758.0,843.0,843.0,10.0,989547.0,1000000.0,675.0,34.0,281.0,53.0
un deux trois,212.0,DDP,-3.44760543,474.4383138,467.0,519.0,519.0,6.0,991065.0,1000000.0,150.0,17.0,173.0,13.0
Get Your Wish,1108.0,begSP,-3.485842525,195.3178329,194.0,216.0,216.0,3.0,987962.0,1000000.0,85.0,24.0,72.0,6.0
Finally Dive,1243.0,BSP,-3.491258057,556.4366439,550.0,612.0,612.0,6.0,990157.0,1000000.0,72.0,16.0,204.0,7.0
stealth,262.0,BSP,-3.506397213,512.8823804,510.0,567.0,567.0,5.0,989053.0,1000000.0,233.0,71.0,189.0,6.0
"BLUE FOG, SILVER BULLET.",1222.0,begSP,-3.522898779,432.5516034,426.0,474.0,474.0,5.0,990568.0,1000000.0,304.0,30.0,158.0,13.0
LOVE AGAIN TONIGHT～For Melissa MIX～,40.0,BDP,-3.526523137,492.5009855,486.0,540.0,540.0,5.0,991546.0,1000000.0,176.0,26.0,180.0,0.0
3y3s,1250.0,BSP,-3.537886907,978.5958019,955.0,1062.0,1062.0,9.0,992414.0,1000000.0,218.0,10.0,354.0,31.0
Crazy Hot,928.0,BDP,-3.553623768,668.3708681,658.0,732.0,732.0,6.0,990900.0,1000000.0,206.0,25.0,244.0,14.0
Debug Dance,1141.0,BDP,-3.572198897,738.5652815,723.0,804.0,804.0,8.0,992214.0,1000000.0,171.0,12.0,268.0,17.0
Ability,1175.0,BDP,-3.574122039,427.9710258,423.0,471.0,471.0,5.0,990160.0,1000000.0,118.0,23.0,157.0,5.0
I/O,441.0,begSP,-3.584167907,238.2558806,237.0,264.0,264.0,2.0,989185.0,1000000.0,186.0,57.0,88.0,0.0
KEEP ON MOVIN' ～DMX MIX～,175.0,BSP,-3.620366374,396.7574478,394.0,438.0,438.0,5.0,988551.0,1000000.0,145.0,41.0,146.0,12.0
MIDNIGHT SPECIAL,183.0,BSP,-3.630302318,452.1026253,445.0,495.0,495.0,7.0,990009.0,1000000.0,134.0,17.0,165.0,21.0
BE LOVIN,105.0,begSP,-3.667761081,361.0620543,359.0,399.0,399.0,4.0,989797.0,1000000.0,161.0,50.0,133.0,0.0
PARTY ALL NIGHT(DJ KEN-BOW MIX),993.0,BDP,-3.698781344,613.5549735,602.0,669.0,669.0,6.0,992539.0,1000000.0,129.0,13.0,223.0,4.0
ABSOLUTE,48.0,begSP,-3.711730414,334.9393246,332.0,369.0,369.0,3.0,990603.0,1000000.0,148.0,35.0,123.0,0.0
Qwerty,1075.0,BDP,-3.723345959,524.1557659,515.0,573.0,573.0,6.0,991836.0,1000000.0,117.0,14.0,191.0,6.0
On The Break,300.0,begSP,-3.726849968,238.1349113,237.0,264.0,264.0,3.0,989038.0,1000000.0,143.0,48.0,88.0,0.0
Dance Partay,622.0,BDP,-3.731959864,385.2598765,380.0,423.0,423.0,5.0,990414.0,1000000.0,150.0,23.0,141.0,8.0
Venus,271.0,BDP,-3.76409662,396.7074646,391.0,435.0,435.0,4.0,990511.0,1000000.0,165.0,23.0,145.0,11.0
AI,1028.0,begSP,-3.790461146,389.9731869,388.0,432.0,432.0,5.0,988292.0,1000000.0,202.0,67.0,144.0,7.0
Deep tenDon Reflex,1063.0,begSP,-3.800468477,216.9631464,216.0,240.0,240.0,3.0,986930.0,1000000.0,236.0,77.0,80.0,11.0
Hold Tight,1169.0,DDP,-3.804394731,579.9616766,567.0,630.0,630.0,8.0,992574.0,1000000.0,60.0,6.0,210.0,17.0
Kiss me all night long,121.0,DDP,-3.809032374,575.1252741,567.0,630.0,630.0,6.0,990850.0,1000000.0,187.0,28.0,210.0,13.0
Unreality,1095.0,BDP,-3.828715804,488.4010969,480.0,534.0,534.0,6.0,991049.0,1000000.0,279.0,26.0,178.0,15.0
All My Love,340.0,BDP,-3.830013314,398.6958327,394.0,438.0,438.0,5.0,989177.0,1000000.0,221.0,38.0,146.0,18.0
LOVE AGAIN TONIGHT～For Melissa MIX～,40.0,BSP,-3.840447766,520.1446054,515.0,573.0,573.0,5.0,990468.0,1000000.0,185.0,42.0,191.0,0.0
TRIP MACHINE,2.0,begSP,-3.848173228,287.6074287,286.0,318.0,318.0,3.0,989706.0,1000000.0,253.0,76.0,106.0,0.0
Tracers (4Beat Remix),324.0,BDP,-3.848963853,534.0694319,526.0,585.0,585.0,6.0,991313.0,1000000.0,123.0,19.0,195.0,7.0
Dance Celebration,282.0,BDP,-3.852298022,424.5680375,418.0,465.0,465.0,6.0,991273.0,1000000.0,128.0,18.0,155.0,7.0
Environ [De-SYNC] (feat. lythe),1097.0,BSP,-3.855099876,650.9512272,639.0,711.0,711.0,9.0,992193.0,1000000.0,244.0,23.0,237.0,3.0
Monkey Punk,185.0,BSP,-3.863294217,687.2934673,680.0,756.0,756.0,5.0,987898.0,1000000.0,127.0,30.0,252.0,30.0
Heavens and the Earth,1130.0,BDP,-3.872632638,328.1585895,324.0,360.0,360.0,5.0,990713.0,1000000.0,83.0,16.0,120.0,7.0
Closer to my Heart (jun remix),1081.0,DSP,-3.925249691,988.314315,966.0,1074.0,1074.0,11.0,991419.0,1000000.0,383.0,21.0,358.0,48.0
going up,353.0,begSP,-3.936521852,327.8151657,326.0,363.0,363.0,3.0,988529.0,1000000.0,106.0,36.0,121.0,4.0
I WANT YOUR LOVE (Darwin remix),1083.0,DDP,-3.940658374,794.5789754,774.0,861.0,861.0,9.0,993551.0,1000000.0,152.0,8.0,287.0,9.0
TRUE&hearts;LOVE,210.0,BDP,-3.942783465,421.3003776,415.0,462.0,462.0,4.0,991563.0,1000000.0,220.0,29.0,154.0,1.0
e-motion,6.0,BSP,-3.947973682,269.6540702,267.0,297.0,297.0,5.0,990741.0,1000000.0,312.0,59.0,99.0,0.0
Chance and Dice,281.0,DSP,-3.948371962,631.4843166,623.0,693.0,693.0,7.0,989288.0,1000000.0,255.0,41.0,231.0,28.0
Crystarium,1157.0,BDP,-3.969810795,409.0780184,402.0,447.0,447.0,6.0,992087.0,1000000.0,100.0,13.0,149.0,4.0
Get Your Wish,1108.0,BSP,-3.977228947,452.5662086,445.0,495.0,495.0,6.0,991635.0,1000000.0,130.0,17.0,165.0,7.0
Quick Master,194.0,BDP,-3.979288301,423.8879642,415.0,462.0,462.0,5.0,991074.0,1000000.0,155.0,12.0,154.0,21.0
High School Love,777.0,begSP,-4.024722185,369.0501062,367.0,408.0,408.0,3.0,987407.0,1000000.0,219.0,70.0,136.0,15.0
Une mage blanche,900.0,BDP,-4.029699961,739.9162217,729.0,810.0,810.0,7.0,990271.0,1000000.0,157.0,26.0,270.0,27.0
Take A Chance,318.0,BDP,-4.051548045,270.6765341,267.0,297.0,297.0,3.0,991013.0,1000000.0,224.0,31.0,99.0,4.0
ラキラキ,527.0,begSP,-4.051685413,210.6184519,210.0,234.0,234.0,2.0,987227.0,1000000.0,199.0,78.0,78.0,5.0
dream of love,236.0,DSP,-4.069612022,524.0553632,518.0,576.0,576.0,6.0,990360.0,1000000.0,133.0,29.0,192.0,8.0
Don't Stop!～AMD 2nd MIX～,33.0,BDP,-4.081453481,308.9453145,305.0,339.0,339.0,4.0,991538.0,1000000.0,183.0,30.0,113.0,0.0
This Beat Is.....,834.0,begSP,-4.110710465,211.3950651,210.0,234.0,234.0,1.0,988311.0,1000000.0,233.0,65.0,78.0,5.0
Metamorphic,1256.0,BSP,-4.118211069,987.1844595,958.0,1065.0,1065.0,11.0,994530.0,1000000.0,98.0,5.0,355.0,2.0
Crystarium,1157.0,BSP,-4.118597176,453.7157826,448.0,498.0,498.0,6.0,990759.0,1000000.0,113.0,23.0,166.0,7.0
Twin memories W,780.0,BDP,-4.127146778,565.3982344,556.0,618.0,618.0,6.0,990449.0,1000000.0,219.0,27.0,206.0,25.0
HEARTBREAK (Sound Selektaz remix),415.0,DDP,-4.129249728,555.5368871,545.0,606.0,606.0,6.0,990271.0,1000000.0,202.0,20.0,202.0,33.0
ポジティブ☆ダンスタイム,1206.0,DSP,-4.133747448,793.5507879,777.0,864.0,864.0,8.0,992758.0,1000000.0,236.0,20.0,288.0,4.0
New Beginning,444.0,BDP,-4.135360155,552.2487871,542.0,603.0,603.0,6.0,991634.0,1000000.0,158.0,18.0,201.0,13.0
虹色の花,530.0,BDP,-4.142361098,615.5408205,604.0,672.0,672.0,5.0,990117.0,1000000.0,155.0,18.0,224.0,35.0
someday...,391.0,BDP,-4.190166701,593.6243896,583.0,648.0,648.0,6.0,991082.0,1000000.0,163.0,20.0,216.0,22.0
Sky Is The Limit,389.0,BDP,-4.19323072,521.6702877,515.0,573.0,573.0,5.0,990279.0,1000000.0,178.0,34.0,191.0,11.0
Chronos (walk with you remix),794.0,begSP,-4.211247544,375.5339181,372.0,414.0,414.0,3.0,988214.0,1000000.0,195.0,47.0,138.0,17.0
Baile Le Samba,148.0,BDP,-4.227520122,213.1529365,210.0,234.0,234.0,3.0,991397.0,1000000.0,230.0,28.0,78.0,0.0
女々しくて,409.0,begSP,-4.233276897,223.3987027,221.0,246.0,246.0,1.0,990757.0,1000000.0,92.0,21.0,82.0,0.0
Freeze,352.0,BDP,-4.240011151,413.1480316,407.0,453.0,453.0,5.0,986777.0,1000000.0,150.0,24.0,151.0,39.0
JOKER,539.0,BDP,-4.245042078,439.4451432,432.0,480.0,480.0,6.0,991745.0,1000000.0,145.0,19.0,160.0,9.0
CaptivAte～誓い～,233.0,BDP,-4.266348287,476.0197417,469.0,522.0,522.0,5.0,989441.0,1000000.0,181.0,29.0,174.0,23.0
I WANT YOUR LOVE (Darwin remix),1083.0,DSP,-4.26676193,788.8288518,774.0,861.0,861.0,9.0,991976.0,1000000.0,231.0,26.0,287.0,9.0
sola,546.0,BDP,-4.289796211,539.1099189,529.0,588.0,588.0,5.0,991438.0,1000000.0,143.0,17.0,196.0,19.0
恋,1009.0,BDP,-4.291386088,311.0714961,307.0,342.0,342.0,3.0,989400.0,1000000.0,239.0,39.0,114.0,12.0
"Every Day, Every Night(NM STYLE)",239.0,BDP,-4.322464612,281.9921946,278.0,309.0,309.0,4.0,991953.0,1000000.0,172.0,26.0,103.0,0.0
You are a Star,399.0,DSP,-4.330051354,664.1287499,653.0,726.0,726.0,8.0,990009.0,1000000.0,414.0,47.0,242.0,34.0
Poseidon,254.0,begSP,-4.351235663,235.4838232,234.0,261.0,261.0,3.0,989115.0,1000000.0,131.0,42.0,87.0,0.0
Last Summer,1109.0,DSP,-4.351568115,941.1494154,918.0,1020.0,1020.0,10.0,993232.0,1000000.0,211.0,14.0,340.0,16.0
Let's DANCE aROUND!!,1066.0,begSP,-4.3620628,242.8260119,240.0,267.0,267.0,3.0,988519.0,1000000.0,115.0,24.0,89.0,13.0
Curry Up,1129.0,DSP,-4.387980699,855.8370287,837.0,930.0,930.0,10.0,987729.0,1000000.0,325.0,24.0,310.0,101.0
鏡花水月楼 (DDR EDITION),1080.0,BDP,-4.397314648,589.1675018,577.0,642.0,642.0,7.0,992670.0,1000000.0,138.0,15.0,214.0,4.0
Abyss,49.0,begSP,-4.401927725,317.6075389,315.0,351.0,351.0,3.0,989844.0,1000000.0,137.0,39.0,117.0,0.0
男々道,222.0,begSP,-4.423413743,334.3005483,332.0,369.0,369.0,3.0,990158.0,1000000.0,113.0,36.0,123.0,0.0
PUT YOUR FAITH IN ME ～SATURDAY NIGHT MIX～,193.0,ESP,-4.431046799,724.4895847,712.0,792.0,792.0,9.0,991486.0,1000000.0,717.0,71.0,264.0,12.0
PUT YOUR FAITH IN ME,11.0,begSP,-4.43460513,189.760645,189.0,210.0,210.0,3.0,989499.0,1000000.0,170.0,62.0,70.0,0.0
rainbow rainbow,197.0,BDP,-4.449458875,297.5427381,294.0,327.0,327.0,4.0,991246.0,1000000.0,198.0,38.0,109.0,0.0
Unity,1112.0,DSP,-4.449883145,665.1997805,650.0,723.0,723.0,8.0,993142.0,1000000.0,126.0,12.0,241.0,5.0
BURNIN' THE FLOOR,30.0,begSP,-4.461312255,308.07371,307.0,342.0,342.0,3.0,988562.0,1000000.0,175.0,69.0,114.0,0.0
STRAIGHT JET,412.0,DDP,-4.47324865,634.4529846,621.0,690.0,690.0,7.0,992285.0,1000000.0,77.0,10.0,230.0,18.0
Chromatic Burst,1199.0,DSP,-4.490926834,1131.266139,1096.0,1218.0,1218.0,12.0,994231.0,1000000.0,343.0,9.0,406.0,27.0
Clarity,871.0,BDP,-4.508701692,442.6821166,434.0,483.0,483.0,4.0,990537.0,1000000.0,180.0,19.0,161.0,24.0
Indigo Nocturne,1255.0,BDP,-4.549492139,517.2299808,496.0,552.0,552.0,6.0,995984.0,1000000.0,44.0,1.0,184.0,15.0
Flourish,289.0,BDP,-4.564031796,519.6964542,510.0,567.0,567.0,6.0,992557.0,1000000.0,195.0,23.0,189.0,2.0
little steps,1160.0,BDP,-4.586042352,543.9780109,534.0,594.0,594.0,6.0,991225.0,1000000.0,79.0,13.0,198.0,18.0
Jungle Dance,1193.0,BDP,-4.590309861,596.5501201,583.0,648.0,648.0,7.0,993336.0,1000000.0,123.0,12.0,216.0,4.0
Something Special,434.0,BSP,-4.611566848,254.9105119,253.0,282.0,282.0,4.0,988113.0,1000000.0,110.0,34.0,94.0,3.0
Kilonova,1149.0,begSP,-4.61375037,376.3921689,372.0,414.0,414.0,4.0,988532.0,1000000.0,125.0,29.0,138.0,19.0
PARTY ALL NIGHT(DJ KEN-BOW MIX),993.0,BSP,-4.620974389,614.4082418,604.0,672.0,672.0,6.0,991514.0,1000000.0,151.0,24.0,224.0,8.0
INSIDE YOUR HEART,173.0,BSP,-4.627278145,339.5149534,337.0,375.0,375.0,4.0,988827.0,1000000.0,114.0,36.0,125.0,8.0
We Can Win The Fight,1049.0,ESP,-4.63010047,896.8814932,872.0,969.0,969.0,11.0,993645.0,1000000.0,553.0,18.0,323.0,23.0
Frozen Ray ～for EXTREME～,111.0,BDP,-4.633797345,405.3728708,399.0,444.0,444.0,4.0,991165.0,1000000.0,198.0,30.0,148.0,8.0
Can Be Real,152.0,BDP,-4.640836197,298.1493781,294.0,327.0,327.0,3.0,991122.0,1000000.0,248.0,39.0,109.0,4.0
You are a Star,399.0,BDP,-4.658946355,468.6286733,461.0,513.0,513.0,6.0,991584.0,1000000.0,201.0,30.0,171.0,5.0
恋時雨,783.0,begSP,-4.680047729,284.3450784,283.0,315.0,315.0,3.0,986114.0,1000000.0,267.0,94.0,105.0,16.0
ACROSS WORLD,537.0,BDP,-4.681969049,329.2033305,324.0,360.0,360.0,4.0,990567.0,1000000.0,199.0,28.0,120.0,14.0
Beluga,1073.0,BSP,-4.685615961,274.0741419,272.0,303.0,303.0,4.0,987989.0,1000000.0,208.0,60.0,101.0,10.0
Get it,1154.0,BDP,-4.690581852,616.0730596,602.0,669.0,669.0,7.0,992963.0,1000000.0,134.0,13.0,223.0,12.0
HAVE YOU NEVER BEEN MELLOW (20th Anniversary Mix),839.0,BDP,-4.702622601,414.0487768,407.0,453.0,453.0,4.0,991919.0,1000000.0,195.0,27.0,151.0,3.0
Good Looking,1010.0,BSP,-4.736465783,725.6483219,710.0,789.0,789.0,9.0,992771.0,1000000.0,261.0,24.0,263.0,11.0
ポッピンキャンディ☆フィーバー！,1207.0,BSP,-4.752326895,336.8332735,334.0,372.0,372.0,4.0,988061.0,1000000.0,144.0,42.0,124.0,13.0
Burst The Gravity,503.0,BDP,-4.761588979,419.2201954,413.0,459.0,459.0,5.0,991337.0,1000000.0,58.0,13.0,153.0,5.0
Trickster,325.0,BDP,-4.770824415,357.5609668,348.0,387.0,387.0,5.0,993602.0,1000000.0,37.0,4.0,129.0,10.0
Try 2 Luv. U,211.0,BDP,-4.793006536,260.3855129,256.0,285.0,285.0,4.0,991135.0,1000000.0,174.0,23.0,95.0,7.0
Thank You Merry Christmas,623.0,BSP,-4.809456768,572.3329164,564.0,627.0,627.0,5.0,990609.0,1000000.0,208.0,38.0,209.0,16.0
TEARS,133.0,BDP,-4.815917281,506.8558673,499.0,555.0,555.0,6.0,991078.0,1000000.0,136.0,25.0,185.0,10.0
What Will Come of Me,398.0,DSP,-4.818085547,530.8512761,521.0,579.0,579.0,6.0,992478.0,1000000.0,132.0,19.0,193.0,4.0
ふりそでーしょん,542.0,begSP,-4.822190726,216.6681078,216.0,240.0,240.0,2.0,985414.0,1000000.0,32.0,14.0,80.0,0.0
夢幻ノ光,225.0,BSP,-4.839034851,356.7441084,353.0,393.0,393.0,4.0,989020.0,1000000.0,208.0,50.0,131.0,12.0
Can Be Real,152.0,DDP,-4.847649166,524.1870338,513.0,570.0,570.0,6.0,992960.0,1000000.0,148.0,16.0,190.0,7.0
Unity,1112.0,BSP,-4.876465632,391.5733089,386.0,429.0,429.0,5.0,991299.0,1000000.0,89.0,19.0,143.0,6.0
スイーツはとまらない&#9834;,846.0,begSP,-4.880442296,232.8561379,232.0,258.0,258.0,2.0,987685.0,1000000.0,188.0,73.0,86.0,6.0
Get it,1154.0,BSP,-4.887501366,616.4459006,604.0,672.0,672.0,7.0,991890.0,1000000.0,145.0,19.0,224.0,12.0
狂水一華,965.0,begSP,-4.887560084,372.043574,369.0,411.0,411.0,3.0,988196.0,1000000.0,261.0,74.0,137.0,13.0
毒占欲,880.0,BSP,-4.924798826,468.5055337,461.0,513.0,513.0,5.0,990906.0,1000000.0,187.0,31.0,171.0,12.0
HANIPAGANDA,1229.0,BDP,-4.941935246,634.9948284,618.0,687.0,687.0,7.0,993690.0,1000000.0,54.0,6.0,229.0,11.0
WH1TE RO5E,397.0,BDP,-4.956534206,378.6923828,372.0,414.0,414.0,5.0,990910.0,1000000.0,150.0,22.0,138.0,14.0
someday...,391.0,DSP,-4.958573714,757.9023576,745.0,828.0,828.0,7.0,991362.0,1000000.0,179.0,30.0,276.0,17.0
夢幻ノ光,225.0,BDP,-4.964266712,362.6789901,356.0,396.0,396.0,4.0,991274.0,1000000.0,215.0,26.0,132.0,13.0
ハルイチバン,775.0,begSP,-4.965081946,349.7881581,348.0,387.0,387.0,4.0,986422.0,1000000.0,248.0,88.0,129.0,20.0
You You You,1127.0,BDP,-4.98979898,556.046873,545.0,606.0,606.0,6.0,992795.0,1000000.0,141.0,19.0,202.0,2.0
The Light,836.0,BSP,-5.008592884,430.7111918,426.0,474.0,474.0,5.0,988053.0,1000000.0,379.0,84.0,158.0,24.0
Crazy Hot,928.0,BSP,-5.012317162,663.647188,656.0,729.0,729.0,6.0,990206.0,1000000.0,259.0,61.0,243.0,13.0
LOGICAL DASH,177.0,BDP,-5.049234285,300.9369115,297.0,330.0,330.0,5.0,990734.0,1000000.0,140.0,29.0,110.0,7.0
Closer to my Heart (jun remix),1081.0,BDP,-5.052641336,626.0678176,612.0,681.0,681.0,7.0,991674.0,1000000.0,126.0,15.0,227.0,27.0
Are U Ready,1105.0,BDP,-5.11058616,645.242099,631.0,702.0,702.0,7.0,992891.0,1000000.0,153.0,18.0,234.0,6.0
Dummy,350.0,BDP,-5.149323928,375.4501403,369.0,411.0,411.0,4.0,991648.0,1000000.0,209.0,31.0,137.0,4.0
Open Your Eyes,1189.0,DSP,-5.181557754,432.6990451,426.0,474.0,474.0,7.0,990545.0,1000000.0,66.0,15.0,158.0,11.0
Sacred Oath,382.0,BDP,-5.214467682,487.0071765,477.0,531.0,531.0,5.0,990554.0,1000000.0,177.0,22.0,177.0,28.0
ALL MY HEART -この恋に、わたしの全てを賭ける-,694.0,begSP,-5.235876746,308.2403916,307.0,342.0,342.0,3.0,988282.0,1000000.0,196.0,77.0,114.0,1.0
Chromatic Burst,1199.0,BSP,-5.245299695,581.8816332,572.0,636.0,636.0,7.0,991413.0,1000000.0,109.0,21.0,212.0,13.0
Procyon,831.0,BDP,-5.251590022,570.5089643,558.0,621.0,621.0,6.0,992561.0,1000000.0,198.0,22.0,207.0,10.0
メンタンピンドラドラ,1194.0,BSP,-5.266863094,505.7028434,494.0,549.0,549.0,7.0,993450.0,1000000.0,159.0,16.0,183.0,5.0
BURNING HEAT！（3 Option MIX）,73.0,BDP,-5.268876904,362.4842375,356.0,396.0,396.0,4.0,989784.0,1000000.0,199.0,28.0,132.0,23.0
なだめスかし Negotiation,979.0,begSP,-5.290089536,217.2056503,216.0,240.0,240.0,2.0,988334.0,1000000.0,182.0,63.0,80.0,7.0
しゃかりきリレーション,773.0,BSP,-5.314049612,530.2903802,523.0,582.0,582.0,6.0,990674.0,1000000.0,338.0,66.0,194.0,9.0
CAN'T STOP FALLIN' IN LOVE,31.0,begSP,-5.319372385,251.799331,251.0,279.0,279.0,3.0,989163.0,1000000.0,152.0,63.0,93.0,0.0
little steps,1160.0,DSP,-5.339581391,855.4794631,831.0,924.0,924.0,11.0,994020.0,1000000.0,252.0,15.0,308.0,12.0
ポリリズム,332.0,BDP,-5.353934223,363.0167401,356.0,396.0,396.0,4.0,990483.0,1000000.0,46.0,9.0,132.0,21.0
CAN'T STOP FALLIN' IN LOVE,31.0,BSP,-5.372894647,438.2210808,432.0,480.0,480.0,5.0,991898.0,1000000.0,232.0,45.0,160.0,0.0
will,331.0,BDP,-5.406939162,412.6240827,405.0,450.0,450.0,5.0,992426.0,1000000.0,191.0,27.0,150.0,5.0
"Every Day, Every Night(NM STYLE)",239.0,DDP,-5.413058534,411.9766972,405.0,450.0,450.0,7.0,992087.0,1000000.0,137.0,24.0,150.0,5.0
サヨナラ・ヘヴン,1103.0,BDP,-5.432429343,302.0968922,297.0,330.0,330.0,3.0,992121.0,1000000.0,132.0,22.0,110.0,4.0
Seasons,425.0,BSP,-5.436671012,433.1635952,429.0,477.0,477.0,5.0,989813.0,1000000.0,139.0,41.0,159.0,8.0
Freeway Shuffle,244.0,begSP,-5.468845495,252.6626332,251.0,279.0,279.0,3.0,989401.0,1000000.0,171.0,57.0,93.0,4.0
SOUVENIR,1176.0,DDP,-5.471557301,526.2867506,515.0,573.0,573.0,7.0,992677.0,1000000.0,122.0,17.0,191.0,7.0
LOVE EAST,1230.0,BDP,-5.487591136,610.214686,594.0,660.0,660.0,6.0,993472.0,1000000.0,55.0,7.0,220.0,7.0
HIGHER,36.0,BSP,-5.507251069,381.9319872,378.0,420.0,420.0,4.0,990927.0,1000000.0,195.0,52.0,140.0,0.0
BALLAD THE FEATHERS,342.0,BDP,-5.515471048,338.5831346,332.0,369.0,369.0,4.0,993090.0,1000000.0,188.0,24.0,123.0,0.0
SUPER HERO,604.0,BDP,-5.524024227,461.4854449,453.0,504.0,504.0,7.0,991650.0,1000000.0,233.0,34.0,168.0,11.0
Drive Away,1198.0,BSP,-5.543120633,607.1891471,591.0,657.0,657.0,7.0,994136.0,1000000.0,67.0,8.0,219.0,4.0
MA・TSU・RI,1118.0,BSP,-5.572338875,612.2701821,599.0,666.0,666.0,7.0,992939.0,1000000.0,291.0,32.0,222.0,6.0
dreaming can make a wish come true,418.0,BDP,-5.583191531,434.7431056,426.0,474.0,474.0,4.0,991000.0,1000000.0,197.0,26.0,158.0,21.0
ウソツキ横丁は雨模様,975.0,begSP,-5.638369567,270.5124546,267.0,297.0,297.0,2.0,990892.0,1000000.0,174.0,38.0,99.0,4.0
KEEP ON MOVIN',8.0,begSP,-5.641472482,137.7791831,137.0,153.0,153.0,4.0,988489.0,1000000.0,249.0,84.0,51.0,0.0
Stay 4 Ever,903.0,begSP,-5.64375208,232.2736662,232.0,258.0,258.0,2.0,987997.0,1000000.0,145.0,68.0,86.0,1.0
in love wit you,360.0,DDP,-5.652644262,531.6220799,518.0,576.0,576.0,6.0,989490.0,1000000.0,147.0,14.0,192.0,58.0
千年ノ理,790.0,begSP,-5.660847848,367.2280917,364.0,405.0,405.0,3.0,988787.0,1000000.0,276.0,80.0,135.0,12.0
CHOCOLATE PHILOSOPHY,776.0,begSP,-5.68236337,220.1977,218.0,243.0,243.0,2.0,987951.0,1000000.0,183.0,49.0,81.0,10.0
The Island Song,518.0,BDP,-5.711950317,271.6509697,267.0,297.0,297.0,4.0,991774.0,1000000.0,176.0,28.0,99.0,5.0
Taking It To The Sky,392.0,DSP,-5.745684613,484.2208695,477.0,531.0,531.0,5.0,989256.0,1000000.0,166.0,36.0,177.0,24.0
Dance Celebration (System 7 Remix),283.0,BSP,-5.773442106,440.1652559,432.0,480.0,480.0,6.0,991601.0,1000000.0,161.0,26.0,160.0,15.0
39,826.0,begSP,-5.798514495,274.3674954,272.0,303.0,303.0,4.0,988634.0,1000000.0,159.0,49.0,101.0,8.0
JET WORLD,119.0,BDP,-5.801654388,448.8417975,440.0,489.0,489.0,5.0,992295.0,1000000.0,142.0,22.0,163.0,10.0
Wicked Plastik,426.0,BDP,-5.805640805,544.7358852,534.0,594.0,594.0,5.0,992522.0,1000000.0,148.0,24.0,198.0,4.0
Make A Difference,179.0,BDP,-5.821179351,529.5134644,518.0,576.0,576.0,5.0,991425.0,1000000.0,134.0,19.0,192.0,27.0
the beat,1172.0,BDP,-5.830380074,539.0187271,523.0,582.0,582.0,8.0,994214.0,1000000.0,72.0,7.0,194.0,10.0
concon,1107.0,BSP,-5.834999131,705.7057418,691.0,768.0,768.0,7.0,992907.0,1000000.0,174.0,26.0,256.0,4.0
Kill The Night,1233.0,DSP,-5.840764983,1094.07942,1058.0,1176.0,1176.0,11.0,994779.0,1000000.0,204.0,11.0,392.0,17.0
Taking It To The Sky,392.0,DDP,-5.864300004,558.7806642,545.0,606.0,606.0,6.0,992649.0,1000000.0,142.0,16.0,202.0,21.0
Flip Flap,1179.0,BSP,-5.925472984,641.1160941,631.0,702.0,702.0,6.0,991242.0,1000000.0,132.0,30.0,234.0,7.0
esrev:eR,586.0,BDP,-5.937281428,482.267311,472.0,525.0,525.0,5.0,992323.0,1000000.0,207.0,27.0,175.0,12.0
No Tears Left to Cry,874.0,BDP,-5.983691644,386.0612917,378.0,420.0,420.0,5.0,992845.0,1000000.0,142.0,20.0,140.0,6.0
Sucka Luva,509.0,BDP,-5.987734264,372.3044486,364.0,405.0,405.0,5.0,993181.0,1000000.0,129.0,17.0,135.0,3.0
Bad Routine,147.0,BDP,-6.016476013,340.992058,334.0,372.0,372.0,4.0,992130.0,1000000.0,202.0,27.0,124.0,7.0
どきドキ バレンタイン,910.0,BDP,-6.020691993,736.0332205,718.0,798.0,798.0,6.0,992265.0,1000000.0,180.0,21.0,266.0,34.0
SABER WING (satellite silhouette remix),588.0,BSP,-6.036316752,391.0185929,386.0,429.0,429.0,4.0,990728.0,1000000.0,196.0,47.0,143.0,8.0
Slip Out,312.0,DDP,-6.055841443,421.2654674,413.0,459.0,459.0,6.0,991227.0,1000000.0,126.0,21.0,153.0,20.0
THE SHINING POLARIS,206.0,BSP,-6.084686567,290.7424167,288.0,321.0,321.0,4.0,987491.0,1000000.0,136.0,42.0,107.0,0.0
ROCK THE PARTY,1219.0,begSP,-6.088182944,299.5627256,294.0,327.0,327.0,3.0,992754.0,1000000.0,199.0,30.0,109.0,0.0
Easy Peasy,1137.0,BDP,-6.100124759,441.0812156,432.0,480.0,480.0,5.0,993186.0,1000000.0,110.0,18.0,160.0,1.0
ever snow,419.0,BDP,-6.124943017,404.6207857,396.0,441.0,441.0,4.0,992462.0,1000000.0,223.0,29.0,147.0,6.0
i feel ...,83.0,BSP,-6.175183945,369.5230139,367.0,408.0,408.0,4.0,989381.0,1000000.0,148.0,53.0,136.0,4.0
Dazzlin' Darlin-秋葉工房mix-,346.0,BDP,-6.215752166,498.8911996,491.0,546.0,546.0,5.0,991015.0,1000000.0,268.0,53.0,182.0,13.0
Miracle Moon ～L.E.D.LIGHT STYLE MIX～,125.0,BDP,-6.232791129,346.9949494,340.0,378.0,378.0,3.0,992968.0,1000000.0,240.0,32.0,126.0,2.0
COME BACK TO MY HEART,435.0,BDP,-6.254054225,327.5623999,321.0,357.0,357.0,5.0,991920.0,1000000.0,198.0,28.0,119.0,10.0
Curry Up,1129.0,DDP,-6.260237163,825.5112545,799.0,888.0,888.0,9.0,990307.0,1000000.0,160.0,11.0,296.0,106.0
Valanga,1181.0,BDP,-6.295021007,733.7164723,712.0,792.0,792.0,7.0,994131.0,1000000.0,93.0,10.0,264.0,14.0
Jetcoaster Windy,968.0,begSP,-6.339030827,331.2819794,326.0,363.0,363.0,3.0,991496.0,1000000.0,140.0,30.0,121.0,3.0
Rescue Me,436.0,BDP,-6.345575662,345.8075419,340.0,378.0,378.0,5.0,992390.0,1000000.0,146.0,29.0,126.0,0.0
Dance With The Dead,1254.0,BSP,-6.393777575,650.0711897,618.0,687.0,687.0,8.0,996835.0,1000000.0,49.0,1.0,229.0,33.0
シル・ヴ・プレジデント,1022.0,BDP,-6.397689964,330.5878215,326.0,363.0,363.0,4.0,990125.0,1000000.0,284.0,62.0,121.0,10.0
Rhythms Inside,424.0,BDP,-6.406461805,419.0482109,410.0,456.0,456.0,4.0,992479.0,1000000.0,157.0,23.0,152.0,10.0
Open Your Eyes,1189.0,DDP,-6.408651593,451.5658163,440.0,489.0,489.0,7.0,993493.0,1000000.0,50.0,8.0,163.0,11.0
SUPER STAR,45.0,begSP,-6.420921766,227.1395896,226.0,252.0,252.0,3.0,988420.0,1000000.0,116.0,46.0,84.0,0.0
千客万来☆無問題！,1244.0,BSP,-6.424114779,687.6912752,677.0,753.0,753.0,6.0,991175.0,1000000.0,78.0,21.0,251.0,6.0
シル・ヴ・プレジデント,1022.0,BSP,-6.435452348,335.0664255,332.0,369.0,369.0,4.0,989358.0,1000000.0,433.0,123.0,123.0,10.0
THE REASON,521.0,BSP,-6.476455925,227.1727993,224.0,249.0,249.0,4.0,989526.0,1000000.0,114.0,27.0,83.0,12.0
Haunted Rhapsody,414.0,BDP,-6.5122939,374.4538869,367.0,408.0,408.0,4.0,992399.0,1000000.0,211.0,32.0,136.0,7.0
Taj He Spitz,316.0,BDP,-6.53295867,359.7051337,353.0,393.0,393.0,5.0,991866.0,1000000.0,132.0,25.0,131.0,4.0
PERSIAN LAND,1096.0,BDP,-6.583167426,853.7110139,828.0,921.0,921.0,7.0,994645.0,1000000.0,144.0,14.0,307.0,1.0
一途,1138.0,BDP,-6.614598978,582.4571975,569.0,633.0,633.0,6.0,993208.0,1000000.0,174.0,25.0,211.0,5.0
I'm Flying Away,1048.0,ESP,-6.622194663,1117.522124,1082.0,1203.0,1203.0,12.0,993930.0,1000000.0,700.0,34.0,401.0,40.0
カラフルミニッツ,1178.0,BSP,-6.62530418,269.0533771,267.0,297.0,297.0,4.0,989089.0,1000000.0,98.0,35.0,99.0,4.0
8000000,666.0,begSP,-6.63474736,308.1213632,305.0,339.0,339.0,4.0,990083.0,1000000.0,130.0,40.0,113.0,0.0
Taj He Spitz (Tommie Sunshine's Brooklyn Fire Re-Touch),317.0,BDP,-6.639942574,475.6919804,464.0,516.0,516.0,6.0,992517.0,1000000.0,126.0,17.0,172.0,20.0
Dancer in the flare,724.0,begSP,-6.680130304,235.9357343,234.0,261.0,261.0,3.0,989426.0,1000000.0,192.0,63.0,87.0,1.0
Electrified,238.0,BDP,-6.690925243,493.2199952,483.0,537.0,537.0,5.0,993102.0,1000000.0,145.0,25.0,179.0,1.0
ナナイロライト,1246.0,DSP,-6.736008312,982.9375047,942.0,1047.0,1047.0,11.0,996409.0,1000000.0,157.0,5.0,349.0,8.0
Flight of the Phoenix,288.0,BDP,-6.739643635,383.2165822,375.0,417.0,417.0,4.0,993247.0,1000000.0,174.0,26.0,139.0,1.0
怒れる大きな白い馬,223.0,begSP,-6.758335675,275.0443995,270.0,300.0,300.0,4.0,992853.0,1000000.0,152.0,27.0,100.0,0.0
La Se&ntilde;orita,20.0,begSP,-6.763358879,340.3407965,337.0,375.0,375.0,4.0,990452.0,1000000.0,131.0,42.0,125.0,0.0
will,331.0,BSP,-6.817751196,261.257078,259.0,288.0,288.0,4.0,988644.0,1000000.0,204.0,65.0,96.0,10.0
stellar rain,1076.0,begSP,-6.820149419,94.38333302,94.0,105.0,105.0,1.0,989928.0,1000000.0,140.0,56.0,35.0,0.0
STAY (Joey Riot remix),1132.0,ESP,-6.854780798,1028.467833,996.0,1107.0,1107.0,12.0,994892.0,1000000.0,575.0,32.0,369.0,3.0
SAY A PRAYER,1191.0,BDP,-6.885311513,312.8069439,307.0,342.0,342.0,4.0,994623.0,1000000.0,49.0,12.0,114.0,1.0
Do The Evolution,585.0,BDP,-6.912198618,424.4607826,415.0,462.0,462.0,5.0,992929.0,1000000.0,227.0,32.0,154.0,4.0
Settin' the Scene,1111.0,DSP,-6.919103685,566.5421169,553.0,615.0,615.0,9.0,993494.0,1000000.0,130.0,20.0,205.0,4.0
Sweet Clock,1026.0,DSP,-6.919446442,952.6741399,926.0,1029.0,1029.0,8.0,993928.0,1000000.0,210.0,23.0,343.0,16.0
Beautiful Inside (Cube::Hard Mix),278.0,BDP,-6.935773863,311.5371965,305.0,339.0,339.0,4.0,992003.0,1000000.0,172.0,26.0,113.0,12.0
ever snow,419.0,begSP,-6.962851515,284.6965919,283.0,315.0,315.0,2.0,989539.0,1000000.0,171.0,65.0,105.0,0.0
Diamond Night,516.0,BDP,-6.973080158,416.6275847,407.0,453.0,453.0,5.0,992975.0,1000000.0,156.0,23.0,151.0,6.0
ミックスナッツ,1120.0,BDP,-7.000860078,280.4477086,275.0,306.0,306.0,5.0,992340.0,1000000.0,170.0,29.0,102.0,4.0
走れメロンパン,1247.0,DSP,-7.02410789,859.423926,831.0,924.0,924.0,10.0,994867.0,1000000.0,162.0,13.0,308.0,14.0
Flip Flap,1179.0,BDP,-7.118785088,633.2793503,615.0,684.0,684.0,6.0,994478.0,1000000.0,92.0,12.0,228.0,3.0
KUNG FU FIGHTING,472.0,BSP,-7.141531806,264.0022915,259.0,288.0,288.0,4.0,992145.0,1000000.0,46.0,11.0,96.0,0.0
MOONSTER,248.0,begSP,-7.150855416,245.5536682,245.0,273.0,273.0,4.0,987404.0,1000000.0,107.0,49.0,91.0,2.0
Destiny lovers,109.0,BDP,-7.157589195,327.7180942,321.0,357.0,357.0,4.0,992769.0,1000000.0,200.0,32.0,119.0,4.0
Complete Game Victory,1202.0,begSP,-7.166508294,261.3367433,259.0,288.0,288.0,2.0,989072.0,1000000.0,43.0,16.0,96.0,8.0
モノクロモーメント,1034.0,BDP,-7.191813706,741.4111863,720.0,801.0,801.0,6.0,993768.0,1000000.0,156.0,18.0,267.0,19.0
ヤサイマシ☆ニンニクアブラオオメ,1104.0,BSP,-7.193850198,386.0117997,380.0,423.0,423.0,6.0,991348.0,1000000.0,157.0,38.0,141.0,5.0
L'amour et la libert&eacute;(DDR Ver.),123.0,BDP,-7.204021995,464.5700173,453.0,504.0,504.0,6.0,993546.0,1000000.0,141.0,20.0,168.0,5.0
令和,906.0,BDP,-7.279004906,396.0996581,388.0,432.0,432.0,4.0,991751.0,1000000.0,240.0,40.0,144.0,12.0
Seule,438.0,BSP,-7.288595594,512.8221294,504.0,561.0,561.0,6.0,989354.0,1000000.0,114.0,28.0,187.0,32.0
Come Back to Me (Feel It),1124.0,BDP,-7.290606965,618.0609641,599.0,666.0,666.0,7.0,994750.0,1000000.0,160.0,15.0,222.0,7.0
SAY A PRAYER,1191.0,DDP,-7.322960401,558.1881789,542.0,603.0,603.0,6.0,993741.0,1000000.0,49.0,8.0,201.0,17.0
A thing called LOVE,226.0,BDP,-7.338428097,513.3596514,504.0,561.0,561.0,5.0,991536.0,1000000.0,247.0,50.0,187.0,11.0
令和,906.0,begSP,-7.342741204,340.4421151,337.0,375.0,375.0,3.0,989584.0,1000000.0,208.0,65.0,125.0,8.0
Shades of Grey,257.0,BDP,-7.35031799,364.1325635,356.0,396.0,396.0,5.0,993025.0,1000000.0,158.0,25.0,132.0,5.0
concon,1107.0,BDP,-7.381988012,713.3808186,691.0,768.0,768.0,7.0,995017.0,1000000.0,125.0,13.0,256.0,4.0
Ska Ska No.3,203.0,BDP,-7.401867059,290.1037356,283.0,315.0,315.0,4.0,993746.0,1000000.0,163.0,21.0,105.0,0.0
mathematical good-bye,1218.0,begSP,-7.445346902,310.2899094,305.0,339.0,339.0,3.0,992343.0,1000000.0,272.0,53.0,113.0,2.0
Pump Pump Pump,1059.0,BDP,-7.445696893,565.0033906,550.0,612.0,612.0,6.0,993388.0,1000000.0,167.0,22.0,204.0,14.0
Saturn,256.0,BDP,-7.455890518,437.2883157,426.0,474.0,474.0,5.0,993349.0,1000000.0,148.0,20.0,158.0,10.0
ちくわパフェだよ☆ＣＫＰ (Yvya Remix),1245.0,BSP,-7.457247659,660.9813494,639.0,711.0,711.0,7.0,994673.0,1000000.0,54.0,7.0,237.0,17.0
On the Night of a Still Wind,1161.0,DSP,-7.473104636,1019.775969,977.0,1086.0,1086.0,11.0,995062.0,1000000.0,257.0,8.0,362.0,75.0
Try 2 Luv. U,211.0,begSP,-7.477862182,179.0005886,178.0,198.0,198.0,3.0,989566.0,1000000.0,112.0,44.0,66.0,0.0
Love&#9825;Shine わんだふるmix,811.0,BDP,-7.495893204,556.6689146,542.0,603.0,603.0,5.0,992910.0,1000000.0,230.0,28.0,201.0,21.0
dream of love,236.0,begSP,-7.507765254,173.0978133,172.0,192.0,192.0,3.0,988875.0,1000000.0,101.0,39.0,64.0,0.0
伐折羅-vajra-,1182.0,BSP,-7.516875891,678.8877949,658.0,732.0,732.0,7.0,994514.0,1000000.0,167.0,17.0,244.0,10.0
REBORN MAGIC,437.0,BSP,-7.540415229,443.7323216,437.0,486.0,486.0,4.0,990823.0,1000000.0,141.0,37.0,162.0,12.0
Let Me Show You,1139.0,BDP,-7.554213073,650.3553335,629.0,699.0,699.0,7.0,994503.0,1000000.0,170.0,14.0,233.0,25.0
SKY HIGH (20th Anniversary Mix),863.0,BSP,-7.599599903,440.0257377,434.0,483.0,483.0,5.0,990560.0,1000000.0,198.0,54.0,161.0,9.0
Habibe (Antuh muhleke),605.0,BSP,-7.605816533,406.3094176,399.0,444.0,444.0,5.0,991306.0,1000000.0,153.0,34.0,148.0,12.0
Forever Sunshine,164.0,DDP,-7.670853161,445.1351808,432.0,480.0,480.0,6.0,993947.0,1000000.0,143.0,15.0,160.0,17.0
Monkey Punk,185.0,BDP,-7.695469873,678.8414552,661.0,735.0,735.0,5.0,993139.0,1000000.0,129.0,20.0,245.0,22.0
Look at the Sky,1151.0,BSP,-7.700983938,232.3215283,229.0,255.0,255.0,3.0,990098.0,1000000.0,121.0,32.0,85.0,8.0
Leaving&hellip;,365.0,BDP,-7.74011574,525.9242883,513.0,570.0,570.0,5.0,993510.0,1000000.0,164.0,25.0,190.0,8.0
コメット&rArr;スケイター,1249.0,BSP,-7.749623562,456.6684731,448.0,498.0,498.0,4.0,991767.0,1000000.0,93.0,22.0,166.0,12.0
Black Emperor,1077.0,begSP,-7.754964806,379.4865649,372.0,414.0,414.0,5.0,992410.0,1000000.0,111.0,24.0,138.0,4.0
Stay 4 Ever,903.0,BDP,-7.781371383,476.1925235,467.0,519.0,519.0,5.0,992459.0,1000000.0,156.0,33.0,173.0,7.0
Phlox,1168.0,BSP,-7.817775542,587.4997195,575.0,639.0,639.0,7.0,992965.0,1000000.0,152.0,30.0,213.0,5.0
Gamelan de Couple,112.0,BDP,-7.818450046,419.0722697,410.0,456.0,456.0,5.0,993307.0,1000000.0,167.0,30.0,152.0,0.0
Electronic or Treat!,625.0,begSP,-7.82074374,365.7461256,359.0,399.0,399.0,3.0,992474.0,1000000.0,120.0,27.0,133.0,4.0
Chromatic Burst,1199.0,BDP,-7.831436812,564.6933605,545.0,606.0,606.0,7.0,995316.0,1000000.0,64.0,7.0,202.0,11.0
CROSS,865.0,BDP,-7.839617675,526.2257976,513.0,570.0,570.0,5.0,993427.0,1000000.0,188.0,27.0,190.0,13.0
Dance Phenomena,1055.0,BDP,-7.842050786,479.7137204,467.0,519.0,519.0,5.0,993589.0,1000000.0,155.0,21.0,173.0,13.0
Are U Ready,1105.0,BSP,-7.855303557,649.7454369,634.0,705.0,705.0,7.0,993394.0,1000000.0,192.0,31.0,235.0,7.0
Mickey Mouse March(Eurobeat Version),544.0,BDP,-7.91801382,393.0078951,386.0,429.0,429.0,5.0,992154.0,1000000.0,46.0,13.0,143.0,4.0
We Can Win The Fight,1049.0,BDP,-7.922875663,443.9288012,432.0,480.0,480.0,6.0,993584.0,1000000.0,91.0,14.0,160.0,14.0
Look at the Sky,1151.0,BDP,-7.943876585,225.7716243,221.0,246.0,246.0,3.0,991571.0,1000000.0,130.0,23.0,82.0,9.0
Kill The Night,1233.0,BDP,-7.956518231,613.8159662,596.0,663.0,663.0,7.0,993898.0,1000000.0,50.0,9.0,221.0,15.0
鏡花水月楼 (DDR EDITION),1080.0,BSP,-7.95802579,572.5559413,558.0,621.0,621.0,6.0,993620.0,1000000.0,185.0,28.0,207.0,5.0
Mind Parasite,184.0,BDP,-8.007539364,386.6901288,378.0,420.0,420.0,5.0,992349.0,1000000.0,142.0,25.0,140.0,15.0
Step This Way,1027.0,begSP,-8.013962164,425.9627074,421.0,468.0,468.0,4.0,989624.0,1000000.0,110.0,36.0,156.0,9.0
L'amour et la libert&eacute;(Darwin &amp; DJ Silver remix),246.0,BDP,-8.025414144,348.3592551,340.0,378.0,378.0,4.0,993920.0,1000000.0,165.0,25.0,126.0,0.0
aftershock!!,339.0,BDP,-8.0464844,470.5629557,461.0,513.0,513.0,5.0,989471.0,1000000.0,202.0,40.0,171.0,37.0
Concertino in Blue,1106.0,begSP,-8.065905472,209.8759907,205.0,228.0,228.0,3.0,992876.0,1000000.0,81.0,14.0,76.0,5.0
Yeah! Yeah!,690.0,begSP,-8.093208477,313.6167848,310.0,345.0,345.0,2.0,990804.0,1000000.0,179.0,55.0,115.0,1.0
TIME,443.0,BDP,-8.142425444,447.0372249,434.0,483.0,483.0,5.0,992634.0,1000000.0,125.0,16.0,161.0,28.0
Look at the Sky,1151.0,DDP,-8.16727423,351.1412277,342.0,381.0,381.0,5.0,992406.0,1000000.0,116.0,18.0,127.0,16.0
Slip Out,312.0,BDP,-8.178297413,279.9124526,275.0,306.0,306.0,5.0,992176.0,1000000.0,128.0,30.0,102.0,2.0
Engraved Mark,580.0,begSP,-8.190186442,376.4884441,372.0,414.0,414.0,3.0,991037.0,1000000.0,178.0,55.0,138.0,0.0
I-W-U (I Want U),1208.0,begSP,-8.205289576,390.6452414,383.0,426.0,426.0,3.0,992752.0,1000000.0,221.0,44.0,142.0,2.0
in love wit you,360.0,BDP,-8.291844138,373.6817888,364.0,405.0,405.0,4.0,990565.0,1000000.0,179.0,25.0,135.0,34.0
Playing With Fire,1184.0,BDP,-8.293892154,519.441352,502.0,558.0,558.0,7.0,995296.0,1000000.0,77.0,9.0,186.0,8.0
TOMORROW,208.0,BDP,-8.329780068,428.3723032,418.0,465.0,465.0,5.0,992625.0,1000000.0,139.0,24.0,155.0,15.0
Forever Sunshine,164.0,DSP,-8.393015698,496.0770312,483.0,537.0,537.0,7.0,992738.0,1000000.0,160.0,24.0,179.0,24.0
DeStRuCtIvE FoRcE,936.0,BDP,-8.43827246,495.7589144,480.0,534.0,534.0,6.0,994725.0,1000000.0,135.0,15.0,178.0,9.0
Funk Boogie,166.0,BDP,-8.47254411,312.0843694,305.0,339.0,339.0,4.0,993211.0,1000000.0,180.0,30.0,113.0,5.0
GLOW THE CROWN,1200.0,BSP,-8.489290566,689.9442778,664.0,738.0,738.0,8.0,995772.0,1000000.0,105.0,9.0,246.0,14.0
toy boxer,891.0,begSP,-8.522179638,317.2232353,315.0,351.0,351.0,4.0,988649.0,1000000.0,288.0,108.0,117.0,4.0
Bang Pad(Werk Mix),963.0,BDP,-8.535133876,625.018352,607.0,675.0,675.0,6.0,992519.0,1000000.0,159.0,22.0,225.0,41.0
MITOれて！いばらきっしゅだ～りん,590.0,BSP,-8.553711795,601.4583744,591.0,657.0,657.0,6.0,991796.0,1000000.0,149.0,39.0,219.0,8.0
DIVE TO THE NIGHT,78.0,BDP,-8.558634542,391.8528087,383.0,426.0,426.0,5.0,993312.0,1000000.0,191.0,34.0,142.0,3.0
Find You Again,432.0,BSP,-8.566855839,356.017559,351.0,390.0,390.0,5.0,990561.0,1000000.0,195.0,54.0,130.0,12.0
Saturday Night Love,199.0,BSP,-8.567409786,363.8558705,359.0,399.0,399.0,4.0,988781.0,1000000.0,155.0,46.0,133.0,22.0
Freedom,165.0,BDP,-8.573228117,428.3313438,418.0,465.0,465.0,4.0,992342.0,1000000.0,210.0,34.0,155.0,18.0
Finally Dive,1243.0,BDP,-8.600761309,573.0973345,550.0,612.0,612.0,6.0,996210.0,1000000.0,51.0,5.0,204.0,7.0
Resurrection,446.0,begSP,-8.617446908,260.7406608,259.0,288.0,288.0,2.0,988342.0,1000000.0,149.0,58.0,96.0,8.0
LOVING YOU (Epidemik remix),295.0,BDP,-8.667171356,419.0029304,410.0,456.0,456.0,4.0,992794.0,1000000.0,196.0,38.0,152.0,6.0
コンフェイト＊コンチェルト,1240.0,DSP,-8.682517033,1005.272015,961.0,1068.0,1068.0,10.0,996451.0,1000000.0,141.0,7.0,356.0,27.0
un deux trois,212.0,BDP,-8.739801506,323.5824153,315.0,351.0,351.0,4.0,993604.0,1000000.0,195.0,27.0,117.0,4.0
Hopeful,745.0,begSP,-8.742474493,255.1558657,253.0,282.0,282.0,2.0,988890.0,1000000.0,219.0,78.0,94.0,5.0
9th Outburst,1252.0,BDP,-8.768757583,620.2672175,585.0,651.0,651.0,7.0,997284.0,1000000.0,36.0,1.0,217.0,40.0
Private Eye,423.0,DSP,-8.851355226,703.5818515,688.0,765.0,765.0,8.0,991144.0,1000000.0,620.0,103.0,255.0,40.0
Let's Get Away,421.0,BSP,-8.857803771,385.6955613,383.0,426.0,426.0,4.0,988231.0,1000000.0,261.0,100.0,142.0,13.0
SOUVENIR,1176.0,BDP,-8.859058942,267.4973041,264.0,294.0,294.0,3.0,989795.0,1000000.0,116.0,36.0,98.0,8.0
Ticket to Bombay,321.0,BDP,-8.875567209,423.4022826,413.0,459.0,459.0,5.0,994089.0,1000000.0,134.0,24.0,153.0,0.0
PARANOiA KCET ～clean mix～,9.0,begSP,-8.893322658,337.9857096,334.0,372.0,372.0,4.0,990855.0,1000000.0,280.0,86.0,124.0,0.0
Trust -DanceDanceRevolution mix-,267.0,BDP,-8.895048006,402.1171357,391.0,435.0,435.0,4.0,994011.0,1000000.0,182.0,25.0,145.0,7.0
esrev:eR,586.0,BSP,-8.897938168,508.4635365,499.0,555.0,555.0,5.0,991508.0,1000000.0,258.0,59.0,185.0,15.0
iFUTURELIST(DDR VERSION),171.0,BSP,-8.925020145,408.4385996,402.0,447.0,447.0,5.0,991077.0,1000000.0,131.0,37.0,149.0,10.0
Slip Out (bounce in beat mix),313.0,DSP,-8.930125191,518.9415269,507.0,564.0,564.0,6.0,990089.0,1000000.0,136.0,28.0,188.0,43.0
&Uuml;bertreffen,329.0,BDP,-8.933764781,510.0169536,496.0,552.0,552.0,5.0,994020.0,1000000.0,154.0,24.0,184.0,5.0
Prettiful!,1123.0,BSP,-8.967640613,383.0964917,375.0,417.0,417.0,5.0,993212.0,1000000.0,140.0,30.0,139.0,0.0
MA・TSU・RI,1118.0,begSP,-8.974436052,285.6450377,283.0,315.0,315.0,3.0,990131.0,1000000.0,154.0,55.0,105.0,2.0
Golden Arrow,916.0,begSP,-8.98850749,323.8893229,321.0,357.0,357.0,4.0,989373.0,1000000.0,226.0,80.0,119.0,8.0
Why not,274.0,BSP,-9.042206504,677.2322643,666.0,741.0,741.0,6.0,991502.0,1000000.0,434.0,108.0,247.0,8.0
Burst The Gravity,503.0,BSP,-9.067523408,418.4921105,413.0,459.0,459.0,5.0,990210.0,1000000.0,64.0,22.0,153.0,5.0
MITOれて！いばらきっしゅだ～りん,590.0,BDP,-9.068781667,621.1989217,602.0,669.0,669.0,6.0,994872.0,1000000.0,143.0,19.0,223.0,7.0
1998,97.0,BSP,-9.073915716,488.0233543,480.0,534.0,534.0,4.0,991991.0,1000000.0,246.0,64.0,178.0,1.0
HANIPAGANDA,1229.0,BSP,-9.106435847,630.7358871,612.0,681.0,681.0,7.0,993527.0,1000000.0,72.0,13.0,227.0,20.0
air,102.0,begSP,-9.135893948,239.020384,237.0,264.0,264.0,3.0,990052.0,1000000.0,158.0,58.0,88.0,0.0
Golden Arrow,916.0,BSP,-9.157974872,664.3943454,648.0,720.0,720.0,8.0,993084.0,1000000.0,471.0,71.0,240.0,19.0
GRADUATION ～それぞれの明日～,113.0,begSP,-9.234059327,246.0956818,243.0,270.0,270.0,2.0,991612.0,1000000.0,161.0,49.0,90.0,0.0
invisible rain,778.0,begSP,-9.240527746,204.8330029,202.0,225.0,225.0,2.0,989651.0,1000000.0,165.0,47.0,75.0,8.0
折れないハート,505.0,DSP,-9.244358488,680.0754889,648.0,720.0,720.0,8.0,994869.0,1000000.0,39.0,3.0,240.0,11.0
The Heavens Above,416.0,BDP,-9.255296821,596.2024888,577.0,642.0,642.0,6.0,993362.0,1000000.0,129.0,17.0,214.0,37.0
Metamorphic,1256.0,DSP,-9.283908056,1467.336142,1382.0,1535.0,1536.0,14.0,995721.0,999990.0,211.0,0.0,512.0,1.0
insist,1164.0,BSP,-9.339394577,547.3214082,531.0,591.0,591.0,7.0,993896.0,1000000.0,151.0,22.0,197.0,16.0
Desert Journey,523.0,begSP,-9.393032677,225.2023844,224.0,249.0,249.0,3.0,989823.0,1000000.0,142.0,59.0,83.0,0.0
Strobe&#9825;Girl,601.0,begSP,-9.426667623,409.4487158,402.0,447.0,447.0,3.0,992616.0,1000000.0,90.0,25.0,149.0,0.0
都会征服Girls☆,1241.0,BSP,-9.435281555,487.9610398,477.0,531.0,531.0,4.0,982142.0,1000000.0,48.0,13.0,177.0,35.0
C-C-C-N-N-N,1214.0,BDP,-9.43730077,546.1389921,526.0,585.0,585.0,5.0,995449.0,1000000.0,109.0,11.0,195.0,16.0
ポジティブ☆ダンスタイム,1206.0,BDP,-9.45766945,396.8038296,386.0,429.0,429.0,4.0,994523.0,1000000.0,112.0,19.0,143.0,1.0
I-W-U (I Want U),1208.0,BSP,-9.465023455,781.7759069,756.0,840.0,840.0,7.0,994951.0,1000000.0,425.0,39.0,280.0,16.0
追憶のアリア,958.0,begSP,-9.482909044,207.6927466,205.0,228.0,228.0,2.0,990046.0,1000000.0,168.0,50.0,76.0,7.0
stellar rain,1076.0,BDP,-9.492207282,448.5107392,434.0,483.0,483.0,5.0,994518.0,1000000.0,126.0,16.0,161.0,13.0
Valanga,1181.0,BSP,-9.495958692,736.744167,712.0,792.0,792.0,7.0,994923.0,1000000.0,142.0,18.0,264.0,14.0
We Can Win The Fight,1049.0,DSP,-9.517755789,694.3106185,672.0,747.0,747.0,8.0,995329.0,1000000.0,129.0,18.0,249.0,16.0
ナナイロライト,1246.0,BDP,-9.600036007,505.1019154,486.0,540.0,540.0,5.0,995985.0,1000000.0,45.0,6.0,180.0,8.0
恋のパズルマジック,766.0,begSP,-9.605988897,324.9593344,321.0,357.0,357.0,3.0,990741.0,1000000.0,211.0,67.0,119.0,4.0
Seize The Day,1003.0,BSP,-9.678848877,284.6769267,280.0,312.0,312.0,4.0,991460.0,1000000.0,166.0,45.0,104.0,3.0
ヒカリユリイカ,848.0,BDP,-9.690515549,470.4880921,456.0,507.0,507.0,5.0,994484.0,1000000.0,237.0,28.0,169.0,12.0
Forever Sunshine,164.0,BDP,-9.695094856,285.6816548,278.0,309.0,309.0,3.0,993649.0,1000000.0,229.0,31.0,103.0,8.0
WARNING&times;WARNING&times;WARNING,1070.0,BSP,-9.707423914,629.1954186,612.0,681.0,681.0,6.0,992764.0,1000000.0,218.0,36.0,227.0,29.0
ナナホシ,1086.0,BSP,-9.711331672,513.9967405,504.0,561.0,561.0,6.0,992329.0,1000000.0,233.0,56.0,187.0,4.0
Party Lights,306.0,begSP,-9.768228851,207.7364453,207.0,231.0,231.0,2.0,987752.0,1000000.0,118.0,53.0,77.0,0.0
Heavens and the Earth,1130.0,DSP,-9.787332909,596.5228114,580.0,645.0,645.0,7.0,994263.0,1000000.0,98.0,19.0,215.0,4.0
ちくわパフェだよ☆ＣＫＰ (Yvya Remix),1245.0,begSP,-9.815809642,285.2546817,280.0,312.0,312.0,4.0,988945.0,1000000.0,42.0,13.0,104.0,15.0
Taj He Spitz,316.0,DSP,-9.849854778,557.8493273,545.0,606.0,606.0,7.0,993413.0,1000000.0,144.0,32.0,202.0,0.0
DROP THE BOMB(SyS.F. Mix),110.0,begSP,-9.8582931,224.6284273,224.0,249.0,249.0,3.0,988989.0,1000000.0,205.0,93.0,83.0,0.0
とこにゃつ☆トロピカル,1205.0,BDP,-9.873188853,610.5006485,588.0,654.0,654.0,6.0,994737.0,1000000.0,92.0,11.0,218.0,32.0
パーフェクトイーター,1210.0,BDP,-9.909348623,700.9318531,677.0,753.0,753.0,6.0,994757.0,1000000.0,118.0,16.0,251.0,22.0
Go Down,1125.0,BDP,-9.963656117,342.6292122,334.0,372.0,372.0,4.0,992400.0,1000000.0,129.0,25.0,124.0,14.0
ハルイチバン,775.0,BDP,-9.990921603,534.6746155,518.0,576.0,576.0,5.0,994198.0,1000000.0,277.0,33.0,192.0,19.0
REBORN MAGIC,437.0,BDP,-10.04527633,435.3079736,423.0,471.0,471.0,5.0,993735.0,1000000.0,142.0,24.0,157.0,10.0
しゅわスパ大作戦☆,1231.0,begSP,-10.04631472,94.35459246,94.0,105.0,105.0,1.0,987911.0,1000000.0,72.0,32.0,35.0,0.0
Take A Step Forward,417.0,begSP,-10.06846685,263.5699825,261.0,291.0,291.0,2.0,988246.0,1000000.0,241.0,85.0,97.0,10.0
Lift You Up,294.0,BDP,-10.08130965,336.1141985,326.0,363.0,363.0,5.0,994501.0,1000000.0,129.0,19.0,121.0,3.0
Do The Evolution,585.0,BSP,-10.08166226,403.5271047,396.0,441.0,441.0,4.0,991793.0,1000000.0,242.0,60.0,147.0,7.0
Feelings Won't Fade(Extend Trance Mix),240.0,BDP,-10.22696268,609.094886,594.0,660.0,660.0,5.0,992454.0,1000000.0,165.0,34.0,220.0,29.0
Sky Is The Limit,389.0,BSP,-10.26355021,498.5929948,491.0,546.0,546.0,5.0,990732.0,1000000.0,221.0,66.0,182.0,12.0
Love Again,366.0,BSP,-10.27099323,261.470148,256.0,285.0,285.0,4.0,991517.0,1000000.0,108.0,26.0,95.0,11.0
stoic (EXTREME version),131.0,BDP,-10.28088227,361.9282534,353.0,393.0,393.0,4.0,993816.0,1000000.0,190.0,36.0,131.0,0.0
You,512.0,BSP,-10.28567915,352.7444046,348.0,387.0,387.0,3.0,987342.0,1000000.0,131.0,43.0,129.0,29.0
DREAMING-ING!!,764.0,begSP,-10.28635802,259.1310078,256.0,285.0,285.0,3.0,990020.0,1000000.0,227.0,73.0,95.0,6.0
WARNING&times;WARNING&times;WARNING,1070.0,BDP,-10.31315096,640.6751876,618.0,687.0,687.0,6.0,994656.0,1000000.0,167.0,19.0,229.0,31.0
PASSION OF LOVE,191.0,BDP,-10.40189449,529.3104717,513.0,570.0,570.0,6.0,993650.0,1000000.0,145.0,22.0,190.0,29.0
Poseidon(kors k mix),374.0,BSP,-10.41886708,469.1461699,461.0,513.0,513.0,5.0,991158.0,1000000.0,247.0,67.0,171.0,13.0
BAD GIRLS,473.0,DSP,-10.4265932,400.6439812,388.0,432.0,432.0,6.0,992848.0,1000000.0,45.0,9.0,144.0,0.0
Ace out,879.0,begSP,-10.43233691,295.0374258,291.0,324.0,324.0,3.0,990800.0,1000000.0,157.0,50.0,108.0,4.0
Starlight in the Snow,917.0,BDP,-10.43742218,521.0774936,504.0,561.0,561.0,6.0,994385.0,1000000.0,184.0,24.0,187.0,17.0
Wowie Zowie!,1089.0,BSP,-10.4693041,432.8799103,421.0,468.0,468.0,6.0,993788.0,1000000.0,110.0,21.0,156.0,12.0
Easy Peasy,1137.0,begSP,-10.47768488,118.57878,118.0,132.0,132.0,1.0,987845.0,1000000.0,129.0,55.0,44.0,0.0
Yuni's Nocturnal Days,1000.0,BDP,-10.53835058,598.9261715,580.0,645.0,645.0,6.0,994688.0,1000000.0,179.0,26.0,215.0,11.0
Party Lights,306.0,BDP,-10.54239291,323.4099062,315.0,351.0,351.0,5.0,993840.0,1000000.0,128.0,25.0,117.0,0.0
Spanish Snowy Dance,545.0,begSP,-10.54667542,309.7973327,305.0,339.0,339.0,3.0,992225.0,1000000.0,163.0,48.0,113.0,0.0
Hopeful,745.0,BDP,-10.56668277,519.2273137,504.0,561.0,561.0,5.0,993674.0,1000000.0,279.0,41.0,187.0,17.0
Destiny lovers,109.0,BSP,-10.59036719,338.9908888,334.0,372.0,372.0,4.0,990790.0,1000000.0,171.0,53.0,124.0,6.0
Get Your Wish,1108.0,BDP,-10.63989575,462.5086445,448.0,498.0,498.0,5.0,994937.0,1000000.0,114.0,18.0,166.0,7.0
Private Eye,423.0,BDP,-10.64383402,503.8646541,491.0,546.0,546.0,6.0,993570.0,1000000.0,255.0,47.0,182.0,9.0
PARANOiA ETERNAL,58.0,begSP,-10.67183607,316.0460545,310.0,345.0,345.0,4.0,992765.0,1000000.0,132.0,35.0,115.0,0.0
Fly away,163.0,BSP,-10.70121848,310.6339241,305.0,339.0,339.0,4.0,992487.0,1000000.0,136.0,37.0,113.0,3.0
The flower in your smile,319.0,BDP,-10.70678927,525.323485,507.0,564.0,564.0,5.0,995662.0,1000000.0,120.0,16.0,188.0,2.0
iFUTURELIST(DDR VERSION),171.0,BDP,-10.70740694,462.7118802,448.0,498.0,498.0,5.0,995047.0,1000000.0,145.0,21.0,166.0,6.0
Musician,1165.0,BSP,-10.71364409,311.1786191,305.0,339.0,339.0,3.0,992110.0,1000000.0,102.0,27.0,113.0,9.0
I'm gonna get you!,117.0,BDP,-10.74353097,363.2556299,353.0,393.0,393.0,4.0,994300.0,1000000.0,183.0,30.0,131.0,2.0
Find You Again,432.0,BDP,-10.77585275,397.1663271,386.0,429.0,429.0,5.0,993928.0,1000000.0,167.0,28.0,143.0,12.0
ヤマトなでなで&#9825;かぐや姫,573.0,begSP,-10.79527612,283.7028145,280.0,312.0,312.0,2.0,990737.0,1000000.0,242.0,77.0,104.0,2.0
LOVE THIS FEELIN',22.0,begSP,-10.83681946,209.1089078,205.0,228.0,228.0,4.0,992911.0,1000000.0,121.0,30.0,76.0,0.0
A thing called LOVE,226.0,BSP,-10.86240829,510.1451401,504.0,561.0,561.0,4.0,989892.0,1000000.0,297.0,101.0,187.0,12.0
Rhythms Inside,424.0,begSP,-10.86280683,213.3379344,210.0,234.0,234.0,1.0,990302.0,1000000.0,194.0,55.0,78.0,7.0
Till the lonely's gone,322.0,BDP,-10.88275735,343.9333885,334.0,372.0,372.0,5.0,993849.0,1000000.0,149.0,25.0,124.0,8.0
Desert Journey,523.0,BDP,-10.88822481,424.6815347,413.0,459.0,459.0,5.0,994480.0,1000000.0,184.0,32.0,153.0,3.0
PERSIAN LAND,1096.0,BSP,-10.94352288,865.1038008,837.0,930.0,930.0,7.0,995261.0,1000000.0,166.0,26.0,310.0,1.0
F4SH10N,859.0,begSP,-10.97801689,239.2139911,237.0,264.0,264.0,2.0,988894.0,1000000.0,171.0,64.0,88.0,7.0
Decade,347.0,BSP,-10.98418039,479.3497445,472.0,525.0,525.0,5.0,990925.0,1000000.0,207.0,64.0,175.0,11.0
Seule,438.0,BDP,-11.04864593,568.6549611,548.0,609.0,609.0,6.0,994375.0,1000000.0,106.0,14.0,203.0,38.0
dirty digital,348.0,BDP,-11.24240653,333.685551,324.0,360.0,360.0,4.0,994610.0,1000000.0,179.0,28.0,120.0,4.0
なだめスかし Negotiation,979.0,BDP,-11.29685171,357.0411555,348.0,387.0,387.0,5.0,992954.0,1000000.0,188.0,37.0,129.0,13.0
Such A Feeling,1162.0,BDP,-11.31927764,354.982673,345.0,384.0,384.0,6.0,999217.0,1000000.0,63.0,14.0,128.0,2.0
Seta Para Cima&uarr;&uarr;,832.0,BSP,-11.34497772,465.1359239,456.0,507.0,507.0,5.0,992807.0,1000000.0,170.0,46.0,169.0,2.0
Votum stellarum -forest #25 DDR RMX-,273.0,BDP,-11.3741584,335.6340837,326.0,363.0,363.0,4.0,993747.0,1000000.0,186.0,31.0,121.0,9.0
escape,524.0,BDP,-11.38491957,438.8212255,426.0,474.0,474.0,5.0,994443.0,1000000.0,166.0,29.0,158.0,5.0
Taj He Spitz (Tommie Sunshine's Brooklyn Fire Re-Touch),317.0,begSP,-11.44619995,238.4568574,237.0,264.0,264.0,3.0,989299.0,1000000.0,98.0,42.0,88.0,0.0
MARS WAR 3,247.0,begSP,-11.46153721,241.666542,240.0,267.0,267.0,3.0,989956.0,1000000.0,108.0,45.0,89.0,0.0
Come Back to Me (Feel It),1124.0,BSP,-11.52265933,607.1443943,591.0,657.0,657.0,7.0,993858.0,1000000.0,196.0,40.0,219.0,9.0
Wow Wow VENUS,563.0,BSP,-11.55373871,547.7386786,540.0,600.0,600.0,4.0,988434.0,1000000.0,185.0,62.0,200.0,39.0
JOKER,539.0,BSP,-11.56671032,367.0474063,361.0,402.0,402.0,4.0,990291.0,1000000.0,145.0,45.0,134.0,13.0
IRON HEART,902.0,begSP,-11.61708607,264.9904133,264.0,294.0,294.0,2.0,986623.0,1000000.0,141.0,64.0,98.0,0.0
TRIP MACHINE PhoeniX,266.0,begSP,-11.62335853,212.4042431,210.0,234.0,234.0,3.0,990629.0,1000000.0,146.0,52.0,78.0,0.0
Tomorrow Perfume,209.0,BDP,-11.62914526,360.7699613,351.0,390.0,390.0,4.0,993690.0,1000000.0,172.0,32.0,130.0,12.0
STAY (Organic house Version),130.0,BDP,-11.63401424,285.4867446,278.0,309.0,309.0,5.0,994243.0,1000000.0,125.0,25.0,103.0,1.0
SO IN LOVE,129.0,DSP,-11.68716222,500.3809819,486.0,540.0,540.0,7.0,992766.0,1000000.0,141.0,27.0,180.0,33.0
insist,1164.0,begSP,-11.69545891,190.0858008,189.0,210.0,210.0,2.0,988761.0,1000000.0,93.0,40.0,70.0,5.0
Too Late Snow,1093.0,BDP,-11.76132944,579.9075124,561.0,624.0,624.0,5.0,994775.0,1000000.0,122.0,21.0,208.0,12.0
灼熱 Pt.2 Long Train Running,1025.0,begSP,-11.80712776,379.0779147,372.0,414.0,414.0,3.0,992269.0,1000000.0,202.0,56.0,138.0,3.0
Taking It To The Sky,392.0,BDP,-11.81836089,392.5689428,380.0,423.0,423.0,4.0,994442.0,1000000.0,171.0,26.0,141.0,11.0
Haunted Rhapsody,414.0,BSP,-11.84462625,407.6712847,402.0,447.0,447.0,5.0,990361.0,1000000.0,195.0,65.0,149.0,12.0
INTO YOUR HEART (Ruffage remix),293.0,BDP,-11.8933626,405.1684683,394.0,438.0,438.0,5.0,994368.0,1000000.0,186.0,35.0,146.0,4.0
アドレナリン,1177.0,BDP,-11.97686996,372.5661143,361.0,402.0,402.0,5.0,994276.0,1000000.0,103.0,19.0,134.0,9.0
HIGHER,36.0,begSP,-12.02107464,289.5853237,286.0,318.0,318.0,3.0,991436.0,1000000.0,157.0,55.0,106.0,0.0
La Se&ntilde;orita,20.0,BSP,-12.08333465,671.0378053,650.0,723.0,723.0,6.0,995014.0,1000000.0,204.0,35.0,241.0,0.0
DOUBLE TORNARD,1082.0,BDP,-12.11990784,598.3539421,575.0,639.0,639.0,7.0,996226.0,1000000.0,123.0,15.0,213.0,7.0
Secret Rendez-vous,87.0,begSP,-12.12946384,193.2072703,191.0,213.0,213.0,3.0,990393.0,1000000.0,112.0,41.0,71.0,0.0
Frozen Ray ～for EXTREME～,111.0,BSP,-12.19057257,491.6870681,483.0,537.0,537.0,5.0,991852.0,1000000.0,178.0,54.0,179.0,8.0
JOKER,539.0,begSP,-12.20523803,219.9667205,218.0,243.0,243.0,2.0,989417.0,1000000.0,132.0,52.0,81.0,0.0
Wowie Zowie!,1089.0,BDP,-12.20549197,440.0487698,423.0,471.0,471.0,6.0,995597.0,1000000.0,100.0,13.0,157.0,12.0
rain of sorrow,86.0,BDP,-12.22549797,297.3318636,288.0,321.0,321.0,5.0,994156.0,1000000.0,139.0,23.0,107.0,7.0
Shades of Grey,257.0,BSP,-12.2356797,376.0174663,369.0,411.0,411.0,5.0,991885.0,1000000.0,216.0,61.0,137.0,5.0
Kiss me all night long,121.0,BDP,-12.25530237,376.792395,367.0,408.0,408.0,3.0,993893.0,1000000.0,258.0,50.0,136.0,6.0
LoveLove DokiDoki,594.0,BDP,-12.25963805,752.8576147,726.0,807.0,807.0,6.0,995784.0,1000000.0,144.0,22.0,269.0,1.0
Finale,1213.0,BSP,-12.27497271,519.6740323,499.0,555.0,555.0,5.0,994908.0,1000000.0,119.0,14.0,185.0,36.0
Playing With Fire,1184.0,BSP,-12.30718407,548.9635466,531.0,591.0,591.0,7.0,994656.0,1000000.0,94.0,18.0,197.0,11.0
Helios,841.0,begSP,-12.37408936,411.07144,405.0,450.0,450.0,4.0,991393.0,1000000.0,142.0,48.0,150.0,7.0
宇宙(ソラ)への片道切符,705.0,begSP,-12.37602565,223.54147,221.0,246.0,246.0,3.0,990590.0,1000000.0,395.0,133.0,82.0,2.0
Be With You (Still Miss you),1159.0,DSP,-12.4368482,653.3771146,629.0,699.0,699.0,8.0,994977.0,1000000.0,117.0,17.0,233.0,34.0
Dance Floor,285.0,BSP,-12.53997759,350.7767805,342.0,381.0,381.0,5.0,993151.0,1000000.0,120.0,29.0,127.0,2.0
DROP THE BOMB(SyS.F. Mix),110.0,DDP,-12.56102144,482.53772,469.0,522.0,522.0,5.0,994107.0,1000000.0,231.0,45.0,174.0,6.0
MARIA(I believe...),180.0,BDP,-12.56442576,440.786291,429.0,477.0,477.0,5.0,992236.0,1000000.0,174.0,37.0,159.0,28.0
message,451.0,BDP,-12.57857557,321.8139027,313.0,348.0,348.0,3.0,994080.0,1000000.0,257.0,46.0,116.0,5.0
Take Me,1133.0,DSP,-12.61531648,573.5491257,550.0,612.0,612.0,7.0,996305.0,1000000.0,94.0,12.0,204.0,7.0
MAGIC PARADE,422.0,BDP,-12.62776705,405.1438464,391.0,435.0,435.0,4.0,995132.0,1000000.0,154.0,22.0,145.0,10.0
Toy Box Factory,844.0,begSP,-12.63750887,299.7637462,297.0,330.0,330.0,3.0,989752.0,1000000.0,158.0,62.0,110.0,7.0
逆さま&hearts;シンデレラパレード,934.0,begSP,-12.63878296,261.8474821,256.0,285.0,285.0,2.0,991973.0,1000000.0,149.0,37.0,95.0,10.0
Your Angel,400.0,begSP,-12.73643662,259.032789,256.0,285.0,285.0,2.0,989533.0,1000000.0,130.0,48.0,95.0,8.0
HIGHER,36.0,BDP,-12.78265028,443.0178463,429.0,477.0,477.0,4.0,995239.0,1000000.0,201.0,33.0,159.0,0.0
Wings of an Angel (Fly With Me),445.0,BSP,-12.78723082,348.7542252,342.0,381.0,381.0,4.0,990171.0,1000000.0,166.0,48.0,127.0,19.0
DROP THE BOMB(SyS.F. Mix),110.0,BDP,-12.90742889,389.2789506,380.0,423.0,423.0,4.0,992460.0,1000000.0,246.0,57.0,141.0,13.0
ヤサイマシ☆ニンニクアブラオオメ,1104.0,begSP,-12.97478785,186.0001323,183.0,204.0,204.0,2.0,989555.0,1000000.0,102.0,33.0,68.0,3.0
[ ]DENTITY,1258.0,begSP,-13.01615492,261.600574,251.0,279.0,279.0,4.0,998342.0,1000000.0,41.0,6.0,93.0,11.0
rain of sorrow,86.0,BSP,-13.11383582,248.7198788,245.0,273.0,273.0,3.0,988879.0,1000000.0,150.0,50.0,91.0,14.0
south,496.0,begSP,-13.2133935,244.4104251,243.0,270.0,270.0,2.0,989852.0,1000000.0,150.0,65.0,90.0,0.0
MOONSTER,248.0,BDP,-13.25209327,389.9101447,378.0,420.0,420.0,4.0,995124.0,1000000.0,165.0,30.0,140.0,1.0
Starlight in the Snow,917.0,BSP,-13.37021702,612.3194266,591.0,657.0,657.0,7.0,994881.0,1000000.0,261.0,38.0,219.0,22.0
puzzle,308.0,BSP,-13.38587831,353.1361632,348.0,387.0,387.0,4.0,990153.0,1000000.0,125.0,44.0,129.0,9.0
Try 2 Luv. U,211.0,ESP,-13.41885717,500.2008981,486.0,540.0,540.0,8.0,992926.0,1000000.0,715.0,115.0,180.0,30.0
Together Going My Way,932.0,BDP,-13.43577066,408.095642,396.0,441.0,441.0,5.0,994160.0,1000000.0,189.0,37.0,147.0,8.0
Phlox,1168.0,BDP,-13.46549175,595.6941634,575.0,639.0,639.0,7.0,995632.0,1000000.0,118.0,21.0,213.0,5.0
"Every Day, Every Night(NM STYLE)",239.0,DSP,-13.47618209,413.3180323,405.0,450.0,450.0,6.0,992783.0,1000000.0,190.0,54.0,150.0,5.0
Jungle Dance,1193.0,BSP,-13.55319646,657.8072089,631.0,702.0,702.0,7.0,996323.0,1000000.0,162.0,20.0,234.0,9.0
コメット&rArr;スケイター,1249.0,BDP,-13.76765713,450.1200273,434.0,483.0,483.0,5.0,995484.0,1000000.0,81.0,15.0,161.0,6.0
Ticket to Bombay,321.0,BSP,-13.80829374,440.340784,432.0,480.0,480.0,5.0,992856.0,1000000.0,123.0,39.0,160.0,1.0
Funk Boogie,166.0,BSP,-13.88928985,414.5522907,407.0,453.0,453.0,5.0,989859.0,1000000.0,143.0,46.0,151.0,25.0
Blue Rain,279.0,BSP,-13.89721152,458.3930523,448.0,498.0,498.0,5.0,992835.0,1000000.0,275.0,70.0,166.0,11.0
ALPACORE,901.0,begSP,-13.92899398,347.3625593,340.0,378.0,378.0,4.0,993093.0,1000000.0,215.0,58.0,126.0,3.0
THIS NIGHT,394.0,BDP,-13.96288197,528.960824,510.0,567.0,567.0,6.0,994104.0,1000000.0,182.0,28.0,189.0,37.0
Your Angel,400.0,BSP,-14.01096435,411.3226526,402.0,447.0,447.0,4.0,992414.0,1000000.0,153.0,42.0,149.0,14.0
Crystarium,1157.0,begSP,-14.01526577,170.1372164,167.0,186.0,186.0,2.0,994662.0,1000000.0,83.0,26.0,62.0,5.0
ナナホシ,1086.0,BDP,-14.03181785,511.4388901,494.0,549.0,549.0,6.0,995739.0,1000000.0,163.0,28.0,183.0,0.0
Malacca,296.0,BDP,-14.04132022,425.4626003,410.0,456.0,456.0,5.0,995879.0,1000000.0,134.0,21.0,152.0,2.0
*ハロー、プラネット。,824.0,begSP,-14.14629615,337.9351783,332.0,369.0,369.0,3.0,991114.0,1000000.0,192.0,60.0,123.0,13.0
dirty digital,348.0,BSP,-14.15684302,328.6945373,324.0,360.0,360.0,4.0,991470.0,1000000.0,144.0,51.0,120.0,4.0
Twin memories W,780.0,BSP,-14.19476211,570.3753097,556.0,618.0,618.0,6.0,992621.0,1000000.0,280.0,67.0,206.0,25.0
INFINITE WORLD,1232.0,BDP,-14.25706169,657.2565618,629.0,699.0,699.0,5.0,997147.0,1000000.0,47.0,8.0,233.0,14.0
酔いどれ知らず,1100.0,begSP,-14.2790775,146.885728,145.0,162.0,162.0,1.0,988627.0,1000000.0,195.0,68.0,54.0,5.0
CANDY (UFO mix),1128.0,BDP,-14.2821868,647.1146219,621.0,690.0,690.0,6.0,996185.0,1000000.0,108.0,16.0,230.0,18.0
DUAL STRIKER,1117.0,begSP,-14.28478892,679.0776248,656.0,729.0,729.0,7.0,995340.0,1000000.0,264.0,44.0,243.0,9.0
闘え！ダダンダーンＶ,774.0,begSP,-14.28802541,304.3325053,299.0,333.0,333.0,3.0,992253.0,1000000.0,183.0,58.0,111.0,0.0
一途,1138.0,begSP,-14.33116076,163.2813084,162.0,180.0,180.0,2.0,989808.0,1000000.0,134.0,55.0,60.0,2.0
Dazzlin' Darlin-秋葉工房mix-,346.0,begSP,-14.47401098,296.3307611,294.0,327.0,327.0,3.0,990256.0,1000000.0,245.0,101.0,109.0,0.0
Hold Tight,1169.0,DSP,-14.53335061,597.5105909,572.0,636.0,636.0,8.0,995998.0,1000000.0,83.0,12.0,212.0,18.0
the beat,1172.0,BSP,-14.60558247,595.1770022,569.0,633.0,633.0,8.0,996638.0,1000000.0,90.0,12.0,211.0,10.0
Rave in the Shell,1204.0,begSP,-14.61194868,296.3132034,288.0,321.0,321.0,3.0,994921.0,1000000.0,74.0,19.0,107.0,5.0
The flower in your smile,319.0,begSP,-14.68790621,204.3067179,202.0,225.0,225.0,3.0,990160.0,1000000.0,89.0,35.0,75.0,0.0
KISS KISS KISS 秋葉工房 MIX,362.0,BSP,-14.78446188,500.9867956,491.0,546.0,546.0,5.0,992602.0,1000000.0,262.0,78.0,182.0,5.0
Wolf's Rain,1062.0,begSP,-14.79246674,304.8921792,302.0,336.0,336.0,4.0,990501.0,1000000.0,109.0,45.0,112.0,0.0
TRUE&hearts;LOVE (Clubstar's True Club Mix),1085.0,BDP,-14.9367078,430.7150519,418.0,465.0,465.0,4.0,994726.0,1000000.0,99.0,24.0,155.0,2.0
Shine,387.0,BDP,-14.94057423,321.3597796,310.0,345.0,345.0,4.0,994472.0,1000000.0,172.0,27.0,115.0,16.0
Re:GENERATION,913.0,begSP,-14.98972566,414.5144975,407.0,453.0,453.0,3.0,990677.0,1000000.0,171.0,56.0,151.0,18.0
Unity,1112.0,BDP,-15.03357194,411.3493791,396.0,441.0,441.0,4.0,995567.0,1000000.0,87.0,16.0,147.0,7.0
Seasons,425.0,BDP,-15.08221818,510.1361427,491.0,546.0,546.0,5.0,995651.0,1000000.0,140.0,23.0,182.0,13.0
VANITY ANGEL,139.0,BSP,-15.14487235,394.5438474,388.0,432.0,432.0,4.0,991993.0,1000000.0,128.0,45.0,144.0,0.0
Tell me what to do,515.0,BSP,-15.15524343,390.9007078,383.0,426.0,426.0,5.0,992971.0,1000000.0,148.0,46.0,142.0,1.0
Hold Tight,1169.0,BSP,-15.26778624,244.0809673,240.0,267.0,267.0,3.0,998468.0,1000000.0,67.0,24.0,89.0,9.0
Wings of an Angel (Fly With Me),445.0,BDP,-15.33844845,447.9909791,432.0,480.0,480.0,5.0,995287.0,1000000.0,159.0,27.0,160.0,15.0
La receta,364.0,BDP,-15.36734596,480.0499659,461.0,513.0,513.0,5.0,995093.0,1000000.0,140.0,21.0,171.0,29.0
CRAZY&hearts;LOVE,427.0,begSP,-15.37042263,388.4014112,380.0,423.0,423.0,3.0,991101.0,1000000.0,184.0,54.0,141.0,21.0
What Will Come of Me,398.0,BDP,-15.41930645,421.7433275,407.0,453.0,453.0,5.0,995412.0,1000000.0,126.0,24.0,151.0,4.0
惑星☆ロリポップ,1135.0,BDP,-15.45654677,585.9739405,564.0,627.0,627.0,5.0,994895.0,1000000.0,320.0,45.0,209.0,33.0
Starlight Fantasia,624.0,begSP,-15.46879178,383.3082302,378.0,420.0,420.0,3.0,991044.0,1000000.0,148.0,55.0,140.0,8.0
Freeze,352.0,begSP,-15.60757454,222.7031574,221.0,246.0,246.0,2.0,984408.0,1000000.0,124.0,53.0,82.0,20.0
REBORN MAGIC,437.0,begSP,-15.63401126,255.5258167,253.0,282.0,282.0,2.0,990210.0,1000000.0,127.0,52.0,94.0,0.0
Miracle Moon ～L.E.D.LIGHT STYLE MIX～,125.0,BSP,-15.70573322,399.7610239,388.0,432.0,432.0,4.0,994367.0,1000000.0,134.0,32.0,144.0,2.0
switch,264.0,BSP,-15.79369424,521.1321983,510.0,567.0,567.0,4.0,992307.0,1000000.0,161.0,50.0,189.0,9.0
MAGIC PARADE,422.0,begSP,-15.82737741,155.5088564,153.0,171.0,171.0,1.0,995470.0,1000000.0,198.0,65.0,57.0,2.0
HAVE YOU NEVER BEEN MELLOW (20th Anniversary Mix),839.0,BSP,-15.8934693,377.52346,367.0,408.0,408.0,4.0,994376.0,1000000.0,250.0,56.0,136.0,4.0
ベビーステップ,849.0,begSP,-15.97661712,393.3256415,386.0,429.0,429.0,4.0,992817.0,1000000.0,141.0,47.0,143.0,0.0
Leaving&hellip;,365.0,begSP,-16.01601271,241.9484189,240.0,267.0,267.0,2.0,987236.0,1000000.0,144.0,61.0,89.0,10.0
puzzle,308.0,BDP,-16.01806169,353.9439083,342.0,381.0,381.0,4.0,995172.0,1000000.0,160.0,31.0,127.0,2.0
Euphoric Fragmentation,1235.0,BSP,-16.0277643,748.8822197,712.0,792.0,792.0,8.0,997276.0,1000000.0,111.0,12.0,264.0,10.0
You You You,1127.0,BSP,-16.05434751,506.9621033,491.0,546.0,546.0,6.0,994451.0,1000000.0,174.0,38.0,182.0,15.0
Continue to the real world?,1238.0,begSP,-16.05477415,291.4344494,286.0,318.0,318.0,3.0,989015.0,1000000.0,59.0,21.0,106.0,5.0
LA BAMBA,122.0,BSP,-16.06701219,430.6069676,421.0,468.0,468.0,4.0,993520.0,1000000.0,127.0,39.0,156.0,1.0
BRILLIANT 2U,4.0,begSP,-16.17255961,258.9245997,256.0,285.0,285.0,3.0,990895.0,1000000.0,242.0,93.0,95.0,0.0
LOVE EAST,1230.0,BSP,-16.20163833,617.8929785,596.0,663.0,663.0,6.0,995481.0,1000000.0,84.0,19.0,221.0,7.0
Inspiration,292.0,BDP,-16.2144988,379.9932634,367.0,408.0,408.0,4.0,995463.0,1000000.0,173.0,32.0,136.0,4.0
REVOLUTIONARY ADDICT,481.0,begSP,-16.2164316,276.8199362,272.0,303.0,303.0,3.0,991646.0,1000000.0,131.0,45.0,101.0,4.0
stealth,262.0,BDP,-16.23858916,528.9214441,510.0,567.0,567.0,5.0,995577.0,1000000.0,167.0,31.0,189.0,10.0
dazzle,286.0,BSP,-16.26040651,363.7774347,356.0,396.0,396.0,4.0,990999.0,1000000.0,124.0,39.0,132.0,21.0
伐折羅-vajra-,1182.0,begSP,-16.30358314,265.2148171,259.0,288.0,288.0,3.0,992864.0,1000000.0,87.0,26.0,96.0,7.0
Inspiration,292.0,DSP,-16.31545116,550.4548524,534.0,594.0,594.0,7.0,994333.0,1000000.0,181.0,43.0,198.0,10.0
S・A・G・A,309.0,begSP,-16.33544791,378.983722,369.0,411.0,411.0,4.0,994061.0,1000000.0,115.0,32.0,137.0,0.0
Special One,721.0,begSP,-16.36076945,214.6063354,210.0,234.0,234.0,2.0,992734.0,1000000.0,173.0,50.0,78.0,1.0
Sucka Luva,509.0,begSP,-16.42364032,206.2617123,202.0,225.0,225.0,1.0,992819.0,1000000.0,196.0,57.0,75.0,0.0
HYPER EUROBEAT,116.0,BSP,-16.49178092,507.0142706,496.0,552.0,552.0,4.0,992467.0,1000000.0,187.0,58.0,184.0,10.0
Crazy Control,344.0,begSP,-16.51004777,145.0803312,143.0,159.0,159.0,1.0,991996.0,1000000.0,235.0,79.0,53.0,0.0
X-ray binary,973.0,BSP,-16.52898167,593.9394628,580.0,645.0,645.0,5.0,992976.0,1000000.0,219.0,64.0,215.0,11.0
Dream Machine,287.0,BDP,-16.59441019,413.5844431,399.0,444.0,444.0,5.0,995399.0,1000000.0,151.0,29.0,148.0,6.0
resonance,377.0,BDP,-16.6400162,372.2574896,359.0,399.0,399.0,4.0,995713.0,1000000.0,185.0,32.0,133.0,5.0
DIABLOSIS::N&#x101;ga,1215.0,begSP,-16.7411087,245.8271664,240.0,267.0,267.0,3.0,993278.0,1000000.0,46.0,15.0,89.0,3.0
i feel ...,83.0,BDP,-16.77776559,290.1990976,280.0,312.0,312.0,3.0,993535.0,1000000.0,256.0,42.0,104.0,20.0
Try 2 Luv. U,211.0,BSP,-16.78582093,247.2238713,243.0,270.0,270.0,4.0,989577.0,1000000.0,128.0,44.0,90.0,17.0
Death by Glamour,1212.0,BSP,-16.81037225,673.1696201,645.0,717.0,717.0,7.0,996149.0,1000000.0,176.0,26.0,239.0,25.0
PARADISE,1131.0,begSP,-16.81438371,176.6921612,175.0,195.0,195.0,1.0,990108.0,1000000.0,91.0,38.0,65.0,0.0
My Drama,1259.0,BDP,-16.82442601,975.472924,912.0,1012.0,1014.0,10.0,996971.0,999980.0,35.0,0.0,338.0,2.0
Dummy,350.0,BSP,-16.83146208,376.8492449,369.0,411.0,411.0,4.0,992483.0,1000000.0,170.0,54.0,137.0,4.0
aftershock!!,339.0,BSP,-16.89845489,507.4240167,494.0,549.0,549.0,5.0,991350.0,1000000.0,226.0,59.0,183.0,42.0
Something Comforting,1152.0,BSP,-16.94243533,299.8029327,291.0,324.0,324.0,5.0,994432.0,1000000.0,127.0,31.0,108.0,2.0
Ability,1175.0,BSP,-16.958819,400.1140388,388.0,432.0,432.0,5.0,994256.0,1000000.0,160.0,38.0,144.0,9.0
I believe what you said,997.0,BDP,-17.01814775,298.8702759,288.0,321.0,321.0,4.0,995073.0,1000000.0,165.0,29.0,107.0,8.0
Summer Fairytale,517.0,BDP,-17.02658254,506.6697414,488.0,543.0,543.0,5.0,994667.0,1000000.0,139.0,27.0,181.0,28.0
roppongi EVOLVED ver.A,378.0,begSP,-17.03484327,427.8578555,418.0,465.0,465.0,6.0,992711.0,1000000.0,227.0,66.0,155.0,9.0
CELEBRATE NITE,32.0,begSP,-17.06830942,250.0095231,248.0,276.0,276.0,3.0,990187.0,1000000.0,147.0,63.0,92.0,0.0
轟け！恋のビーンボール！！,579.0,begSP,-17.07685857,449.499563,440.0,489.0,489.0,3.0,992760.0,1000000.0,220.0,68.0,163.0,8.0
oarfish,370.0,BSP,-17.0954177,197.8989781,194.0,216.0,216.0,2.0,992124.0,1000000.0,143.0,45.0,72.0,3.0
Indigo Nocturne,1255.0,begSP,-17.37337048,153.7974221,151.0,168.0,168.0,2.0,973744.0,1000000.0,32.0,12.0,56.0,4.0
ポラリスノウタ,1239.0,BDP,-17.41650103,421.7257049,405.0,450.0,450.0,4.0,996150.0,1000000.0,94.0,17.0,150.0,10.0
Straight Oath,501.0,begSP,-17.41993843,286.5665672,280.0,312.0,312.0,3.0,993214.0,1000000.0,131.0,40.0,104.0,0.0
Towards The Horizon,1185.0,BDP,-17.49039882,710.6121426,675.0,750.0,750.0,7.0,997564.0,1000000.0,80.0,10.0,250.0,22.0
VALLIS-NERIA,1113.0,begSP,-17.52306173,461.1128516,448.0,498.0,498.0,5.0,993793.0,1000000.0,88.0,25.0,166.0,12.0
My Drama,1259.0,DSP,-17.63020806,1412.77621,1309.0,1455.0,1455.0,13.0,996431.0,1000000.0,93.0,1.0,485.0,3.0
アドレナリン,1177.0,BSP,-17.65943772,360.9856314,348.0,387.0,387.0,5.0,995406.0,1000000.0,120.0,24.0,129.0,9.0
Slip Out (bounce in beat mix),313.0,BSP,-17.66884035,319.3175513,313.0,348.0,348.0,4.0,993221.0,1000000.0,122.0,41.0,116.0,1.0
Next FUTURE,1248.0,BDP,-17.78496321,478.1959671,456.0,507.0,507.0,6.0,998654.0,1000000.0,64.0,10.0,169.0,12.0
Uranus,269.0,begSP,-17.79228561,345.2869739,337.0,375.0,375.0,3.0,993747.0,1000000.0,114.0,35.0,125.0,0.0
Love You More,792.0,begSP,-17.80591335,365.8764197,356.0,396.0,396.0,3.0,994378.0,1000000.0,263.0,66.0,132.0,0.0
9th Outburst,1252.0,BSP,-17.81866687,673.3276701,634.0,705.0,705.0,7.0,996712.0,1000000.0,38.0,4.0,235.0,38.0
VANITY ANGEL,139.0,BDP,-17.88309702,374.6859784,361.0,402.0,402.0,5.0,995847.0,1000000.0,130.0,26.0,134.0,0.0
Vem brincar,270.0,BDP,-17.96067,497.1421492,477.0,531.0,531.0,5.0,995651.0,1000000.0,137.0,24.0,177.0,20.0
X-ray binary,973.0,BDP,-18.02084749,599.0930381,577.0,642.0,642.0,5.0,995744.0,1000000.0,162.0,33.0,214.0,7.0
I Need You,170.0,BSP,-18.03835113,320.3704519,313.0,348.0,348.0,4.0,992599.0,1000000.0,115.0,36.0,116.0,11.0
rain of sorrow,86.0,begSP,-18.0501597,195.7999986,194.0,216.0,216.0,3.0,990252.0,1000000.0,111.0,47.0,72.0,0.0
Surrender (PureFocus remix),1192.0,BDP,-18.10319733,551.0534559,526.0,585.0,585.0,6.0,996252.0,1000000.0,55.0,10.0,195.0,29.0
Curry Up,1129.0,BSP,-18.13867813,467.3318029,453.0,504.0,504.0,6.0,994407.0,1000000.0,137.0,35.0,168.0,9.0
CUTIE CHASER(MORNING MIX),107.0,DSP,-18.14481353,388.8044414,378.0,420.0,420.0,4.0,994709.0,1000000.0,172.0,45.0,140.0,0.0
LOVING YOU (Epidemik remix),295.0,BSP,-18.27966582,353.0205343,345.0,384.0,384.0,6.0,993100.0,1000000.0,223.0,67.0,128.0,4.0
No.13,189.0,begSP,-18.2860931,292.5145458,288.0,321.0,321.0,4.0,991550.0,1000000.0,110.0,42.0,107.0,0.0
Summer Fairytale,517.0,begSP,-18.35928706,245.4468526,243.0,270.0,270.0,2.0,989792.0,1000000.0,112.0,47.0,90.0,7.0
Racing with Time (NAOKI's 999 remix),1190.0,BDP,-18.41637665,475.8902701,453.0,504.0,504.0,7.0,998923.0,1000000.0,67.0,10.0,168.0,4.0
In The Air,442.0,BSP,-18.43302629,419.3434437,410.0,456.0,456.0,6.0,992370.0,1000000.0,125.0,41.0,152.0,13.0
ほしのつくりかた,1031.0,BSP,-18.45408562,476.1401208,467.0,519.0,519.0,6.0,992589.0,1000000.0,270.0,90.0,173.0,5.0
Resurrection,446.0,BDP,-18.49918658,476.3884824,459.0,510.0,510.0,5.0,994928.0,1000000.0,167.0,33.0,170.0,26.0
AM-3P -303 BASS MIX-,103.0,BSP,-18.50741856,356.2559998,345.0,384.0,384.0,4.0,995044.0,1000000.0,126.0,31.0,128.0,0.0
Fly away -mix del matador-,243.0,BDP,-18.55444457,512.8145777,491.0,546.0,546.0,5.0,996062.0,1000000.0,161.0,25.0,182.0,22.0
走れメロンパン,1247.0,BSP,-18.58597449,368.3956105,359.0,399.0,399.0,5.0,992496.0,1000000.0,76.0,24.0,133.0,5.0
Freedom,165.0,BSP,-18.61113206,463.9666072,453.0,504.0,504.0,5.0,991464.0,1000000.0,214.0,65.0,168.0,27.0
Get it,1154.0,begSP,-18.61211315,251.9417544,248.0,276.0,276.0,3.0,993585.0,1000000.0,89.0,34.0,92.0,9.0
Something Comforting,1152.0,BDP,-18.62256454,299.8232147,288.0,321.0,321.0,5.0,996365.0,1000000.0,115.0,21.0,107.0,2.0
All My Love,340.0,BSP,-18.64482117,464.7226142,453.0,504.0,504.0,5.0,993057.0,1000000.0,253.0,72.0,168.0,13.0
roppongi EVOLVED ver.C,380.0,begSP,-18.65421098,442.7044123,429.0,477.0,477.0,6.0,994748.0,1000000.0,152.0,38.0,159.0,8.0
Last Summer,1109.0,BDP,-18.77654802,529.2211548,507.0,564.0,564.0,5.0,996628.0,1000000.0,89.0,17.0,188.0,2.0
Quickening,195.0,BDP,-18.87782669,446.1935619,429.0,477.0,477.0,5.0,995399.0,1000000.0,148.0,28.0,159.0,20.0
3y3s,1250.0,begSP,-18.87928506,281.1846577,275.0,306.0,306.0,4.0,993071.0,1000000.0,93.0,31.0,102.0,2.0
PARADISE,1131.0,BSP,-18.9482911,459.3792295,442.0,492.0,492.0,6.0,995655.0,1000000.0,84.0,19.0,164.0,9.0
Twin Bee -Generation X-,137.0,BDP,-18.95830345,318.7301177,307.0,342.0,342.0,4.0,995709.0,1000000.0,193.0,36.0,114.0,3.0
Take A Chance,318.0,DSP,-18.96912729,442.4315338,429.0,477.0,477.0,6.0,994903.0,1000000.0,124.0,33.0,159.0,3.0
SMASH,1201.0,begSP,-18.96987749,213.156154,205.0,228.0,228.0,2.0,997130.0,1000000.0,58.0,12.0,76.0,5.0
stellar rain,1076.0,BSP,-19.06941866,461.9034603,442.0,492.0,492.0,5.0,996297.0,1000000.0,135.0,22.0,164.0,14.0
都会征服Girls☆,1241.0,BDP,-19.22693033,501.9328314,477.0,531.0,531.0,4.0,996482.0,1000000.0,39.0,7.0,177.0,35.0
MUTEKI BUFFALO,969.0,begSP,-19.31172214,379.2103179,369.0,411.0,411.0,4.0,993773.0,1000000.0,152.0,44.0,137.0,5.0
SP-TRIP MACHINE～JUNGLE MIX～,12.0,begSP,-19.32074267,215.7482969,213.0,237.0,237.0,4.0,991254.0,1000000.0,158.0,62.0,79.0,0.0
Easy Peasy,1137.0,BSP,-19.36324279,279.175343,270.0,300.0,300.0,4.0,994948.0,1000000.0,122.0,28.0,100.0,8.0
ヒカリユリイカ,848.0,begSP,-19.36515156,224.8927325,221.0,246.0,246.0,2.0,991381.0,1000000.0,186.0,65.0,82.0,5.0
Polovtsian Dances And Chorus,192.0,BDP,-19.39125616,441.3100781,426.0,474.0,474.0,5.0,995195.0,1000000.0,182.0,40.0,158.0,9.0
Dance Partay,622.0,begSP,-19.39609539,223.7294352,221.0,246.0,246.0,2.0,991065.0,1000000.0,116.0,47.0,82.0,0.0
cachaca,151.0,BSP,-19.39771413,268.335756,261.0,291.0,291.0,3.0,992782.0,1000000.0,139.0,39.0,97.0,10.0
DROP THE BOMB(SyS.F. Mix),110.0,BSP,-19.41447041,442.1934592,432.0,480.0,480.0,5.0,992260.0,1000000.0,296.0,89.0,160.0,20.0
Death by Glamour,1212.0,BDP,-19.59469512,654.8050853,623.0,693.0,693.0,7.0,997032.0,1000000.0,122.0,17.0,231.0,26.0
MAX LOVE,367.0,begSP,-19.60033158,438.0559444,429.0,477.0,477.0,3.0,992220.0,1000000.0,206.0,69.0,159.0,12.0
SAY A PRAYER,1191.0,BSP,-19.86333321,317.2929032,307.0,342.0,342.0,4.0,998028.0,1000000.0,56.0,16.0,114.0,1.0
TSUGARU,93.0,begSP,-19.93687801,253.9558381,248.0,276.0,276.0,3.0,993555.0,1000000.0,127.0,40.0,92.0,0.0
Silver Platform - I wanna get your heart -,258.0,BDP,-19.98575391,362.5410799,348.0,387.0,387.0,4.0,994146.0,1000000.0,182.0,31.0,129.0,35.0
カラフルミニッツ,1178.0,begSP,-20.03054822,160.6145685,159.0,177.0,177.0,1.0,986410.0,1000000.0,102.0,43.0,59.0,2.0
SAYONARA☆ディスコライト,1060.0,BDP,-20.30020733,547.9061313,523.0,582.0,582.0,5.0,996313.0,1000000.0,146.0,23.0,194.0,26.0
Electro Tuned ( the SubS Mix ),55.0,begSP,-20.32145299,280.8646677,272.0,303.0,303.0,4.0,994989.0,1000000.0,102.0,27.0,101.0,0.0
DROP,349.0,BSP,-20.35689634,449.9580861,440.0,489.0,489.0,4.0,991978.0,1000000.0,191.0,63.0,163.0,18.0
Slip Out,312.0,DSP,-20.41371906,448.9911235,437.0,486.0,486.0,7.0,993269.0,1000000.0,134.0,41.0,162.0,15.0
しゅわスパ大作戦☆,1231.0,BDP,-20.4551159,376.2204462,359.0,399.0,399.0,5.0,996802.0,1000000.0,54.0,10.0,133.0,18.0
PARADISE,1131.0,BDP,-20.53407344,424.4731709,407.0,453.0,453.0,5.0,996201.0,1000000.0,86.0,18.0,151.0,9.0
Tomorrow Perfume,209.0,BSP,-20.54411671,384.6044934,380.0,423.0,423.0,4.0,988339.0,1000000.0,139.0,58.0,141.0,15.0
xenon,140.0,begSP,-20.58601262,328.5429451,326.0,363.0,363.0,3.0,989259.0,1000000.0,132.0,59.0,121.0,0.0
Sparkle Dreams,1209.0,begSP,-20.74831474,267.645938,259.0,288.0,288.0,3.0,996992.0,1000000.0,263.0,57.0,96.0,6.0
GRADIUS REMIX（&uarr;&uarr;&darr;&darr;&larr;&rarr;&larr;&rarr;BA Ver.),1065.0,begSP,-20.75990957,170.4560739,167.0,186.0,186.0,2.0,992355.0,1000000.0,102.0,35.0,62.0,2.0
Sweet Sweet &hearts; Magic,92.0,begSP,-20.78497603,350.6983644,345.0,384.0,384.0,4.0,991982.0,1000000.0,160.0,61.0,128.0,0.0
50th Memorial Songs -Flagship medley-,851.0,begSP,-20.81623223,258.847281,251.0,279.0,279.0,3.0,996397.0,1000000.0,113.0,30.0,93.0,1.0
HEARTBREAK (Sound Selektaz remix),415.0,BDP,-20.84215261,349.4592846,337.0,375.0,375.0,4.0,994916.0,1000000.0,209.0,44.0,125.0,13.0
Continue to the real world?,1238.0,BSP,-20.88093933,818.423676,777.0,864.0,864.0,7.0,997308.0,1000000.0,100.0,15.0,288.0,13.0
Broken,1183.0,BDP,-20.88589992,345.967208,332.0,369.0,369.0,5.0,997131.0,1000000.0,101.0,20.0,123.0,8.0
Dreamin&rsquo;,619.0,BSP,-20.91744151,294.979781,288.0,321.0,321.0,4.0,993014.0,1000000.0,118.0,39.0,107.0,3.0
ここからよろしく大作戦143,987.0,begSP,-21.27344824,450.2158633,440.0,489.0,489.0,3.0,993089.0,1000000.0,167.0,56.0,163.0,8.0
LONG TRAIN RUNNIN' (20th Anniversary Mix),858.0,BSP,-21.31693832,472.9229356,456.0,507.0,507.0,6.0,995829.0,1000000.0,201.0,45.0,169.0,2.0
パーフェクトイーター,1210.0,begSP,-21.42292631,214.7782704,210.0,234.0,234.0,3.0,992748.0,1000000.0,123.0,41.0,78.0,2.0
Une mage blanche,900.0,BSP,-21.56586488,754.615366,729.0,810.0,810.0,7.0,994757.0,1000000.0,214.0,54.0,270.0,27.0
メンタンピンドラドラ,1194.0,begSP,-21.59430797,174.1649616,170.0,189.0,189.0,2.0,992601.0,1000000.0,98.0,31.0,63.0,7.0
30 Lives (Up-Up-Down-Dance Mix),275.0,BSP,-21.67725878,320.8480971,313.0,348.0,348.0,4.0,993249.0,1000000.0,165.0,52.0,116.0,8.0
Hyper Bomb,937.0,begSP,-21.71385476,325.9585504,318.0,354.0,354.0,3.0,993464.0,1000000.0,142.0,46.0,118.0,3.0
Tell me what to do,515.0,BDP,-21.75309881,394.410551,378.0,420.0,420.0,5.0,996996.0,1000000.0,148.0,27.0,140.0,1.0
Open Your Eyes,1189.0,BSP,-21.99004611,255.1583432,248.0,276.0,276.0,5.0,999479.0,1000000.0,59.0,19.0,92.0,5.0
Scorching Moon,200.0,begSP,-22.00664151,255.1064079,251.0,279.0,279.0,3.0,993037.0,1000000.0,108.0,42.0,93.0,0.0
STAY (Organic house Version),130.0,BSP,-22.05186679,312.6193641,305.0,339.0,339.0,4.0,993821.0,1000000.0,119.0,39.0,113.0,2.0
Settin' the Scene,1111.0,BDP,-22.07368654,243.7766952,234.0,261.0,261.0,3.0,995219.0,1000000.0,95.0,20.0,87.0,12.0
すきなことだけでいいです,882.0,begSP,-22.1122188,243.3121129,240.0,267.0,267.0,3.0,990815.0,1000000.0,176.0,70.0,89.0,5.0
1998 (Sparky 2006),1050.0,BSP,-22.22670047,553.9813359,534.0,594.0,594.0,6.0,995703.0,1000000.0,135.0,34.0,198.0,6.0
volcano,272.0,begSP,-22.30860778,236.0375432,229.0,255.0,255.0,4.0,996376.0,1000000.0,89.0,26.0,85.0,3.0
Throw Out,1237.0,BDP,-22.37179268,543.1204027,513.0,570.0,570.0,6.0,998280.0,1000000.0,75.0,9.0,190.0,33.0
Miracle Moon ～L.E.D.LIGHT STYLE MIX～,125.0,begSP,-22.47500781,278.2303842,272.0,303.0,303.0,3.0,993145.0,1000000.0,115.0,40.0,101.0,0.0
ORION.78～civilization mix～,66.0,begSP,-22.54765408,189.8467269,186.0,207.0,207.0,4.0,992980.0,1000000.0,145.0,50.0,69.0,0.0
Valanga,1181.0,begSP,-22.54788666,352.7281126,348.0,387.0,387.0,4.0,990007.0,1000000.0,83.0,35.0,129.0,10.0
White Stream,1257.0,begSP,-22.60547323,239.2875989,229.0,255.0,255.0,4.0,998633.0,1000000.0,33.0,8.0,85.0,6.0
future gazer,410.0,begSP,-22.65787191,195.8569632,194.0,216.0,216.0,2.0,994124.0,1000000.0,70.0,31.0,72.0,1.0
KING,1101.0,begSP,-22.76768839,157.6664387,156.0,174.0,174.0,1.0,989808.0,1000000.0,267.0,110.0,58.0,1.0
Awakening Wings,1140.0,BSP,-22.92967288,337.7293714,326.0,363.0,363.0,5.0,995282.0,1000000.0,120.0,31.0,121.0,4.0
TOMORROW,208.0,BSP,-23.22994406,386.8272947,378.0,420.0,420.0,4.0,992185.0,1000000.0,132.0,46.0,140.0,16.0
CaptivAte～誓い～,233.0,BSP,-23.26658396,471.2574309,456.0,507.0,507.0,5.0,994681.0,1000000.0,211.0,56.0,169.0,14.0
Dispersion Star,575.0,BSP,-23.33576538,468.0001302,456.0,507.0,507.0,5.0,993297.0,1000000.0,165.0,54.0,169.0,13.0
すろぉもぉしょん,823.0,begSP,-23.41359363,380.7235748,372.0,414.0,414.0,3.0,992821.0,1000000.0,194.0,66.0,138.0,8.0
Horatio,291.0,begSP,-23.51560259,208.8760504,205.0,228.0,228.0,3.0,992479.0,1000000.0,148.0,54.0,76.0,1.0
繚乱ヒットチャート,453.0,begSP,-23.84693401,286.4652374,278.0,309.0,309.0,2.0,994724.0,1000000.0,138.0,40.0,103.0,3.0
Let the beat hit em!(CLASSIC R&amp;B STYLE),64.0,ESP,-23.87900392,532.178292,518.0,576.0,576.0,10.0,994314.0,1000000.0,1513.0,399.0,192.0,0.0
You gotta move it (feat. Julie Rugaard),215.0,BDP,-23.99221833,424.2326214,405.0,450.0,450.0,5.0,996556.0,1000000.0,136.0,24.0,150.0,22.0
SAYONARA☆ディスコライト,1060.0,BSP,-24.00281673,590.7230572,564.0,627.0,627.0,6.0,996468.0,1000000.0,184.0,33.0,209.0,27.0
Star Gate Heaven (FUTURE LOVE Mix),260.0,BDP,-24.03334729,547.9473121,523.0,582.0,582.0,6.0,996854.0,1000000.0,143.0,27.0,194.0,10.0
printemps,565.0,begSP,-24.05467912,333.9917292,332.0,369.0,369.0,3.0,989420.0,1000000.0,116.0,54.0,123.0,0.0
If,1005.0,begSP,-24.08347159,416.7687047,410.0,456.0,456.0,4.0,990996.0,1000000.0,124.0,50.0,152.0,12.0
In the past,939.0,begSP,-24.08543894,336.9540238,329.0,366.0,366.0,4.0,993381.0,1000000.0,149.0,51.0,122.0,4.0
トランスダンスアナーキー,1228.0,BSP,-24.1072157,1276.891207,1193.0,1326.0,1326.0,9.0,997261.0,1000000.0,122.0,8.0,442.0,65.0
JET WORLD,119.0,begSP,-24.11154031,328.604641,321.0,357.0,357.0,3.0,993670.0,1000000.0,101.0,36.0,119.0,0.0
Funk Boogie,166.0,begSP,-24.19819909,256.8824477,253.0,282.0,282.0,4.0,991481.0,1000000.0,113.0,46.0,94.0,0.0
カラフルミニッツ,1178.0,BDP,-24.24028599,265.4671739,256.0,285.0,285.0,4.0,997254.0,1000000.0,78.0,21.0,95.0,4.0
Leaving&hellip;,365.0,BSP,-24.29173363,525.6230994,507.0,564.0,564.0,5.0,995502.0,1000000.0,177.0,46.0,188.0,8.0
BRILLIANT 2U(Orchestra Groove),5.0,begSP,-24.58029776,275.6854956,270.0,300.0,300.0,4.0,993295.0,1000000.0,199.0,70.0,100.0,0.0
コンフェイト＊コンチェルト,1240.0,BDP,-24.58864256,486.4486366,459.0,510.0,510.0,5.0,999166.0,1000000.0,47.0,7.0,170.0,10.0
Taking It To The Sky,392.0,BSP,-24.74258989,272.3881529,267.0,297.0,297.0,3.0,991140.0,1000000.0,129.0,48.0,99.0,10.0
message,451.0,BSP,-24.79899162,458.9174191,445.0,495.0,495.0,5.0,994724.0,1000000.0,189.0,56.0,165.0,5.0
CONNECT-,983.0,BDP,-24.96892539,585.7483976,558.0,621.0,621.0,5.0,997156.0,1000000.0,148.0,27.0,207.0,7.0
My Drama,1259.0,BSP,-25.1292496,1011.278575,942.0,1047.0,1047.0,10.0,999414.0,1000000.0,51.0,4.0,349.0,2.0
Bang Pad(Werk Mix),963.0,begSP,-25.17098105,323.0141883,315.0,351.0,351.0,3.0,993279.0,1000000.0,124.0,43.0,117.0,4.0
ポジティブ☆ダンスタイム,1206.0,BSP,-25.19637474,406.0606701,391.0,435.0,435.0,4.0,995998.0,1000000.0,133.0,34.0,145.0,1.0
exotic ethnic,62.0,begSP,-25.21251023,335.0408792,329.0,366.0,366.0,4.0,992457.0,1000000.0,180.0,69.0,122.0,0.0
Open Your Eyes,1189.0,BDP,-25.25689724,252.5305712,243.0,270.0,270.0,5.0,997371.0,1000000.0,47.0,13.0,90.0,5.0
FUJIMORI -祭- FESTIVAL,610.0,begSP,-25.25923321,361.5778567,356.0,396.0,396.0,3.0,991670.0,1000000.0,132.0,54.0,132.0,1.0
Surrender (PureFocus remix),1192.0,BSP,-25.34704147,578.6978679,550.0,612.0,612.0,7.0,996852.0,1000000.0,76.0,15.0,204.0,29.0
Come Back To Me,1030.0,begSP,-25.35610693,348.2185992,342.0,381.0,381.0,3.0,991611.0,1000000.0,121.0,48.0,127.0,5.0
Lift You Up,294.0,BSP,-25.44663434,342.7672677,332.0,369.0,369.0,4.0,995148.0,1000000.0,110.0,33.0,123.0,2.0
ENDLESS,908.0,BDP,-25.47541275,612.9871714,585.0,651.0,651.0,6.0,997023.0,1000000.0,195.0,37.0,217.0,3.0
TAKE ME HIGHER,1156.0,begSP,-25.70801031,353.2186338,340.0,378.0,378.0,4.0,996366.0,1000000.0,77.0,21.0,126.0,0.0
Go To The Oasis,1153.0,BSP,-25.72958468,685.9460635,656.0,729.0,729.0,6.0,997895.0,1000000.0,164.0,35.0,243.0,14.0
Gotta Dance,355.0,BSP,-25.79310509,248.8588872,245.0,273.0,273.0,3.0,989682.0,1000000.0,154.0,62.0,91.0,11.0
Melody Life,368.0,BDP,-25.88381996,578.4877096,550.0,612.0,612.0,5.0,997438.0,1000000.0,151.0,26.0,204.0,8.0
HEARTBREAK (Sound Selektaz remix),415.0,begSP,-25.93104551,189.5482016,186.0,207.0,207.0,1.0,992401.0,1000000.0,268.0,96.0,69.0,1.0
Under the Sky,213.0,begSP,-26.073036,175.0439296,172.0,192.0,192.0,2.0,991593.0,1000000.0,156.0,60.0,64.0,0.0
Mess With My Emotions,1084.0,BDP,-26.1066181,193.9245154,189.0,210.0,210.0,2.0,995476.0,1000000.0,161.0,51.0,70.0,2.0
Top The Charts,519.0,BDP,-26.11616553,401.2895594,388.0,432.0,432.0,5.0,994691.0,1000000.0,209.0,58.0,144.0,10.0
On the Night of a Still Wind,1161.0,BSP,-26.12101632,613.5196782,585.0,651.0,651.0,6.0,996465.0,1000000.0,102.0,22.0,217.0,32.0
Dance Floor,285.0,begSP,-26.16395445,181.9385265,178.0,198.0,198.0,2.0,993469.0,1000000.0,124.0,44.0,66.0,0.0
Qwerty,1075.0,begSP,-26.29833111,277.4657566,272.0,303.0,303.0,2.0,992284.0,1000000.0,95.0,37.0,101.0,3.0
HEART BEAT FORMULA (Vinyl Mix),645.0,begSP,-26.58735516,310.3223919,302.0,336.0,336.0,4.0,993385.0,1000000.0,96.0,33.0,112.0,14.0
&#9825;Drive My Heart&#9825;,1056.0,BDP,-26.6794013,406.042292,391.0,435.0,435.0,5.0,995959.0,1000000.0,163.0,42.0,145.0,2.0
Ambivalent Vermilia,1251.0,begSP,-26.72272672,363.8578591,348.0,387.0,387.0,5.0,997207.0,1000000.0,88.0,20.0,129.0,4.0
STEP MACHINE,950.0,begSP,-26.78516952,400.6167553,388.0,432.0,432.0,3.0,993860.0,1000000.0,136.0,42.0,144.0,12.0
Drive Away,1198.0,begSP,-26.82620666,149.8891373,145.0,162.0,162.0,2.0,996154.0,1000000.0,40.0,13.0,54.0,4.0
JUST BELIEVE,1170.0,BDP,-26.89693709,527.0311067,502.0,558.0,558.0,7.0,997400.0,1000000.0,73.0,16.0,186.0,9.0
IN THE ZONE,420.0,begSP,-26.92649145,157.5942261,153.0,171.0,171.0,1.0,995805.0,1000000.0,200.0,58.0,57.0,4.0
TECH-NOID,707.0,begSP,-27.02735427,249.8426089,245.0,273.0,273.0,2.0,992440.0,1000000.0,189.0,71.0,91.0,0.0
&#9825;Drive My Heart&#9825;,1056.0,BSP,-27.11946756,401.2238139,391.0,435.0,435.0,5.0,993603.0,1000000.0,216.0,73.0,145.0,2.0
Can Be Real,152.0,BSP,-27.12709787,393.1511981,380.0,423.0,423.0,4.0,994629.0,1000000.0,151.0,44.0,141.0,12.0
ORION.78(AMeuro-MIX),42.0,begSP,-27.13195606,165.3892041,162.0,180.0,180.0,3.0,993750.0,1000000.0,127.0,46.0,60.0,0.0
Better Than Me,1042.0,begSP,-27.37008916,373.7953818,369.0,411.0,411.0,4.0,990474.0,1000000.0,127.0,55.0,137.0,3.0
Throw Out,1237.0,BSP,-27.37389864,553.8718355,526.0,585.0,585.0,6.0,996886.0,1000000.0,94.0,18.0,195.0,33.0
DOUBLE TORNARD,1082.0,BSP,-27.65590631,573.3492758,545.0,606.0,606.0,7.0,997476.0,1000000.0,143.0,26.0,202.0,10.0
テレキャスタービーボーイ,1036.0,begSP,-27.71032954,207.575009,205.0,228.0,228.0,2.0,988827.0,1000000.0,173.0,73.0,76.0,9.0
毒占欲,880.0,begSP,-27.71601702,231.0396986,224.0,249.0,249.0,2.0,997203.0,1000000.0,145.0,43.0,83.0,2.0
ポッピンキャンディ☆フィーバー！,1207.0,BDP,-27.84721427,345.0987916,332.0,369.0,369.0,4.0,995723.0,1000000.0,114.0,30.0,123.0,11.0
DESTINY,77.0,BSP,-28.19682162,320.8157983,313.0,348.0,348.0,3.0,993944.0,1000000.0,162.0,57.0,116.0,0.0
AM-3P -303 BASS MIX-,103.0,begSP,-28.24199562,280.8434885,272.0,303.0,303.0,4.0,994979.0,1000000.0,108.0,34.0,101.0,0.0
Closer to my Heart (jun remix),1081.0,BSP,-28.43772773,645.0320629,612.0,681.0,681.0,7.0,996750.0,1000000.0,167.0,29.0,227.0,27.0
雑草魂なめんなよ！,1001.0,BDP,-28.48552955,343.0243316,329.0,366.0,366.0,5.0,996592.0,1000000.0,185.0,42.0,122.0,4.0
Star Gate Heaven (FUTURE LOVE Mix),260.0,BSP,-28.5170094,482.6233282,469.0,522.0,522.0,5.0,993774.0,1000000.0,146.0,50.0,174.0,11.0
☆shining☆,337.0,begSP,-28.60209829,266.2496198,261.0,291.0,291.0,2.0,991624.0,1000000.0,128.0,50.0,97.0,0.0
Jam &amp; Marmalade,174.0,BDP,-28.84172061,338.0902312,326.0,363.0,363.0,5.0,995337.0,1000000.0,171.0,47.0,121.0,6.0
Melody Life,368.0,begSP,-29.26910808,268.835548,264.0,294.0,294.0,2.0,991832.0,1000000.0,132.0,53.0,98.0,4.0
dirty digital,348.0,begSP,-29.52013619,168.2932676,164.0,183.0,183.0,1.0,993829.0,1000000.0,243.0,79.0,61.0,4.0
Unity,1112.0,begSP,-29.53995617,166.3069664,164.0,183.0,183.0,2.0,988165.0,1000000.0,67.0,29.0,61.0,4.0
ナナイロライト,1246.0,BSP,-29.84882771,517.9243446,491.0,546.0,546.0,5.0,999581.0,1000000.0,55.0,12.0,182.0,8.0
Take Me,1133.0,BDP,-29.93204967,387.0265208,369.0,411.0,411.0,5.0,998054.0,1000000.0,75.0,18.0,137.0,1.0
Curry Up,1129.0,BDP,-29.95883844,479.5081424,456.0,507.0,507.0,6.0,997541.0,1000000.0,107.0,22.0,169.0,10.0
Flip Flap,1179.0,begSP,-29.97315608,258.0990493,256.0,285.0,285.0,3.0,988916.0,1000000.0,82.0,38.0,95.0,1.0
Surface,1061.0,BDP,-30.02956131,421.6072245,402.0,447.0,447.0,4.0,997558.0,1000000.0,132.0,28.0,149.0,11.0
夢幻ノ光,225.0,begSP,-30.0456239,319.034688,310.0,345.0,345.0,4.0,994490.0,1000000.0,155.0,52.0,115.0,0.0
DIGITAL LUV,914.0,BSP,-30.13354931,447.3726097,434.0,483.0,483.0,5.0,994423.0,1000000.0,295.0,93.0,161.0,7.0
Party Lights (Tommie Sunshine's Brooklyn Fire Remix),603.0,BSP,-30.15628958,493.2701029,475.0,528.0,528.0,5.0,994815.0,1000000.0,123.0,36.0,176.0,23.0
esrev:eR,586.0,begSP,-30.21037974,301.8741821,299.0,333.0,333.0,2.0,989846.0,1000000.0,164.0,74.0,111.0,3.0
Brazilian Anthem,150.0,begSP,-30.29352742,233.4274758,226.0,252.0,252.0,3.0,995015.0,1000000.0,103.0,33.0,84.0,0.0
Finale,1213.0,begSP,-30.44163571,198.353292,191.0,213.0,213.0,2.0,996862.0,1000000.0,84.0,24.0,71.0,14.0
A Stupid Barber,145.0,begSP,-30.48456347,297.9475573,291.0,324.0,324.0,3.0,993449.0,1000000.0,154.0,57.0,108.0,0.0
Shine,387.0,begSP,-31.0312785,145.4423935,143.0,159.0,159.0,2.0,992613.0,1000000.0,117.0,47.0,53.0,0.0
On the Night of a Still Wind,1161.0,BDP,-31.06333783,621.8477343,585.0,651.0,651.0,6.0,997216.0,1000000.0,75.0,12.0,217.0,32.0
B4U (The Acolyte mix),1047.0,BDP,-31.11163848,359.2547462,345.0,384.0,384.0,4.0,995837.0,1000000.0,100.0,28.0,128.0,9.0
Anthurium,1054.0,begSP,-31.15110927,330.7175944,321.0,357.0,357.0,4.0,994413.0,1000000.0,140.0,47.0,119.0,5.0
future gazer,410.0,BDP,-31.33393594,288.4506692,278.0,309.0,309.0,4.0,996209.0,1000000.0,79.0,24.0,103.0,3.0
Happy Wedding,114.0,begSP,-31.41800338,238.2292926,232.0,258.0,258.0,3.0,994307.0,1000000.0,131.0,46.0,86.0,0.0
Confession,520.0,BSP,-31.45575267,350.7997796,342.0,381.0,381.0,4.0,991999.0,1000000.0,309.0,108.0,127.0,17.0
EMOTiON TRiPPER,1221.0,BDP,-31.78151328,533.3640389,507.0,564.0,564.0,5.0,997212.0,1000000.0,93.0,21.0,188.0,15.0
LOVING YOU (Epidemik remix),295.0,begSP,-31.94128799,211.1745748,210.0,234.0,234.0,3.0,989272.0,1000000.0,131.0,62.0,78.0,0.0
Sweet Clock,1026.0,BDP,-32.23118859,656.2806034,623.0,693.0,693.0,6.0,997290.0,1000000.0,116.0,25.0,231.0,10.0
TRUE&hearts;LOVE (Clubstar's True Club Mix),1085.0,BSP,-32.41974072,435.7843325,418.0,465.0,465.0,5.0,996549.0,1000000.0,111.0,31.0,155.0,2.0
Melody Life,368.0,BSP,-32.62498491,590.3629896,567.0,630.0,630.0,5.0,996190.0,1000000.0,164.0,46.0,210.0,12.0
Teleportation,1079.0,begSP,-32.92695681,297.264948,288.0,321.0,321.0,4.0,994385.0,1000000.0,148.0,49.0,107.0,4.0
30 Lives (Up-Up-Down-Dance Mix),275.0,begSP,-33.02348869,185.5904403,183.0,204.0,204.0,2.0,991073.0,1000000.0,145.0,62.0,68.0,0.0
Broken,1183.0,begSP,-33.20340489,144.1183015,143.0,159.0,159.0,2.0,990814.0,1000000.0,82.0,38.0,53.0,5.0
Sweet Clock,1026.0,BSP,-33.41028459,685.6064216,653.0,726.0,726.0,6.0,997086.0,1000000.0,159.0,37.0,242.0,10.0
Wicked Plastik,426.0,BSP,-33.52401308,447.1705742,434.0,483.0,483.0,4.0,993599.0,1000000.0,126.0,45.0,161.0,8.0
しゅわスパ大作戦☆,1231.0,BSP,-33.55181631,407.501756,388.0,432.0,432.0,5.0,998163.0,1000000.0,91.0,22.0,144.0,16.0
Dead Heat,827.0,begSP,-33.57893765,305.5099788,299.0,333.0,333.0,4.0,992733.0,1000000.0,174.0,68.0,111.0,3.0
Scorching Moon,200.0,BSP,-33.62303261,479.3052216,461.0,513.0,513.0,4.0,995819.0,1000000.0,118.0,36.0,171.0,8.0
THIS NIGHT,394.0,BSP,-33.70788886,472.0061464,456.0,507.0,507.0,5.0,994496.0,1000000.0,240.0,74.0,169.0,22.0
ミライプリズム,644.0,begSP,-33.82278331,276.3346601,267.0,297.0,297.0,2.0,994909.0,1000000.0,208.0,62.0,99.0,8.0
BRE&forall;K DOWN！,70.0,begSP,-34.07810585,286.2330107,278.0,309.0,309.0,3.0,994844.0,1000000.0,164.0,56.0,103.0,0.0
Trickster,325.0,begSP,-34.13280361,204.5610489,194.0,216.0,216.0,2.0,999373.0,1000000.0,28.0,7.0,72.0,0.0
Waiting 4 u,330.0,begSP,-34.13734196,308.8980636,305.0,339.0,339.0,4.0,991487.0,1000000.0,145.0,64.0,113.0,0.0
un deux trois,212.0,begSP,-34.22902553,280.3481073,275.0,306.0,306.0,3.0,992722.0,1000000.0,122.0,50.0,102.0,0.0
Strawberry Chu&#9825;Chu&#9825;,767.0,begSP,-34.25296071,386.7641609,372.0,414.0,414.0,2.0,995189.0,1000000.0,182.0,52.0,138.0,17.0
Votum stellarum -forest #25 DDR RMX-,273.0,begSP,-34.3391201,142.895122,140.0,156.0,156.0,1.0,994354.0,1000000.0,260.0,97.0,52.0,0.0
MAGIC PARADE,422.0,BSP,-34.78766236,310.6388504,299.0,333.0,333.0,4.0,996137.0,1000000.0,115.0,35.0,111.0,0.0
Urban Life,1236.0,BSP,-34.81644191,590.9240802,558.0,621.0,621.0,5.0,998861.0,1000000.0,71.0,15.0,207.0,14.0
My Drama,1259.0,DDP,-35.02673242,1371.851512,1277.0,1410.0,1419.0,13.0,995910.0,999910.0,38.0,0.0,473.0,3.0
Heavens and the Earth,1130.0,BSP,-35.33237391,333.2565614,318.0,354.0,354.0,5.0,998659.0,1000000.0,75.0,20.0,118.0,7.0
think ya better D,25.0,begSP,-35.41661369,230.7077702,226.0,252.0,252.0,3.0,992504.0,1000000.0,129.0,52.0,84.0,0.0
天上の星～黎明記～,452.0,begSP,-35.73408009,287.0373153,278.0,309.0,309.0,2.0,995403.0,1000000.0,174.0,57.0,103.0,0.0
どきドキ バレンタイン,910.0,begSP,-35.93522999,420.5850882,413.0,459.0,459.0,3.0,991651.0,1000000.0,135.0,57.0,153.0,10.0
Electrified,238.0,BSP,-36.10881841,413.681526,402.0,447.0,447.0,4.0,994572.0,1000000.0,139.0,51.0,149.0,2.0
INTO YOUR HEART (Ruffage remix),293.0,BSP,-36.13504951,271.9308083,264.0,294.0,294.0,4.0,994472.0,1000000.0,179.0,62.0,98.0,1.0
La receta,364.0,BSP,-36.40472222,367.9801615,356.0,396.0,396.0,4.0,993909.0,1000000.0,116.0,40.0,132.0,20.0
リスペク風神,1143.0,begSP,-36.46575108,196.4485358,191.0,213.0,213.0,2.0,994253.0,1000000.0,107.0,39.0,71.0,0.0
Urban Life,1236.0,BDP,-36.87107399,595.3070593,558.0,621.0,621.0,5.0,998821.0,1000000.0,57.0,10.0,207.0,14.0
melody H4CKER,1260.0,BDP,-37.00296637,624.740113,580.0,645.0,645.0,6.0,999164.0,1000000.0,32.0,4.0,215.0,50.0
Like A Star,1058.0,begSP,-37.07944315,312.0896187,302.0,336.0,336.0,4.0,994977.0,1000000.0,129.0,44.0,112.0,4.0
STAY (Joey Riot remix),1132.0,BDP,-37.12811417,530.2242905,507.0,564.0,564.0,6.0,998926.0,1000000.0,84.0,25.0,188.0,7.0
HYPER EUROBEAT,116.0,begSP,-37.29116394,259.480547,256.0,285.0,285.0,3.0,991430.0,1000000.0,131.0,58.0,95.0,0.0
Don't Stop!～AMD 2nd MIX～,33.0,BSP,-37.35837388,439.2375349,421.0,468.0,468.0,5.0,996870.0,1000000.0,152.0,43.0,156.0,0.0
Back In Your Arms,507.0,begSP,-37.47084346,202.1216946,197.0,219.0,219.0,2.0,994467.0,1000000.0,129.0,48.0,73.0,0.0
輪廻の鴉,1253.0,begSP,-37.49695093,233.5250811,221.0,246.0,246.0,3.0,998796.0,1000000.0,38.0,9.0,82.0,4.0
Summer fantasy (Darwin remix),663.0,begSP,-37.5129115,237.488651,234.0,261.0,261.0,2.0,991226.0,1000000.0,154.0,67.0,87.0,0.0
Blue Rain,279.0,begSP,-37.5405186,221.1508916,218.0,243.0,243.0,2.0,991207.0,1000000.0,187.0,81.0,81.0,0.0
dream of love,236.0,BSP,-37.59412752,233.6066407,226.0,252.0,252.0,3.0,995255.0,1000000.0,111.0,38.0,84.0,0.0
LOGICAL DASH,177.0,BSP,-37.97184412,329.688424,321.0,357.0,357.0,4.0,993583.0,1000000.0,126.0,48.0,119.0,8.0
stomp to my beat,475.0,begSP,-38.58960694,258.5696749,251.0,279.0,279.0,3.0,991572.0,1000000.0,38.0,15.0,93.0,0.0
Vem brincar,270.0,BSP,-38.99706675,519.5137464,496.0,552.0,552.0,5.0,996017.0,1000000.0,146.0,40.0,184.0,31.0
We Will Live Together,1134.0,DSP,-39.02466043,870.5112992,812.0,903.0,903.0,10.0,997070.0,1000000.0,263.0,24.0,301.0,14.0
Good Looking,1010.0,begSP,-39.1314497,269.621198,264.0,294.0,294.0,3.0,992688.0,1000000.0,124.0,51.0,98.0,0.0
Top The Charts,519.0,BSP,-39.28908589,395.6644616,386.0,429.0,429.0,5.0,993239.0,1000000.0,346.0,130.0,143.0,10.0
Wicked Plastik,426.0,begSP,-39.80727127,330.5906043,326.0,363.0,363.0,3.0,990936.0,1000000.0,116.0,52.0,121.0,0.0
Together Going My Way,932.0,BSP,-39.91087229,414.8796507,399.0,444.0,444.0,5.0,995762.0,1000000.0,246.0,74.0,148.0,9.0
Amalgamation,429.0,begSP,-40.18717696,415.8829738,402.0,447.0,447.0,3.0,995255.0,1000000.0,153.0,53.0,149.0,5.0
Pump Pump Pump,1059.0,begSP,-40.23303146,248.5618312,245.0,273.0,273.0,2.0,990775.0,1000000.0,131.0,58.0,91.0,4.0
perditus&dagger;paradisus,1110.0,begSP,-40.31001961,349.5920023,334.0,372.0,372.0,4.0,996875.0,1000000.0,105.0,30.0,124.0,8.0
concon,1107.0,begSP,-40.41569343,289.9884219,283.0,315.0,315.0,3.0,993226.0,1000000.0,94.0,38.0,105.0,4.0
Racing with Time (NAOKI's 999 remix),1190.0,BSP,-41.38497642,485.0170534,461.0,513.0,513.0,7.0,999408.0,1000000.0,93.0,25.0,171.0,6.0
パピポペピプペパ,1043.0,begSP,-41.39154742,387.2521683,378.0,420.0,420.0,4.0,993118.0,1000000.0,171.0,68.0,140.0,11.0
I believe what you said,997.0,BSP,-41.5426133,343.9190798,329.0,366.0,366.0,4.0,997119.0,1000000.0,187.0,51.0,122.0,8.0
We Can Win The Fight,1049.0,BSP,-41.62881839,433.866919,415.0,462.0,462.0,5.0,996084.0,1000000.0,94.0,29.0,154.0,13.0
雑草魂なめんなよ！,1001.0,BSP,-41.86638881,307.8588528,299.0,333.0,333.0,5.0,994178.0,1000000.0,237.0,86.0,111.0,3.0
iFUTURELIST(DDR VERSION),171.0,begSP,-42.10296897,240.0959642,237.0,264.0,264.0,3.0,989483.0,1000000.0,115.0,52.0,88.0,0.0
DIGITALIZER,954.0,begSP,-42.68176045,410.508021,399.0,444.0,444.0,4.0,993667.0,1000000.0,184.0,70.0,148.0,12.0
STAY (Joey Riot remix),1132.0,DSP,-43.112638,734.2236842,691.0,768.0,768.0,9.0,998112.0,1000000.0,152.0,29.0,256.0,11.0
SEDUCTION(Vocal Remix),202.0,begSP,-43.32474136,365.4304858,353.0,393.0,393.0,3.0,995445.0,1000000.0,120.0,43.0,131.0,0.0
TRIP MACHINE CLIMAX,46.0,begSP,-43.33395297,318.38827,307.0,342.0,342.0,5.0,995746.0,1000000.0,157.0,53.0,114.0,0.0
future gazer,410.0,BSP,-43.60278757,339.9956799,329.0,366.0,366.0,5.0,994768.0,1000000.0,97.0,36.0,122.0,7.0
Starlight in the Snow,917.0,begSP,-43.67903504,314.5545161,307.0,342.0,342.0,4.0,992308.0,1000000.0,151.0,61.0,114.0,11.0
Malacca,296.0,BSP,-43.82249747,397.1737448,380.0,423.0,423.0,4.0,996928.0,1000000.0,125.0,38.0,141.0,2.0
サイカ,1035.0,begSP,-43.86464492,185.4654405,180.0,201.0,201.0,2.0,995367.0,1000000.0,115.0,43.0,67.0,6.0
Last Summer,1109.0,BSP,-44.4213303,538.0607208,510.0,567.0,567.0,5.0,998166.0,1000000.0,87.0,23.0,189.0,7.0
Shine,387.0,BSP,-45.45352304,297.6189253,286.0,318.0,318.0,4.0,997142.0,1000000.0,113.0,37.0,106.0,9.0
I'm Flying Away,1048.0,BDP,-45.63195905,434.0705688,410.0,456.0,456.0,5.0,998486.0,1000000.0,89.0,21.0,152.0,12.0
Share The Love,440.0,BSP,-46.05879127,356.2727769,342.0,381.0,381.0,4.0,994784.0,1000000.0,141.0,46.0,127.0,23.0
LOVE EAST,1230.0,begSP,-46.15742719,208.5982944,205.0,228.0,228.0,3.0,991324.0,1000000.0,56.0,25.0,76.0,0.0
LOVE &amp; JOY -Risk Junk MIX-,540.0,BSP,-46.31283509,550.8427709,531.0,591.0,591.0,4.0,995450.0,1000000.0,57.0,22.0,197.0,8.0
Dummy,350.0,begSP,-46.38189626,219.3370723,213.0,237.0,237.0,2.0,996534.0,1000000.0,161.0,60.0,79.0,5.0
Slip Out,312.0,BSP,-47.23650948,230.2904495,226.0,252.0,252.0,3.0,989908.0,1000000.0,115.0,50.0,84.0,6.0
SO IN LOVE,129.0,BSP,-47.30941464,364.9298395,348.0,387.0,387.0,4.0,996135.0,1000000.0,109.0,32.0,129.0,27.0
Yuni's Nocturnal Days,1000.0,begSP,-47.41240896,352.3585368,340.0,378.0,378.0,3.0,995645.0,1000000.0,141.0,50.0,126.0,4.0
un deux trois,212.0,BSP,-47.91130106,409.0697418,394.0,438.0,438.0,4.0,994697.0,1000000.0,137.0,48.0,146.0,25.0
nightbird lost wing,494.0,begSP,-48.26215748,251.4990821,243.0,270.0,270.0,3.0,996876.0,1000000.0,114.0,41.0,90.0,0.0
LOVE SHINE (Body Grooverz 2006 mix),1171.0,BDP,-48.51312589,451.6325654,426.0,474.0,474.0,5.0,998244.0,1000000.0,72.0,18.0,158.0,14.0
Rescue Me,436.0,BSP,-48.69221121,296.65687,286.0,318.0,318.0,4.0,996153.0,1000000.0,125.0,44.0,106.0,0.0
SPECIAL SUMMER CAMPAIGN!,617.0,begSP,-48.71444102,275.0732724,270.0,300.0,300.0,2.0,992440.0,1000000.0,143.0,62.0,100.0,0.0
GORGEOUS 2012,167.0,BSP,-48.74538928,223.8179283,218.0,243.0,243.0,3.0,997935.0,1000000.0,127.0,51.0,81.0,0.0
Raspberry&#9825;Heart(English version),255.0,BSP,-48.78838985,536.7046707,515.0,573.0,573.0,5.0,996386.0,1000000.0,268.0,86.0,191.0,3.0
CUTIE CHASER,15.0,begSP,-49.03379744,228.515006,221.0,246.0,246.0,3.0,995996.0,1000000.0,141.0,51.0,82.0,0.0
Seta Para Cima&uarr;&uarr;,832.0,begSP,-49.03613337,287.9803781,280.0,312.0,312.0,3.0,994042.0,1000000.0,128.0,51.0,104.0,1.0
Vertigo,989.0,begSP,-49.03653351,312.710897,299.0,333.0,333.0,3.0,997906.0,1000000.0,90.0,29.0,111.0,5.0
Love&#9825;Shine わんだふるmix,811.0,begSP,-49.15665428,346.1505518,334.0,372.0,372.0,3.0,995596.0,1000000.0,177.0,63.0,124.0,0.0
Settin' the Scene,1111.0,BSP,-50.01672478,244.3752983,234.0,261.0,261.0,4.0,996113.0,1000000.0,71.0,24.0,87.0,12.0
LOVE AGAIN TONIGHT～For Melissa MIX～,40.0,begSP,-50.49747491,337.8363148,329.0,366.0,366.0,4.0,992938.0,1000000.0,140.0,57.0,122.0,0.0
Beautiful Inside (Cube::Hard Mix),278.0,BSP,-50.77909599,311.5042993,299.0,333.0,333.0,5.0,995845.0,1000000.0,134.0,45.0,111.0,10.0
DESTINY,77.0,begSP,-50.92310484,316.17542,310.0,345.0,345.0,3.0,992838.0,1000000.0,133.0,58.0,115.0,0.0
I Need You,170.0,begSP,-51.0744086,279.0978428,270.0,300.0,300.0,3.0,995696.0,1000000.0,106.0,40.0,100.0,0.0
MIDNIGHT SPECIAL,183.0,begSP,-51.35625347,317.6702886,305.0,339.0,339.0,3.0,995937.0,1000000.0,102.0,35.0,113.0,12.0
Fly far bounce,750.0,begSP,-51.56364327,273.9540281,264.0,294.0,294.0,3.0,996115.0,1000000.0,194.0,67.0,98.0,2.0
Choo Choo TRAIN,543.0,BSP,-51.62605463,298.9254545,286.0,318.0,318.0,3.0,995535.0,1000000.0,39.0,14.0,106.0,6.0
Take Me,1133.0,BSP,-51.69603984,418.9238279,402.0,447.0,447.0,5.0,996307.0,1000000.0,72.0,26.0,149.0,7.0
DeStRuCtIvE FoRcE,936.0,begSP,-52.1493851,217.5505346,213.0,237.0,237.0,2.0,993087.0,1000000.0,107.0,46.0,79.0,0.0
SOUVENIR,1176.0,BSP,-52.29917979,307.9128314,297.0,330.0,330.0,4.0,995488.0,1000000.0,118.0,43.0,110.0,8.0
Towards The Horizon,1185.0,begSP,-52.37569586,216.26187,213.0,237.0,237.0,3.0,990338.0,1000000.0,61.0,28.0,79.0,8.0
Rescue Me,436.0,begSP,-52.59468227,241.1434999,234.0,261.0,261.0,2.0,999190.0,1000000.0,127.0,50.0,87.0,0.0
TRUE&hearts;LOVE (Clubstar's True Club Mix),1085.0,begSP,-52.65597686,162.8139876,159.0,177.0,177.0,1.0,997400.0,1000000.0,111.0,46.0,59.0,1.0
Kill The Night,1233.0,BSP,-52.77220018,427.8660327,402.0,447.0,447.0,6.0,998871.0,1000000.0,92.0,20.0,149.0,31.0
Make A Difference,179.0,BSP,-53.17870114,543.0338214,515.0,573.0,573.0,5.0,997290.0,1000000.0,122.0,35.0,191.0,27.0
都会征服Girls☆,1241.0,begSP,-53.46007314,202.7400192,197.0,219.0,219.0,2.0,996632.0,1000000.0,38.0,16.0,73.0,0.0
Be With You (Still Miss you),1159.0,BSP,-53.52116353,446.5275355,423.0,471.0,471.0,5.0,999031.0,1000000.0,78.0,23.0,157.0,18.0
We Will Live Together,1134.0,BDP,-53.68201285,409.9886497,391.0,435.0,435.0,5.0,998590.0,1000000.0,96.0,31.0,145.0,8.0
TEARS,133.0,begSP,-54.08258546,356.4654913,348.0,387.0,387.0,3.0,993836.0,1000000.0,110.0,47.0,129.0,0.0
恋愛観測 -2021真夏のエンディング ver.-,1119.0,begSP,-54.10900619,280.6606084,270.0,300.0,300.0,3.0,997540.0,1000000.0,101.0,36.0,100.0,2.0
Funk Boogie,166.0,DSP,-54.16424238,393.943542,375.0,417.0,417.0,4.0,997413.0,1000000.0,146.0,43.0,139.0,16.0
CUTIE CHASER(MORNING MIX),107.0,begSP,-54.90431923,202.7531228,197.0,219.0,219.0,3.0,995625.0,1000000.0,124.0,49.0,73.0,0.0
コメット&rArr;スケイター,1249.0,begSP,-55.0827567,289.8207653,278.0,309.0,309.0,3.0,997339.0,1000000.0,67.0,24.0,103.0,1.0
jane jana,118.0,begSP,-55.09220084,214.931853,207.0,231.0,231.0,3.0,997562.0,1000000.0,107.0,39.0,77.0,0.0
女言葉の消失,651.0,begSP,-55.19236669,352.5901692,337.0,375.0,375.0,3.0,997008.0,1000000.0,136.0,44.0,125.0,8.0
Rhythms Inside,424.0,BSP,-55.60527112,322.8945924,310.0,345.0,345.0,3.0,996075.0,1000000.0,104.0,37.0,115.0,8.0
What Will Come of Me,398.0,BSP,-55.9395497,295.5795446,283.0,315.0,315.0,4.0,998034.0,1000000.0,103.0,35.0,105.0,2.0
Star Trail,699.0,begSP,-55.98884364,211.8436393,205.0,228.0,228.0,2.0,994387.0,1000000.0,161.0,60.0,76.0,9.0
jet coaster☆girl,1044.0,begSP,-55.99610983,283.1142833,272.0,303.0,303.0,3.0,997158.0,1000000.0,162.0,56.0,101.0,3.0
Fly away -mix del matador-,243.0,begSP,-56.04642237,324.3177443,313.0,348.0,348.0,3.0,995756.0,1000000.0,125.0,47.0,116.0,2.0
Feelings Won't Fade(Extend Trance Mix),240.0,BSP,-56.05921726,620.5935672,594.0,660.0,660.0,5.0,996645.0,1000000.0,194.0,65.0,220.0,29.0
Death by Glamour,1212.0,begSP,-56.14784346,301.9048333,291.0,324.0,324.0,3.0,994852.0,1000000.0,98.0,37.0,108.0,12.0
IF YOU WERE HERE,357.0,begSP,-56.34987078,263.7662828,253.0,282.0,282.0,2.0,999093.0,1000000.0,45.0,17.0,94.0,4.0
You are a Star,399.0,BSP,-56.80312057,371.5361233,356.0,396.0,396.0,4.0,995430.0,1000000.0,260.0,84.0,132.0,24.0
Take A Chance,318.0,BSP,-57.76621371,290.2558828,280.0,312.0,312.0,3.0,994856.0,1000000.0,110.0,42.0,104.0,7.0
Make A Difference,179.0,begSP,-57.82369401,268.9639656,259.0,288.0,288.0,3.0,996601.0,1000000.0,100.0,37.0,96.0,6.0
Habibe (Antuh muhleke),605.0,begSP,-58.25568158,283.6717345,275.0,306.0,306.0,3.0,994983.0,1000000.0,99.0,40.0,102.0,0.0
FIRE,241.0,begSP,-59.1489831,245.7203304,237.0,264.0,264.0,4.0,995880.0,1000000.0,94.0,36.0,88.0,0.0
Let the beat hit em!(CLASSIC R&amp;B STYLE),64.0,begSP,-60.3137735,178.3374716,175.0,195.0,195.0,3.0,992349.0,1000000.0,270.0,117.0,65.0,0.0
TRIP MACHINE～luv mix～,26.0,begSP,-60.37177593,269.3076785,261.0,291.0,291.0,3.0,994690.0,1000000.0,177.0,70.0,97.0,0.0
Smiling Passion,801.0,begSP,-60.40685486,200.6881644,197.0,219.0,219.0,2.0,992735.0,1000000.0,161.0,71.0,73.0,0.0
Venus,271.0,BSP,-60.63823458,398.9995797,380.0,423.0,423.0,4.0,997149.0,1000000.0,120.0,39.0,141.0,14.0
LEVEL UP,866.0,begSP,-60.64988614,346.0975386,340.0,378.0,378.0,4.0,991809.0,1000000.0,169.0,76.0,126.0,7.0
The Island Song,518.0,BSP,-61.67082905,207.7218912,202.0,225.0,225.0,3.0,992803.0,1000000.0,139.0,57.0,75.0,9.0
MITOれて！いばらきっしゅだ～りん,590.0,begSP,-62.03916085,313.4884234,305.0,339.0,339.0,2.0,994486.0,1000000.0,129.0,54.0,113.0,0.0
STARS☆☆☆(2nd NAOKI's style),205.0,begSP,-62.46131525,291.8546026,283.0,315.0,315.0,3.0,997089.0,1000000.0,115.0,47.0,105.0,0.0
GLOW THE CROWN,1200.0,begSP,-62.88542211,237.5236866,229.0,255.0,255.0,3.0,998148.0,1000000.0,47.0,19.0,85.0,2.0
"Every Day, Every Night(NM STYLE)",239.0,BSP,-62.88710883,287.7329415,278.0,309.0,309.0,4.0,995870.0,1000000.0,145.0,56.0,103.0,0.0
炉心融解,785.0,begSP,-63.72734373,296.4691913,286.0,318.0,318.0,2.0,994737.0,1000000.0,261.0,96.0,106.0,14.0
Right Time Right Way,861.0,begSP,-63.8257983,376.9523198,364.0,405.0,405.0,4.0,995143.0,1000000.0,129.0,51.0,135.0,7.0
C-C-C-N-N-N,1214.0,begSP,-64.41101096,170.4154932,164.0,183.0,183.0,2.0,996474.0,1000000.0,79.0,30.0,61.0,6.0
Next FUTURE,1248.0,begSP,-64.79536018,189.8744795,183.0,204.0,204.0,2.0,995910.0,1000000.0,58.0,23.0,68.0,0.0
LOVE &amp; JOY -Risk Junk MIX-,540.0,BDP,-64.82083567,721.0018856,669.0,744.0,744.0,6.0,999370.0,1000000.0,43.0,9.0,248.0,8.0
Forever Sunshine,164.0,BSP,-64.92708834,313.2306113,299.0,333.0,333.0,4.0,996247.0,1000000.0,117.0,40.0,111.0,18.0
Playa (Original Mix),307.0,begSP,-65.47696655,233.5713376,232.0,258.0,258.0,3.0,988936.0,1000000.0,99.0,48.0,86.0,0.0
Find The Way,506.0,begSP,-66.11951947,276.5463391,270.0,300.0,300.0,3.0,993354.0,1000000.0,122.0,53.0,100.0,5.0
Party Lights,306.0,BSP,-66.75794719,431.5844001,413.0,459.0,459.0,4.0,995296.0,1000000.0,113.0,41.0,153.0,36.0
羊皮紙の上の銀河,1187.0,begSP,-66.80640147,206.344373,199.0,222.0,222.0,3.0,998080.0,1000000.0,78.0,31.0,74.0,0.0
Taj He Spitz,316.0,begSP,-67.32217646,213.883132,207.0,231.0,231.0,2.0,998382.0,1000000.0,124.0,50.0,77.0,0.0
rainbow flyer,196.0,begSP,-67.35292726,247.3371674,243.0,270.0,270.0,3.0,992632.0,1000000.0,103.0,47.0,90.0,0.0
ジョジョ～その血の運命～,541.0,begSP,-67.60806686,200.3540694,191.0,213.0,213.0,2.0,968410.0,1000000.0,29.0,11.0,71.0,0.0
BROKEN MY HEART,51.0,begSP,-67.85161271,346.039331,332.0,369.0,369.0,3.0,997104.0,1000000.0,157.0,57.0,123.0,0.0
THE SHINING POLARIS,206.0,begSP,-68.19793974,285.6936702,275.0,306.0,306.0,4.0,996552.0,1000000.0,106.0,41.0,102.0,0.0
EMOTiON TRiPPER,1221.0,BSP,-68.32396294,550.7581201,523.0,582.0,582.0,5.0,998809.0,1000000.0,120.0,40.0,194.0,10.0
GROOVE 04,1220.0,begSP,-68.4166416,345.7740112,332.0,369.0,369.0,4.0,995865.0,1000000.0,86.0,33.0,123.0,14.0
melody H4CKER,1260.0,BSP,-69.98950594,624.2461892,580.0,645.0,645.0,6.0,999565.0,1000000.0,38.0,9.0,215.0,50.0
Venus,271.0,begSP,-70.00918901,177.2153743,172.0,192.0,192.0,3.0,996521.0,1000000.0,113.0,47.0,64.0,0.0
Neverland,830.0,begSP,-70.30081529,439.527119,418.0,465.0,465.0,4.0,997657.0,1000000.0,185.0,60.0,155.0,18.0
Surface,1061.0,BSP,-70.76246376,427.5390971,407.0,453.0,453.0,4.0,997259.0,1000000.0,138.0,47.0,151.0,11.0
Euphoric Fragmentation,1235.0,begSP,-72.14799642,333.387088,318.0,354.0,354.0,4.0,996834.0,1000000.0,56.0,21.0,118.0,10.0
ポラリスノウタ,1239.0,BSP,-72.18833678,500.3345642,472.0,525.0,525.0,5.0,999006.0,1000000.0,110.0,33.0,175.0,14.0
Fly away,163.0,begSP,-72.32410706,279.4011779,270.0,300.0,300.0,3.0,996309.0,1000000.0,106.0,43.0,100.0,0.0
Quickening,195.0,begSP,-72.41600771,311.6842861,299.0,333.0,333.0,3.0,998718.0,1000000.0,116.0,44.0,111.0,0.0
little steps,1160.0,BSP,-72.77400639,568.9573272,534.0,594.0,594.0,6.0,998733.0,1000000.0,98.0,27.0,198.0,18.0
SOUL CRASH,259.0,begSP,-73.27137582,264.862802,256.0,285.0,285.0,3.0,996125.0,1000000.0,105.0,43.0,95.0,0.0
Inspiration,292.0,BSP,-73.64319845,403.7520569,386.0,429.0,429.0,5.0,997494.0,1000000.0,150.0,54.0,143.0,4.0
someday...,391.0,begSP,-75.70108952,328.4024698,318.0,354.0,354.0,2.0,993887.0,1000000.0,134.0,56.0,118.0,14.0
someday...,391.0,BSP,-75.78300167,570.5797715,542.0,603.0,603.0,5.0,997306.0,1000000.0,149.0,51.0,201.0,14.0
私をディスコに連れてって TOKYO,1052.0,begSP,-76.47228234,347.6477187,332.0,369.0,369.0,3.0,998505.0,1000000.0,101.0,37.0,123.0,2.0
Going Hypersonic,971.0,begSP,-76.69640967,349.1133964,337.0,375.0,375.0,4.0,995102.0,1000000.0,140.0,57.0,125.0,8.0
Be With You (Still Miss you),1159.0,begSP,-77.1589156,138.8672783,135.0,150.0,150.0,1.0,999373.0,1000000.0,80.0,34.0,50.0,1.0
Settin' the Scene,1111.0,begSP,-78.76365163,119.6065055,116.0,129.0,129.0,1.0,998316.0,1000000.0,87.0,36.0,43.0,4.0
GORGEOUS 2012,167.0,begSP,-79.09211864,223.724643,218.0,243.0,243.0,4.0,998019.0,1000000.0,102.0,45.0,81.0,0.0
Dance Celebration,282.0,begSP,-79.68135909,200.2682813,194.0,216.0,216.0,2.0,995273.0,1000000.0,115.0,48.0,72.0,0.0
Starry Sky,833.0,begSP,-81.45468807,353.477077,337.0,375.0,375.0,2.0,998650.0,1000000.0,139.0,50.0,125.0,10.0
LONG TRAIN RUNNIN' (20th Anniversary Mix),858.0,begSP,-81.56490873,269.4571077,259.0,288.0,288.0,3.0,996628.0,1000000.0,147.0,57.0,96.0,4.0
PERSIAN LAND,1096.0,begSP,-82.05775928,340.6497648,329.0,366.0,366.0,4.0,995179.0,1000000.0,110.0,46.0,122.0,4.0
Take A Chance,318.0,begSP,-82.07903441,191.3358053,186.0,207.0,207.0,2.0,996359.0,1000000.0,109.0,47.0,69.0,1.0
PASSION OF LOVE,191.0,BSP,-82.40570276,465.3787975,442.0,492.0,492.0,5.0,997608.0,1000000.0,140.0,49.0,164.0,10.0
Finally Dive,1243.0,begSP,-83.68995471,330.4142281,313.0,348.0,348.0,3.0,999390.0,1000000.0,47.0,17.0,116.0,9.0
MARIA(I believe...),180.0,BSP,-84.78086635,453.1949716,432.0,480.0,480.0,5.0,996553.0,1000000.0,199.0,71.0,160.0,28.0
in love wit you,360.0,BSP,-85.86384349,309.4538024,294.0,327.0,327.0,3.0,996503.0,1000000.0,121.0,42.0,109.0,31.0
I WANT YOUR LOVE (Darwin remix),1083.0,BDP,-86.19708085,314.1427977,297.0,330.0,330.0,4.0,999015.0,1000000.0,120.0,38.0,110.0,0.0
Next Phase,1004.0,begSP,-86.74100082,409.750926,391.0,435.0,435.0,4.0,996816.0,1000000.0,102.0,39.0,145.0,14.0
SODA GALAXY,843.0,begSP,-87.18868839,300.2465015,288.0,321.0,321.0,3.0,996076.0,1000000.0,175.0,68.0,107.0,7.0
SKY HIGH (20th Anniversary Mix),863.0,begSP,-87.68502729,239.0173642,232.0,258.0,258.0,2.0,997346.0,1000000.0,147.0,63.0,86.0,4.0
LOVE SHINE (Body Grooverz 2006 mix),1171.0,BSP,-88.1854359,693.1405372,642.0,714.0,714.0,7.0,998556.0,1000000.0,105.0,21.0,238.0,9.0
Wings of an Angel (Fly With Me),445.0,begSP,-89.25771165,227.9046845,218.0,243.0,243.0,2.0,997837.0,1000000.0,149.0,56.0,81.0,9.0
Closer to my Heart (jun remix),1081.0,begSP,-89.4723984,220.3550762,213.0,237.0,237.0,2.0,994682.0,1000000.0,102.0,43.0,79.0,4.0
SAYONARA☆ディスコライト,1060.0,begSP,-90.25802306,284.9484858,275.0,306.0,306.0,3.0,995291.0,1000000.0,107.0,45.0,102.0,6.0
50th Memorial Songs -The BEMANI History-,852.0,begSP,-90.38586176,276.6082265,264.0,294.0,294.0,2.0,998856.0,1000000.0,114.0,43.0,98.0,12.0
Are U Ready,1105.0,begSP,-91.804477,284.2589105,272.0,303.0,303.0,3.0,996736.0,1000000.0,107.0,42.0,101.0,4.0
Dance Celebration (System 7 Remix),283.0,begSP,-91.86437239,250.1872204,240.0,267.0,267.0,3.0,996666.0,1000000.0,111.0,44.0,89.0,3.0
I believe what you said,997.0,begSP,-92.04342794,217.6389062,210.0,234.0,234.0,2.0,995087.0,1000000.0,153.0,63.0,78.0,8.0
L'amour et la libert&eacute;(DDR Ver.),123.0,begSP,-92.33113876,288.7393554,278.0,309.0,309.0,3.0,997416.0,1000000.0,104.0,43.0,103.0,0.0
Destiny lovers,109.0,begSP,-93.51437503,290.9680843,280.0,312.0,312.0,3.0,998806.0,1000000.0,126.0,52.0,104.0,0.0
CANDY (UFO mix),1128.0,begSP,-94.00059636,231.5024392,221.0,246.0,246.0,2.0,997277.0,1000000.0,100.0,38.0,82.0,10.0
No Life Queen [DJ Command Remix],931.0,begSP,-94.2491227,354.0110205,340.0,378.0,378.0,3.0,996646.0,1000000.0,141.0,57.0,126.0,2.0
GIRIGILI門前雀羅,245.0,begSP,-94.75594073,226.1360437,218.0,243.0,243.0,4.0,997746.0,1000000.0,105.0,44.0,81.0,0.0
コンフェイト＊コンチェルト,1240.0,begSP,-96.02393286,178.7744975,172.0,192.0,192.0,2.0,999466.0,1000000.0,37.0,16.0,64.0,0.0
Crazy Hot,928.0,begSP,-96.31281633,338.1433764,332.0,369.0,369.0,3.0,990853.0,1000000.0,139.0,65.0,123.0,13.0
SEDUCTION,201.0,begSP,-96.56285832,279.8184468,264.0,294.0,294.0,4.0,998817.0,1000000.0,110.0,36.0,98.0,0.0
鏡花水月楼 (DDR EDITION),1080.0,begSP,-98.65908146,152.5292422,148.0,165.0,165.0,1.0,995954.0,1000000.0,156.0,67.0,55.0,2.0
Draw the Savage,962.0,begSP,-98.74976299,315.1023079,302.0,336.0,336.0,2.0,996748.0,1000000.0,127.0,51.0,112.0,8.0
ナナイロライト,1246.0,begSP,-100.1530805,292.9659613,275.0,306.0,306.0,3.0,999852.0,1000000.0,38.0,13.0,102.0,5.0
LEADING CYBER,39.0,begSP,-100.5568223,259.0605356,253.0,282.0,282.0,3.0,993224.0,1000000.0,129.0,59.0,94.0,0.0
Environ [De-SYNC] (feat. lythe),1097.0,begSP,-100.7938843,278.5799945,267.0,297.0,297.0,4.0,997127.0,1000000.0,130.0,52.0,99.0,0.0
INSIDE YOUR HEART,173.0,begSP,-101.0649692,213.0484915,205.0,228.0,228.0,3.0,998331.0,1000000.0,104.0,43.0,76.0,0.0
L'amour et la libert&eacute;(Darwin &amp; DJ Silver remix),246.0,begSP,-103.3963579,235.9466974,226.0,252.0,252.0,3.0,998071.0,1000000.0,101.0,41.0,84.0,4.0
HYSTERIA,38.0,begSP,-107.3358661,333.9613449,321.0,357.0,357.0,5.0,996665.0,1000000.0,144.0,60.0,119.0,0.0
彼方のリフレシア,999.0,begSP,-107.4205751,304.8578687,291.0,324.0,324.0,3.0,995876.0,1000000.0,143.0,56.0,108.0,22.0
Dreamin&rsquo;,619.0,begSP,-109.2646058,208.398345,202.0,225.0,225.0,2.0,997017.0,1000000.0,111.0,49.0,75.0,0.0
Rave Accelerator,972.0,begSP,-109.3409516,453.33161,429.0,477.0,477.0,4.0,998548.0,1000000.0,132.0,48.0,159.0,13.0
Can Be Real,152.0,begSP,-109.6809714,290.6085577,280.0,312.0,312.0,3.0,999293.0,1000000.0,114.0,49.0,104.0,0.0
You gotta move it (feat. Julie Rugaard),215.0,BSP,-110.3797333,440.0989771,415.0,462.0,462.0,5.0,998534.0,1000000.0,116.0,41.0,154.0,20.0
real-high-SPEED,376.0,begSP,-110.38856,220.4803019,213.0,237.0,237.0,2.0,998307.0,1000000.0,123.0,53.0,79.0,0.0
ポリリズム,332.0,BSP,-110.4783957,357.1105259,342.0,381.0,381.0,4.0,994595.0,1000000.0,39.0,17.0,127.0,11.0
&Uuml;bertreffen,329.0,begSP,-110.6993215,324.7793679,313.0,348.0,348.0,3.0,996169.0,1000000.0,126.0,54.0,116.0,0.0
PASSION OF LOVE,191.0,begSP,-111.5087934,276.9157534,272.0,303.0,303.0,4.0,991754.0,1000000.0,114.0,54.0,101.0,0.0
All My Love,340.0,begSP,-112.4627041,203.4498734,199.0,222.0,222.0,2.0,997247.0,1000000.0,178.0,82.0,74.0,0.0
Slip Out (bounce in beat mix),313.0,begSP,-112.8118437,163.6032301,159.0,177.0,177.0,2.0,998280.0,1000000.0,119.0,53.0,59.0,0.0
Decade,347.0,begSP,-113.985801,232.7568548,226.0,252.0,252.0,2.0,994199.0,1000000.0,150.0,67.0,84.0,0.0
dazzle,286.0,begSP,-114.6344065,166.5625684,162.0,180.0,180.0,2.0,998296.0,1000000.0,114.0,51.0,60.0,0.0
Share The Love,440.0,begSP,-117.4609155,206.7363022,205.0,228.0,228.0,2.0,986308.0,1000000.0,127.0,62.0,76.0,4.0
千客万来☆無問題！,1244.0,BDP,-117.6601855,689.1169492,637.0,708.0,708.0,6.0,998947.0,1000000.0,59.0,15.0,236.0,7.0
Throw Out,1237.0,begSP,-117.6887138,187.0091743,180.0,201.0,201.0,2.0,995503.0,1000000.0,57.0,25.0,67.0,1.0
My Drama,1259.0,begSP,-119.1419064,457.6472821,426.0,474.0,474.0,7.0,997250.0,1000000.0,26.0,9.0,158.0,1.0
321STARS,99.0,begSP,-120.0460586,267.9676505,256.0,285.0,285.0,4.0,998133.0,1000000.0,147.0,59.0,95.0,0.0
You gotta move it (feat. Julie Rugaard),215.0,begSP,-121.0119455,234.8264453,226.0,252.0,252.0,4.0,999217.0,1000000.0,109.0,47.0,84.0,1.0
sync (EXTREME version),132.0,begSP,-121.0535312,258.218836,253.0,282.0,282.0,3.0,992557.0,1000000.0,134.0,63.0,94.0,0.0
GLITTER,1180.0,begSP,-121.1261443,410.4775889,388.0,432.0,432.0,4.0,998718.0,1000000.0,64.0,25.0,144.0,7.0
STAY (Joey Riot remix),1132.0,BSP,-122.9250252,552.0247604,518.0,576.0,576.0,6.0,999489.0,1000000.0,104.0,36.0,192.0,8.0
Electrified,238.0,begSP,-124.1141293,286.3532668,280.0,312.0,312.0,3.0,993081.0,1000000.0,113.0,53.0,104.0,0.0
モノクロモーメント,1034.0,begSP,-125.2752426,394.5709239,378.0,420.0,420.0,3.0,996681.0,1000000.0,111.0,47.0,140.0,8.0
Debug Dance,1141.0,begSP,-127.3268039,411.3962903,391.0,435.0,435.0,3.0,998384.0,1000000.0,107.0,43.0,145.0,10.0
50th Memorial Songs -二人の時 ～under the cherry blossoms～-,850.0,begSP,-128.1615403,336.6583267,324.0,360.0,360.0,3.0,996081.0,1000000.0,158.0,68.0,120.0,13.0
Seasons,425.0,begSP,-129.13193,285.0585888,272.0,303.0,303.0,2.0,998848.0,1000000.0,117.0,48.0,101.0,0.0
9th Outburst,1252.0,begSP,-130.7452212,253.3151449,237.0,264.0,264.0,3.0,999305.0,1000000.0,21.0,8.0,88.0,13.0
KEEP ON MOVIN' ～DMX MIX～,175.0,begSP,-133.6382143,249.1577083,240.0,267.0,267.0,3.0,998083.0,1000000.0,112.0,49.0,89.0,0.0
Une mage blanche,900.0,begSP,-134.4316218,372.8489801,364.0,405.0,405.0,4.0,991539.0,1000000.0,115.0,54.0,135.0,13.0
Monkey Punk,185.0,begSP,-135.1126704,476.2541534,450.0,501.0,501.0,4.0,999151.0,1000000.0,97.0,38.0,167.0,16.0
Bounce Trippy,907.0,begSP,-140.0052992,436.1084863,426.0,474.0,474.0,4.0,993392.0,1000000.0,194.0,91.0,158.0,1.0
Shades of Grey,257.0,begSP,-141.5363355,162.1146658,159.0,177.0,177.0,3.0,992764.0,1000000.0,144.0,68.0,59.0,0.0
Until the End,447.0,BSP,-143.7401513,453.9453791,432.0,480.0,480.0,4.0,997079.0,1000000.0,149.0,61.0,160.0,22.0
resonance,377.0,begSP,-145.4097324,218.3434668,213.0,237.0,237.0,2.0,993891.0,1000000.0,144.0,67.0,79.0,0.0
DOUBLE TORNARD,1082.0,begSP,-149.3798669,273.7407903,259.0,288.0,288.0,4.0,999072.0,1000000.0,89.0,35.0,96.0,4.0
LOGICAL DASH,177.0,begSP,-150.3863494,216.856497,210.0,234.0,234.0,3.0,996116.0,1000000.0,103.0,47.0,78.0,0.0
めうめうぺったんたん！！ (ZAQUVA Remix),1242.0,begSP,-155.2389724,365.7448099,340.0,378.0,378.0,4.0,999783.0,1000000.0,38.0,13.0,126.0,10.0
Party Lights (Tommie Sunshine's Brooklyn Fire Remix),603.0,begSP,-158.9910101,234.3602287,224.0,249.0,249.0,2.0,998380.0,1000000.0,113.0,48.0,83.0,0.0
Till the lonely's gone,322.0,begSP,-160.8304548,260.6715842,251.0,279.0,279.0,3.0,997721.0,1000000.0,112.0,50.0,93.0,0.0
Such A Feeling,1162.0,begSP,-161.4585659,148.6837585,143.0,159.0,159.0,3.0,997457.0,1000000.0,63.0,28.0,53.0,4.0
Tell me what to do,515.0,begSP,-163.9679412,294.6047045,283.0,315.0,315.0,2.0,996836.0,1000000.0,124.0,55.0,105.0,0.0
Jungle Dance,1193.0,begSP,-164.0899078,276.2737202,264.0,294.0,294.0,3.0,997551.0,1000000.0,92.0,40.0,98.0,4.0
VANITY ANGEL,139.0,begSP,-167.3329888,216.2114676,213.0,237.0,237.0,3.0,989562.0,1000000.0,101.0,49.0,79.0,0.0
Seule,438.0,begSP,-167.3545256,258.6376529,248.0,276.0,276.0,2.0,999054.0,1000000.0,102.0,45.0,92.0,4.0
"Every Day, Every Night(NM STYLE)",239.0,begSP,-171.1163619,212.7543776,207.0,231.0,231.0,3.0,996472.0,1000000.0,126.0,59.0,77.0,1.0
Flow,161.0,begSP,-174.8535505,307.1638179,299.0,333.0,333.0,4.0,994028.0,1000000.0,108.0,51.0,111.0,0.0
New Beginning,444.0,begSP,-175.3497793,288.3854627,275.0,306.0,306.0,3.0,998519.0,1000000.0,102.0,44.0,102.0,1.0
i feel ...,83.0,begSP,-176.3104002,261.3083494,248.0,276.0,276.0,3.0,999322.0,1000000.0,116.0,48.0,92.0,0.0
B4U (The Acolyte mix),1047.0,BSP,-177.7331284,363.6968434,353.0,393.0,393.0,4.0,993566.0,1000000.0,113.0,53.0,131.0,12.0
Dance Phenomena,1055.0,begSP,-185.543808,243.4027749,234.0,261.0,261.0,3.0,996245.0,1000000.0,106.0,48.0,87.0,2.0
In The Air,442.0,begSP,-189.9225191,241.9816271,234.0,261.0,261.0,4.0,995448.0,1000000.0,99.0,46.0,87.0,0.0
CONNECT-,983.0,begSP,-191.5624641,318.7263102,305.0,339.0,339.0,2.0,997618.0,1000000.0,115.0,51.0,113.0,1.0
Get On Da Floor,840.0,begSP,-200.5536793,214.4623253,207.0,231.0,231.0,2.0,994868.0,1000000.0,137.0,63.0,77.0,5.0
Twin memories W,780.0,begSP,-202.9206075,328.1461131,318.0,354.0,354.0,2.0,994114.0,1000000.0,180.0,84.0,118.0,10.0
We Can Win The Fight,1049.0,begSP,-203.183835,262.4267151,251.0,279.0,279.0,2.0,998870.0,1000000.0,85.0,38.0,93.0,8.0
X-ray binary,973.0,begSP,-203.6197224,338.9971252,332.0,369.0,369.0,2.0,991954.0,1000000.0,137.0,66.0,123.0,13.0
Kill The Night,1233.0,begSP,-204.1643472,202.8504347,189.0,210.0,210.0,2.0,999231.0,1000000.0,54.0,19.0,70.0,7.0
ポリリズム,332.0,begSP,-205.168155,211.4561862,207.0,231.0,231.0,1.0,990678.0,1000000.0,37.0,18.0,77.0,0.0
Vem brincar,270.0,begSP,-205.3774938,243.2366855,234.0,261.0,261.0,2.0,996180.0,1000000.0,136.0,62.0,87.0,3.0
Urban Life,1236.0,begSP,-208.8811712,170.6608971,164.0,183.0,183.0,2.0,999149.0,1000000.0,52.0,24.0,61.0,0.0
Forever Sunshine,164.0,begSP,-210.8102915,255.712339,245.0,273.0,273.0,3.0,998203.0,1000000.0,104.0,47.0,91.0,0.0
Let Me Show You,1139.0,begSP,-211.8411501,293.6866565,280.0,312.0,312.0,3.0,998652.0,1000000.0,127.0,56.0,104.0,0.0
Silver Platform - I wanna get your heart -,258.0,begSP,-221.1156214,228.6143996,221.0,246.0,246.0,4.0,996251.0,1000000.0,118.0,55.0,82.0,2.0
Poseidon(kors k mix),374.0,begSP,-223.2296536,244.1725091,237.0,264.0,264.0,2.0,994633.0,1000000.0,170.0,80.0,88.0,0.0
Mess With My Emotions,1084.0,BSP,-228.7415977,191.4326507,186.0,207.0,207.0,3.0,997010.0,1000000.0,97.0,46.0,69.0,3.0
雑草魂なめんなよ！,1001.0,begSP,-236.8949952,172.2041317,167.0,186.0,186.0,2.0,995296.0,1000000.0,199.0,93.0,62.0,4.0
1998 (Sparky 2006),1050.0,begSP,-238.6525349,222.1150467,213.0,237.0,237.0,2.0,997755.0,1000000.0,103.0,47.0,79.0,4.0
ほしのつくりかた,1031.0,begSP,-245.7181594,294.1270577,280.0,312.0,312.0,3.0,998774.0,1000000.0,186.0,82.0,104.0,7.0
Take Me,1133.0,begSP,-255.4265099,164.3624232,159.0,177.0,177.0,1.0,998257.0,1000000.0,87.0,41.0,59.0,0.0
What Will Come of Me,398.0,begSP,-264.7026568,191.7996015,183.0,204.0,204.0,2.0,998502.0,1000000.0,111.0,50.0,68.0,0.0
Confession,520.0,begSP,-273.6281767,191.3754958,186.0,207.0,207.0,2.0,994990.0,1000000.0,247.0,117.0,69.0,3.0
Dispersion Star,575.0,begSP,-282.0013509,282.4943529,272.0,303.0,303.0,3.0,997799.0,1000000.0,117.0,55.0,101.0,5.0
Tracers (4Beat Remix),324.0,begSP,-285.4370358,247.2390825,245.0,273.0,273.0,3.0,989624.0,1000000.0,105.0,52.0,91.0,0.0
switch,264.0,begSP,-285.6564294,298.1867641,294.0,327.0,327.0,3.0,991037.0,1000000.0,124.0,61.0,109.0,0.0
Together Going My Way,932.0,begSP,-298.8395339,230.672349,224.0,249.0,249.0,2.0,997602.0,1000000.0,157.0,75.0,83.0,5.0
Haunted Rhapsody,414.0,begSP,-312.3457354,294.4981597,280.0,312.0,312.0,2.0,998299.0,1000000.0,157.0,71.0,104.0,0.0
INFINITE WORLD,1232.0,BSP,-313.0437147,705.3939881,645.0,717.0,717.0,5.0,998576.0,1000000.0,71.0,20.0,239.0,14.0
THIS NIGHT,394.0,begSP,-321.5707039,249.6136723,240.0,267.0,267.0,2.0,999006.0,1000000.0,171.0,80.0,89.0,0.0
Kiss me all night long,121.0,BSP,-325.7182039,338.8102985,324.0,360.0,360.0,3.0,997289.0,1000000.0,149.0,69.0,120.0,4.0
puzzle,308.0,begSP,-328.7375565,216.8214469,207.0,231.0,231.0,3.0,997795.0,1000000.0,108.0,50.0,77.0,0.0
DIVE TO THE NIGHT,78.0,begSP,-338.7254259,320.3223591,307.0,342.0,342.0,3.0,997420.0,1000000.0,158.0,74.0,114.0,0.0
Mickey Mouse March(Eurobeat Version),544.0,BSP,-390.6069762,427.1810417,405.0,450.0,450.0,5.0,998935.0,1000000.0,60.0,28.0,150.0,4.0
the beat,1172.0,begSP,-409.8436333,269.6369377,256.0,285.0,285.0,4.0,998323.0,1000000.0,62.0,29.0,95.0,4.0
Surrender (PureFocus remix),1192.0,begSP,-460.0920904,204.1181031,194.0,216.0,216.0,2.0,998072.0,1000000.0,53.0,25.0,72.0,0.0
INTO YOUR HEART (Ruffage remix),293.0,begSP,-481.6472145,191.0005648,186.0,207.0,207.0,3.0,995208.0,1000000.0,127.0,62.0,69.0,0.0
You You You,1127.0,begSP,-488.6047964,201.8966512,199.0,222.0,222.0,3.0,990814.0,1000000.0,103.0,51.0,74.0,1.0
Go To The Oasis,1153.0,begSP,-510.7341449,262.9587607,251.0,279.0,279.0,3.0,998663.0,1000000.0,101.0,48.0,93.0,7.0
Private Eye,423.0,BSP,-542.4393602,360.5874978,348.0,387.0,387.0,4.0,994038.0,1000000.0,390.0,188.0,129.0,24.0
Flight of the Phoenix,288.0,begSP,-560.0441394,198.2453251,191.0,213.0,213.0,2.0,997081.0,1000000.0,124.0,60.0,71.0,0.0
Qipch&#x101;q,492.0,begSP,-591.6327193,257.0091214,248.0,276.0,276.0,3.0,999415.0,1000000.0,111.0,54.0,92.0,4.0
MOON,186.0,begSP,-616.6472053,273.7530442,270.0,300.0,300.0,3.0,991389.0,1000000.0,131.0,65.0,100.0,0.0
Hold Tight,1169.0,begSP,-683.0434577,125.6817376,121.0,135.0,135.0,1.0,999072.0,1000000.0,74.0,36.0,45.0,0.0
Star Gate Heaven (FUTURE LOVE Mix),260.0,begSP,-718.1050459,216.6925947,210.0,234.0,234.0,4.0,996050.0,1000000.0,108.0,53.0,78.0,3.0
Gotta Dance,355.0,begSP,-776.687276,182.6624107,178.0,198.0,198.0,2.0,994773.0,1000000.0,136.0,67.0,66.0,0.0
Sweet Clock,1026.0,begSP,-843.570263,408.8647113,386.0,429.0,429.0,3.0,999327.0,1000000.0,94.0,45.0,143.0,4.0
aftershock!!,339.0,begSP,-984.4711669,356.6267221,337.0,375.0,375.0,3.0,998452.0,1000000.0,131.0,63.0,125.0,0.0
Curry Up,1129.0,begSP,-1060.9827,207.7466619,197.0,219.0,219.0,2.0,999617.0,1000000.0,91.0,44.0,73.0,5.0
ポラリスノウタ,1239.0,begSP,-1167.202354,124.348699,121.0,135.0,135.0,1.0,994521.0,1000000.0,97.0,48.0,45.0,0.0
Chance and Dice,281.0,begSP,-1318.48032,272.950941,267.0,297.0,297.0,3.0,993307.0,1000000.0,153.0,76.0,99.0,0.0
Abrupt Madness,1203.0,begSP,-1377.965849,277.0428612,261.0,291.0,291.0,3.0,999197.0,1000000.0,43.0,21.0,97.0,10.0
Jam &amp; Marmalade,174.0,BSP,-1458.980245,350.4751199,334.0,372.0,372.0,4.0,997783.0,1000000.0,202.0,99.0,124.0,15.0
Playing With Fire,1184.0,begSP,-1641.162088,180.7632888,172.0,192.0,192.0,2.0,999376.0,1000000.0,63.0,31.0,64.0,10.0
stealth,262.0,begSP,-1982.532071,235.8644147,229.0,255.0,255.0,3.0,997145.0,1000000.0,151.0,75.0,85.0,0.0
ENDLESS,908.0,begSP,-2058.598124,301.5697618,288.0,321.0,321.0,2.0,997248.0,1000000.0,160.0,79.0,107.0,8.0
Taking It To The Sky (PLUS step),1011.0,begSP,-2155.675575,230.3537096,221.0,246.0,246.0,2.0,997636.0,1000000.0,103.0,51.0,82.0,4.0
Not Alone,1217.0,begSP,-2185.653024,242.7437111,232.0,258.0,258.0,3.0,998485.0,1000000.0,91.0,45.0,86.0,4.0
Awakening Wings,1140.0,begSP,-2431.028065,217.0805257,207.0,231.0,231.0,2.0,997532.0,1000000.0,95.0,47.0,77.0,0.0
Diamond Night,516.0,begSP,-3198.942652,257.4938701,245.0,273.0,273.0,3.0,999086.0,1000000.0,111.0,55.0,91.0,11.0
Let's Get Away,421.0,begSP,-3951.010103,284.9000051,275.0,306.0,306.0,2.0,993811.0,1000000.0,217.0,108.0,102.0,19.0
Open Your Eyes,1189.0,begSP,-5031.840325,94.18367347,86.0,96.0,96.0,2.0,999982.0,1000000.0,49.0,23.0,32.0,1.0
Last Summer,1109.0,begSP,-27752.70673,195.5396825,178.0,198.0,198.0,2.0,999975.0,1000000.0,63.0,31.0,66.0,4.0
Kiss me all night long,121.0,begSP,-inf,290.6421464,286.0,318.0,318.0,3.0,992314.0,1000000.0,125.0,69.0,106.0,0.0
LA BAMBA,122.0,begSP,-inf,300.5385096,297.0,330.0,330.0,3.0,989819.0,1000000.0,112.0,59.0,110.0,0.0
Jam &amp; Marmalade,174.0,begSP,-inf,254.6949901,248.0,276.0,276.0,3.0,994142.0,1000000.0,157.0,91.0,92.0,0.0
MARIA(I believe...),180.0,begSP,-inf,286.2293025,272.0,303.0,303.0,3.0,998479.0,1000000.0,138.0,71.0,101.0,5.0
Ska Ska No.3,203.0,begSP,-inf,228.1542171,221.0,246.0,246.0,3.0,995666.0,1000000.0,96.0,49.0,82.0,0.0
Tomorrow Perfume,209.0,begSP,-inf,253.0163046,248.0,276.0,276.0,3.0,991590.0,1000000.0,116.0,59.0,92.0,0.0
A thing called LOVE,226.0,begSP,-inf,237.5886689,237.0,264.0,264.0,3.0,987684.0,1000000.0,196.0,98.0,88.0,0.0
Dream Machine,287.0,begSP,-inf,245.3637822,232.0,258.0,258.0,3.0,999440.0,1000000.0,106.0,54.0,86.0,0.0
Flourish,289.0,begSP,-inf,260.284387,256.0,285.0,285.0,3.0,992053.0,1000000.0,124.0,62.0,95.0,0.0
Inspiration,292.0,begSP,-inf,232.095367,221.0,246.0,246.0,3.0,999017.0,1000000.0,113.0,58.0,82.0,0.0
Ticket to Bombay,321.0,begSP,-inf,242.4127516,240.0,267.0,267.0,3.0,990786.0,1000000.0,94.0,47.0,89.0,0.0
Sky Is The Limit,389.0,begSP,-inf,194.0239479,191.0,213.0,213.0,2.0,991370.0,1000000.0,163.0,84.0,71.0,0.0
Get Back Up!,413.0,begSP,-inf,240.5019931,232.0,258.0,258.0,2.0,998099.0,1000000.0,136.0,70.0,86.0,0.0
The Heavens Above,416.0,begSP,-inf,245.5341218,240.0,267.0,267.0,3.0,992564.0,1000000.0,93.0,47.0,89.0,4.0
Private Eye,423.0,begSP,-inf,206.6090414,205.0,228.0,228.0,2.0,990218.0,1000000.0,310.0,175.0,76.0,0.0
Find You Again,432.0,begSP,-inf,186.2660091,183.0,204.0,204.0,3.0,989779.0,1000000.0,127.0,64.0,68.0,6.0
Until the End,447.0,begSP,-inf,299.8050917,297.0,330.0,330.0,3.0,990884.0,1000000.0,122.0,62.0,110.0,0.0
BAD GIRLS,473.0,begSP,-inf,136.616298,129.0,144.0,144.0,2.0,999106.0,1000000.0,38.0,20.0,48.0,0.0
WILD SIDE,499.0,begSP,-inf,291.6284505,288.0,321.0,321.0,3.0,990493.0,1000000.0,135.0,71.0,107.0,0.0
Burst The Gravity,503.0,begSP,-inf,237.8355084,232.0,258.0,258.0,2.0,993032.0,1000000.0,48.0,24.0,86.0,5.0
折れないハート,505.0,begSP,-inf,175.0294118,159.0,177.0,177.0,2.0,999980.0,1000000.0,34.0,17.0,59.0,0.0
LOVE &amp; JOY -Risk Junk MIX-,540.0,begSP,-inf,394.5100326,369.0,411.0,411.0,3.0,981045.0,1000000.0,41.0,26.0,137.0,0.0
Choo Choo TRAIN,543.0,begSP,-inf,129.2197493,126.0,141.0,141.0,1.0,987873.0,1000000.0,38.0,20.0,47.0,1.0
Mickey Mouse March(Eurobeat Version),544.0,begSP,-inf,182.8766297,175.0,195.0,195.0,2.0,999671.0,1000000.0,40.0,24.0,65.0,0.0
LoveLove DokiDoki,594.0,begSP,-inf,264.4966895,253.0,282.0,282.0,2.0,999075.0,1000000.0,114.0,60.0,94.0,0.0
B4U (The Acolyte mix),1047.0,begSP,-inf,194.4022451,183.0,204.0,204.0,2.0,999299.0,1000000.0,91.0,47.0,68.0,1.0
I'm Flying Away,1048.0,begSP,-inf,200.0011978,191.0,213.0,213.0,2.0,997742.0,1000000.0,101.0,53.0,71.0,2.0
&#9825;Drive My Heart&#9825;,1056.0,begSP,-inf,204.9471399,197.0,219.0,219.0,2.0,997410.0,1000000.0,138.0,71.0,73.0,2.0
Surface,1061.0,begSP,-inf,130.6025289,126.0,141.0,141.0,1.0,998649.0,1000000.0,138.0,69.0,47.0,0.0
I WANT YOUR LOVE (Darwin remix),1083.0,begSP,-inf,162.9748016,156.0,174.0,174.0,2.0,999846.0,1000000.0,98.0,63.0,58.0,0.0
I WANT YOUR LOVE (Darwin remix),1083.0,BSP,-inf,315.618359,297.0,330.0,330.0,4.0,999686.0,1000000.0,140.0,70.0,110.0,0.0
Mess With My Emotions,1084.0,begSP,-inf,63.7475883,62.0,69.0,69.0,1.0,998573.0,1000000.0,135.0,89.0,23.0,0.0
Wuv U,1114.0,begSP,-inf,287.1793516,272.0,303.0,303.0,3.0,997069.0,1000000.0,87.0,44.0,101.0,1.0
Come Back to Me (Feel It),1124.0,begSP,-inf,230.7195813,221.0,246.0,246.0,3.0,996480.0,1000000.0,119.0,62.0,82.0,4.0
STAY (Joey Riot remix),1132.0,begSP,-inf,175.962963,159.0,177.0,177.0,2.0,999990.0,1000000.0,81.0,52.0,59.0,1.0
We Will Live Together,1134.0,begSP,-inf,218.3402913,207.0,231.0,231.0,2.0,998031.0,1000000.0,80.0,50.0,77.0,0.0
little steps,1160.0,begSP,-inf,284.537834,267.0,297.0,297.0,3.0,999656.0,1000000.0,70.0,37.0,99.0,1.0
On the Night of a Still Wind,1161.0,begSP,-inf,240.6827313,232.0,258.0,258.0,3.0,996946.0,1000000.0,67.0,37.0,86.0,0.0
Phlox,1168.0,begSP,-inf,269.439158,259.0,288.0,288.0,4.0,995979.0,1000000.0,100.0,54.0,96.0,8.0
JUST BELIEVE,1170.0,begSP,-inf,141.5864009,135.0,150.0,150.0,2.0,999241.0,1000000.0,65.0,34.0,50.0,2.0
LOVE SHINE (Body Grooverz 2006 mix),1171.0,begSP,-inf,203.1712412,191.0,213.0,213.0,3.0,999263.0,1000000.0,67.0,34.0,71.0,2.0
Ability,1175.0,begSP,-inf,154.1642645,153.0,171.0,171.0,2.0,976653.0,1000000.0,102.0,54.0,57.0,3.0
SOUVENIR,1176.0,begSP,-inf,202.4864643,194.0,216.0,216.0,2.0,998946.0,1000000.0,78.0,47.0,72.0,4.0
Racing with Time (NAOKI's 999 remix),1190.0,begSP,-inf,181.673749,172.0,192.0,192.0,2.0,999505.0,1000000.0,66.0,37.0,64.0,2.0
SAY A PRAYER,1191.0,begSP,-inf,129.2811068,126.0,141.0,141.0,2.0,993675.0,1000000.0,46.0,24.0,47.0,0.0
Chromatic Burst,1199.0,begSP,-inf,125.8168523,124.0,138.0,138.0,1.0,992087.0,1000000.0,65.0,34.0,46.0,0.0
千客万来☆無問題！,1244.0,begSP,-inf,261.3265306,245.0,273.0,273.0,3.0,999883.0,1000000.0,49.0,25.0,91.0,0.0
走れメロンパン,1247.0,begSP,-inf,156.9318182,143.0,159.0,159.0,2.0,999979.0,1000000.0,44.0,22.0,53.0,0.0
melody H4CKER,1260.0,begSP,-inf,191.8040016,180.0,201.0,201.0,2.0,998942.0,1000000.0,26.0,13.0,67.0,4.0
